James Blunt - Goodbye My Lover (Official Music Video),https://www.youtube.com/watch?v=wVyggTKDcOE,James Blunt,2016-06-25 08:05:38,2006-09-21 10:06:18
Basshunter - Vi sitter i ventrilo och spelar DotA,https://www.youtube.com/watch?v=aTJncWndUB8,Extensive Music Underground,2016-10-25 10:50:55,2006-09-12 22:06:43
trance-memories,https://www.youtube.com/watch?v=Js_yFp1wXXw,091330001,2018-02-28 13:13:47,2006-12-19 04:42:14
Red Hot Chili Peppers - Snow (Hey Oh) (Official Music Video),https://www.youtube.com/watch?v=yuFI5KSPAt4,Red Hot Chili Peppers,2018-03-28 12:51:35,2006-12-12 20:21:21
DJ Dean - If I Could Be You (DJ Carfil Remix) [videoclip],https://www.youtube.com/watch?v=KONAhbOx28k,Portugal Harder Styles,2019-01-10 19:37:19,2006-12-29 15:56:48
Dj Toxic- Secret Melody,https://www.youtube.com/watch?v=JF0a5aoEGsw,greekmasterflex,2019-07-10 18:39:50,2006-12-26 07:55:00
PLUMMET - DAMAGED,https://www.youtube.com/watch?v=bDuSnrOUfw0,BOOMGIRL20,2020-01-21 14:53:11,2006-12-26 11:53:49
Starsplash - Hardstyle My Style,https://www.youtube.com/watch?v=qzvpixScyUQ,VisousSupra,2020-06-22 07:19:37,2006-12-07 02:07:04
DJ Hixxy - I See The Light,https://www.youtube.com/watch?v=jl8pkyrYMoI,chimpassfun,2020-07-28 19:44:07,2006-10-16 19:21:13
Future Trance United - Face 2 Face (Special D Videomix),https://www.youtube.com/watch?v=sDvoHwiP1EI,VisousSupra,2021-02-02 09:08:02,2006-12-05 14:18:28
promised land (squad e remix) access 3,https://www.youtube.com/watch?v=NlamWfSBqK4,Luke S,2022-06-11 19:56:29,2006-11-30 04:56:36
