Dj Mangoo  -  eurodancer,https://www.youtube.com/watch?v=03dJHrLdVl0,assassin376,2016-02-04 17:53:18,2007-08-15 07:17:45
Numb (Official Music Video) [4K UPGRADE] – Linkin Park,https://www.youtube.com/watch?v=kXYiU_JCYtU,Linkin Park,2016-07-07 12:45:42,2007-03-05 08:12:00
James Blunt - 1973 (Official Music Video),https://www.youtube.com/watch?v=uWeqeQkjLto,James Blunt,2017-06-16 06:04:37,2007-08-13 09:45:45
Basshunter - Now You're Gone | Ministry of Sound,https://www.youtube.com/watch?v=IgFwiCApH7E,Ministry of Sound,2017-10-23 18:31:59,2007-11-22 21:50:22
DJ Splash This Is My Life,https://www.youtube.com/watch?v=zyBDF2hgqcc,bmw325noturbo,2018-01-23 20:33:29,2007-03-13 17:30:35
Castle in the Sky - DJ Satomi,https://www.youtube.com/watch?v=K-PdbfkA7LM,thecheatschklet,2018-02-16 19:17:56,2007-12-02 02:48:06
East Clubbers - Drop,https://www.youtube.com/watch?v=Gq_HSShmVoY,MentaLNight,2018-02-25 20:21:59,2007-05-19 22:05:47
Trance Remixed-Where is the Love,https://www.youtube.com/watch?v=5BHrQhCJWVI,091330001,2018-02-26 13:26:10,2007-01-14 20:30:46
DJ Splash - Bass Is Kicking (REMIX),https://www.youtube.com/watch?v=mGlg0md2J0E,MentaLNight,2018-02-28 18:01:34,2007-05-19 21:15:01
Dj Raaban - Can You Feel It,https://www.youtube.com/watch?v=1JW_AosujrY,Nightcor3,2018-03-01 19:25:20,2007-10-20 14:30:17
Dj Toy - It's Just A Dream,https://www.youtube.com/watch?v=saBpfy5E32o,xLizzieISH,2018-03-03 21:18:42,2007-07-11 00:30:33
Showtek - Colours of the Harder Style,https://www.youtube.com/watch?v=raZULp3qhjE,Tool8m8,2018-03-30 19:24:39,2007-06-29 23:53:13
Trance-hoppesangen,https://www.youtube.com/watch?v=U23gBpQvodo,091330001,2018-03-30 19:32:24,2007-06-13 22:09:11
Dj Raaban - Drop The Base,https://www.youtube.com/watch?v=kJxQ0zGYcMM,Nightcor3,2018-06-20 19:26:40,2007-10-20 14:13:54
Dj Satomi - Waves,https://www.youtube.com/watch?v=EYSYLt14miM,unwrittenmelody15,2018-06-20 19:33:50,2007-10-23 00:28:40
Jiieehaaaa   Diss Reaction,https://www.youtube.com/watch?v=gMRCSTFkVnk,Stefan Krüger,2018-07-16 20:10:54,2007-11-19 05:18:12
scope dj - lockdown,https://www.youtube.com/watch?v=OdnKiNhIZYg,akkoordion,2018-07-19 18:21:42,2007-10-19 14:13:40
Southstylers - Pounding Senses (deeper inside mix),https://www.youtube.com/watch?v=6BaysTL48SQ,0Jurrien0,2018-10-25 10:24:36,2007-09-27 17:46:53
Korsakoff - PowerRave,https://www.youtube.com/watch?v=4bRm00JILWQ,Hcoregozah,2018-10-25 20:05:08,2007-06-17 17:26:26
Darren Styles - Save Me (Original Mix),https://www.youtube.com/watch?v=zAwh1h4iD3s,SteveAATW,2019-01-01 20:56:36,2007-06-07 16:52:00
DJ Dean - If I Could Be You,https://www.youtube.com/watch?v=ZhXQiAj9bPA,windbluemchen,2019-01-10 19:36:29,2007-09-02 00:47:16
East Clubbers - Happy,https://www.youtube.com/watch?v=Hmd0SRTmDRU,MentaLNight,2019-02-10 14:04:06,2007-05-20 18:00:15
What I've Done [Official Music Video] - Linkin Park,https://www.youtube.com/watch?v=8sgycukafqQ,Linkin Park,2019-06-20 09:50:55,2007-04-03 21:06:19
Dj Paul Elstak - Luv You More,https://www.youtube.com/watch?v=ISmmZiuMxyo,Back Catalogue,2019-07-10 19:13:38,2007-03-29 08:03:51
Sylver-forgiven,https://www.youtube.com/watch?v=otRnb4DJQXI,KaTKiNzZ,2020-01-20 19:47:57,2007-09-14 12:06:21
INFERNAL - From Paris to Berlin,https://www.youtube.com/watch?v=THt5u-i2d9k,infernalworld,2020-02-01 20:55:42,2007-01-31 15:01:52
East  Clubbers -- Silence,https://www.youtube.com/watch?v=WmIcXjuCH_4,SZakuu,2020-02-27 14:06:50,2007-12-03 12:44:55
DJ Splash Trip To Paradise,https://www.youtube.com/watch?v=T7CD17zJW2A,bmw325noturbo,2020-02-27 19:12:32,2007-03-13 17:36:56
Dj carpi - the garden,https://www.youtube.com/watch?v=kJTl9QtX-kc,LouisNp,2020-03-16 16:03:50,2007-05-27 21:45:34
2 Brothers on the 4th floor - Dreams (Will come alive) 1994,https://www.youtube.com/watch?v=Lk3lQRmIkoM,adycon,2020-03-20 08:46:33,2007-04-30 18:26:42
Darren Styles - Dropzone (Bonkers Mix),https://www.youtube.com/watch?v=TyTNtxMvI4A,ilightz,2020-04-02 08:55:39,2007-12-14 22:32:07
Frederico Franchi - cream,https://www.youtube.com/watch?v=KyyxDayTvLo,stevycrockett,2020-04-27 17:27:33,2007-02-27 12:35:44
David Guetta vs The Egg -  Love don't let me go / Walking away (Official Video),https://www.youtube.com/watch?v=L0VmaJsPWbY,David Guetta,2020-04-27 17:40:32,2007-05-23 11:00:54
David Guetta & Chris Willis - Love Is Gone (Official Video),https://www.youtube.com/watch?v=beGjncfEPt8,David Guetta,2020-04-27 17:41:59,2007-06-14 08:39:10
David Guetta - The World is Mine (Official Video),https://www.youtube.com/watch?v=13EsiCjsssY,David Guetta,2020-04-27 17:46:29,2007-05-23 13:37:30
"David Guetta - People Come, People go (Official Video)",https://www.youtube.com/watch?v=ZtallP_A_HY,David Guetta,2020-04-27 17:52:54,2007-05-23 12:47:58
This World - Slam,https://www.youtube.com/watch?v=jyTiTtwPor0,Disbamboo,2020-04-28 17:02:12,2007-03-01 03:06:32
Wamdue Project - King of My Castle (Official HD Video),https://www.youtube.com/watch?v=DXSyQjppqG0,Strictly Rhythm,2020-05-04 13:40:16,2007-06-26 01:14:30
Bass Rockers Vs DJ Pedros-6 Little Eggs (Tom Van Beat Remix),https://www.youtube.com/watch?v=sRDgwCXxfDU,Zakiei,2020-05-17 20:37:54,2007-12-17 17:51:38
LASGO - Alone  (OFFICIAL VIDEO),https://www.youtube.com/watch?v=dguyGKl6oCg,lasgoofficial,2020-05-19 12:59:21,2007-09-01 10:15:03
INFERNAL - Self Control,https://www.youtube.com/watch?v=xhE632UeaX8,infernalworld,2020-05-27 11:08:36,2007-01-31 14:42:32
Dune - Can't Stop Raving,https://www.youtube.com/watch?v=5KJ__06kyxs,shet285,2020-06-05 15:41:31,2007-09-06 06:41:26
you and i (alex k),https://www.youtube.com/watch?v=6mvuoCzOI_k,mzd0nk,2020-06-25 20:57:29,2007-01-26 15:10:03
Discotronic -Tricky Disco,https://www.youtube.com/watch?v=4m9vlfmjDqM,jonboy1745,2020-06-29 21:20:50,2007-08-03 18:41:05
DrunkenMunky - E,https://www.youtube.com/watch?v=aT8Ih5k4G94,pawel20040,2020-06-29 21:21:47,2007-10-18 03:09:32
Master Blaster - How Old Are You,https://www.youtube.com/watch?v=N9MFVmIHgds,Samition,2020-06-29 21:24:46,2007-04-27 21:45:45
Topmodelz - Your Love,https://www.youtube.com/watch?v=RONH0w6vFYc,Coolio1402,2020-06-29 21:56:50,2007-09-23 16:45:30
D-Block & S-Te-Fan Ft. MC Villain - Keep it Coming,https://www.youtube.com/watch?v=VjbCoOSlwCw,Niek Reuvekamp,2020-07-31 09:31:12,2007-06-14 12:00:19
dj coone - words from the gang (D-Block & S-Te-Fan Remix),https://www.youtube.com/watch?v=XoGzNecmR9U,meeusentoon,2020-07-31 11:18:01,2007-11-11 16:10:53
2playa2 - Tune,https://www.youtube.com/watch?v=kOAxRNag_mI,Henry Blanco,2020-07-31 13:23:55,2007-10-11 16:38:50
Dark Oscillators - Stereophobia,https://www.youtube.com/watch?v=7V9Ove3vKxQ,slipknoter92,2020-07-31 13:53:15,2007-12-22 20:01:27
Deepforces - Danger (Hardstyle),https://www.youtube.com/watch?v=wlSjXxyDEFU,willads jørgensen,2020-07-31 18:32:09,2007-08-23 13:19:48
dj hixxy- like a shooting star,https://www.youtube.com/watch?v=4wpifScnTn0,Sjoerd Hoogland,2020-08-24 20:43:18,2007-05-07 19:06:36
Ian Van Dahl - Try  (OFFICIAL VIDEO),https://www.youtube.com/watch?v=n0XE1D4YmyM,ianvandahlOFFICIAL,2020-10-03 12:31:07,2007-09-01 11:40:03
Ian Van Dahl - Where Are You Now   (OFFICIAL VIDEO),https://www.youtube.com/watch?v=Frj0EEExf00,ianvandahlOFFICIAL,2020-10-03 13:06:47,2007-09-01 12:17:13
Mauro Picotto - Komodo,https://www.youtube.com/watch?v=pn73q9l3ILw,Ant,2020-12-21 09:38:37,2007-01-29 21:53:07
One More Night- Cascada,https://www.youtube.com/watch?v=C854fFFkO7Y,xlittoxmizzxnotty,2020-12-26 13:01:27,2007-02-11 13:40:38
Kim Sozzi - Break Up (Cascada Remix),https://www.youtube.com/watch?v=73mdtaFa5ds,Ultra Records,2020-12-26 21:32:36,2007-07-03 14:34:06
DanceCore Allstars - When The Sun Comes Out,https://www.youtube.com/watch?v=RYxlF5QCftI,Remixr0206,2020-12-27 17:02:35,2007-11-21 18:50:09
Manian ft. Alia - Heaven (Official Video),https://www.youtube.com/watch?v=5TKYF5cNGHw,SteveAATW,2021-02-01 20:25:15,2007-06-20 01:18:41
~DHT - Listen To Your Heart (DJ MANIAN REMIX)~,https://www.youtube.com/watch?v=atSiGw95Th0,Linkette,2021-02-01 20:26:37,2007-06-23 18:55:00
Dj Shog - Stranger on This Planet,https://www.youtube.com/watch?v=eYbrQ60cpeo,Jan Szymkowiak,2021-02-01 20:29:15,2007-07-08 14:23:49
DJ Splash Flying High(original),https://www.youtube.com/watch?v=sMagzXrtvyU,bmw325noturbo,2021-02-01 20:33:45,2007-04-22 10:29:39
DCX - Flying High dj splash remix,https://www.youtube.com/watch?v=Z4tjEB8aIw4,bmw325noturbo,2021-02-01 20:35:24,2007-03-21 19:55:39
Cascada - Big Bad Love,https://www.youtube.com/watch?v=7YFFr9dp0lQ,cascada2k7,2021-04-01 11:20:46,2007-05-24 20:24:22
Springbreak - Big Bad Love,https://www.youtube.com/watch?v=xKgY6kBiUTQ,viking553,2021-04-01 11:21:16,2007-06-02 08:02:46
Basic Element - To You,https://www.youtube.com/watch?v=jaQ8HyA33O0,mullepulle,2022-04-17 12:39:44,2007-03-12 21:56:15
Shaun Baker - Power,https://www.youtube.com/watch?v=K6rTtsA0ZEM,sebastianwolter,2023-01-30 08:45:15,2007-09-25 08:30:19
