L'Amour Toujour [Techno Remix],https://www.youtube.com/watch?v=3xXzLsr1j4E,IwanMaurerxXx,2015-09-20 07:01:03,2009-12-23 21:29:11
Imogen Heap - Hide And Seek (Official Video),https://www.youtube.com/watch?v=UYIAfiVGluk,ImogenHeapVEVO,2016-01-02 15:09:03,2009-10-25 07:11:06
Jason Derulo - Whatcha Say [Official Music Video],https://www.youtube.com/watch?v=pBI3lc18k8Q,Jason Derulo,2016-01-09 15:59:55,2009-10-16 05:21:19
Replay [Official Music Video] - Iyaz,https://www.youtube.com/watch?v=ZoG5jJ3E8rg,iyazlive,2016-01-09 16:12:02,2009-12-15 05:17:51
OneRepublic - All The Right Moves (Official Music Video),https://www.youtube.com/watch?v=qrOeGCJdZe4,OneRepublicVEVO,2016-01-09 16:23:44,2009-11-26 01:47:27
Britney Spears - Gimme More (Official HD Video),https://www.youtube.com/watch?v=elueA2rofoo,BritneySpearsVEVO,2016-03-05 09:06:24,2009-10-25 07:10:44
Timbaland - Apologize ft. OneRepublic,https://www.youtube.com/watch?v=ZSM3w1v-A_Y,TimbalandVEVO,2016-03-05 09:47:55,2009-06-17 05:20:38
Nickelback - How You Remind Me,https://www.youtube.com/watch?v=1cQh1ccqu8M,Nickelback,2016-03-05 09:49:14,2009-10-27 02:06:28
Nickelback - Someday,https://www.youtube.com/watch?v=-VMFdpdDYYA,Nickelback,2016-03-05 09:50:19,2009-10-27 02:06:28
P!nk - Funhouse (Official Video),https://www.youtube.com/watch?v=Jdjtqu3XK4U,PinkVEVO,2016-03-05 09:51:46,2009-10-25 20:16:39
Inna - Hot (Official Video HD),https://www.youtube.com/watch?v=Vh_3zdmaHbk,Kontor.TV,2016-03-05 09:52:43,2009-11-23 14:34:52
Milow - Ayo Technology (Official Music Video),https://www.youtube.com/watch?v=DE9IchvpOPk,Radial by The Orchard,2016-03-05 09:53:12,2009-04-18 21:06:33
Britney Spears - 3 (Official HD Video),https://www.youtube.com/watch?v=oTs6oQx1WJY,BritneySpearsVEVO,2016-03-10 11:48:20,2009-11-14 16:02:23
Lady Gaga - Poker Face (Official Music Video),https://www.youtube.com/watch?v=bESGLojNYSo,LadyGagaVEVO,2016-04-13 17:42:13,2009-12-20 03:05:36
P!nk - So What (Official Video),https://www.youtube.com/watch?v=FJfFZqTlWrQ,PinkVEVO,2016-04-13 17:49:07,2009-10-25 07:03:43
Miley Cyrus - Party In The U.S.A. (Official Video),https://www.youtube.com/watch?v=M11SvDtPBhA,HollywoodRecordsVEVO,2016-04-13 17:55:16,2009-09-25 22:56:39
Lily Allen | Not Fair (Official Audio),https://www.youtube.com/watch?v=Xfv52SEgCNA,Lily Allen,2016-05-07 06:05:12,2009-02-11 17:27:04
"Jay Sean - Do You Remember ft. Sean Paul, Lil Jon",https://www.youtube.com/watch?v=a81eP2E8MEQ,JaySeanVEVO,2016-05-07 07:17:01,2009-12-11 04:23:23
Jay Sean - Down ft. Lil Wayne (Official Music Video) ft. Lil Wayne,https://www.youtube.com/watch?v=oUbpGmR1-QM,JaySeanVEVO,2016-05-07 07:17:32,2009-11-24 17:29:47
Cheryl Cole - Fight For This Love,https://www.youtube.com/watch?v=4umc87T5UMs,CherylVEVO,2016-05-07 07:19:14,2009-12-01 22:48:08
Cobra Starship: Good Girls Go Bad ft. Leighton Meester [OFFICIAL VIDEO],https://www.youtube.com/watch?v=Ix5z1bRz4Sc,Fueled By Ramen,2016-05-07 07:19:29,2009-07-07 14:38:36
Beyoncé - Halo,https://www.youtube.com/watch?v=bnVUHWCynig,BeyoncéVEVO,2016-05-07 07:19:57,2009-10-03 20:59:40
Kelly Clarkson - My Life Would Suck Without You,https://www.youtube.com/watch?v=cRM70Jw7F4M,kellyclarksonVEVO,2016-05-07 07:20:51,2009-10-03 04:36:07
Akon - Right Now (Na Na Na) (Official Video),https://www.youtube.com/watch?v=vIaH35-MLsk,AkonVEVO,2016-05-07 07:21:26,2009-12-13 22:06:50
Flo Rida - Right Round (feat. Ke$ha) [US Version] (Official Video),https://www.youtube.com/watch?v=CcCw1ggftuQ,Flo Rida,2016-05-07 07:21:34,2009-12-12 04:43:21
The Pussycat Dolls - I Hate This Part (Official Music Video),https://www.youtube.com/watch?v=S97MaG3kOMY,ThePussycatDollsVEVO,2016-05-17 12:00:32,2009-12-20 04:43:23
MIKA - Happy Ending (Long Version) (Official Music Video),https://www.youtube.com/watch?v=oFkSMHle8-M,MIKAVEVO,2016-05-17 12:03:43,2009-11-23 23:15:32
Rihanna - Don't Stop The Music,https://www.youtube.com/watch?v=yd8jh9QYfEs,RihannaVEVO,2016-07-01 21:25:59,2009-11-21 12:54:44
Eric Prydz - Pjanoo,https://www.youtube.com/watch?v=llfNRGQ7Tlg,Embassy One,2016-07-01 21:27:48,2009-02-04 10:53:47
Ke$ha - TiK ToK (Official HD Video),https://www.youtube.com/watch?v=iP6XpLQM2Cs,keshaVEVO,2016-07-06 18:45:37,2009-11-14 13:10:59
Lady Gaga - Just Dance (Official Music Video) ft. Colby O'Donis,https://www.youtube.com/watch?v=2Abk1jAONjw,LadyGagaVEVO,2016-07-06 18:46:22,2009-06-17 05:18:32
Rihanna - Umbrella (Orange Version) (Official Music Video) ft. JAY-Z,https://www.youtube.com/watch?v=CvBfHwUxHIk,RihannaVEVO,2016-07-06 18:48:14,2009-12-14 03:28:47
Fergie - Big Girls Don't Cry (Personal) (Official Music Video),https://www.youtube.com/watch?v=agrXgrAgQ0U,FergieVEVO,2016-07-06 18:48:32,2009-12-20 06:05:20
Daniel Powter - Bad Day (Official Music Video) [HD],https://www.youtube.com/watch?v=gH476CxJxfg,Daniel Powter,2016-07-06 18:49:01,2009-10-27 02:01:38
"Shakira - Whenever, Wherever (Official HD Video)",https://www.youtube.com/watch?v=weRHyjj34ZE,shakiraVEVO,2016-07-06 18:49:22,2009-10-03 20:24:15
The All-American Rejects - Gives You Hell (Official Music Video),https://www.youtube.com/watch?v=uxUATkpMQ8A,AllAmericanRjctsVEVO,2016-07-07 12:51:12,2009-10-08 10:14:15
Evanescence - Bring Me To Life (Official Music Video),https://www.youtube.com/watch?v=3YxaaGgTQYM,EvanescenceVEVO,2016-07-07 12:54:35,2009-12-02 09:44:34
Snow Patrol - Chasing Cars (Official Video),https://www.youtube.com/watch?v=GemKqzILV4w,SnowPatrolVEVO,2016-07-10 20:32:27,2009-06-26 19:34:29
Christina Aguilera - Fighter (Official HD Video),https://www.youtube.com/watch?v=PstrAfoMKlc,CAguileraVEVO,2016-08-18 17:06:08,2009-11-18 01:20:05
Lady Gaga - Bad Romance (Official Music Video),https://www.youtube.com/watch?v=qrO4YZeyl0I,LadyGagaVEVO,2016-08-18 17:21:43,2009-11-24 08:15:30
Ne-Yo - Closer (Official Music Video),https://www.youtube.com/watch?v=z_aC5xPQ2f4,NeYoVEVO,2016-09-09 19:07:40,2009-11-30 08:50:19
Fergie - Glamorous ft. Ludacris,https://www.youtube.com/watch?v=q0SyUgw98tE,FergieVEVO,2016-09-17 08:01:07,2009-06-16 22:44:13
Robyn - With Every Heartbeat,https://www.youtube.com/watch?v=smKf_cQCdeo,RobynVEVO,2016-09-17 08:24:05,2009-11-01 09:06:39
"Train - Hey, Soul Sister (Official Video)",https://www.youtube.com/watch?v=kVpv8-5XWOI,TrainVEVO,2016-09-17 08:30:33,2009-11-14 14:32:17
The Black Eyed Peas - I Gotta Feeling (Official Music Video),https://www.youtube.com/watch?v=uSD4vsh1zDA,BlackEyedPeasVEVO,2016-10-25 21:41:21,2009-12-23 22:04:16
Kid Cudi vs. Crookers - Day 'n' Night (Official Video),https://www.youtube.com/watch?v=WSWrepLjTKc,Embassy One,2016-11-05 19:59:47,2009-02-04 12:24:45
Kid Cudi - Pursuit Of Happiness (Official Music Video) ft. MGMT,https://www.youtube.com/watch?v=7xzU9Qqdqww,KidCudiVEVO,2016-11-05 20:01:43,2009-12-08 19:06:45
Taylor Swift - You Belong With Me,https://www.youtube.com/watch?v=VuNIsY6JdUw,TaylorSwiftVEVO,2016-11-26 08:50:23,2009-06-16 22:02:30
"Akon - Beautiful (Official Music Video) ft. Colby O'Donis, Kardinal Offishall",https://www.youtube.com/watch?v=rSOzN0eihsE,AkonVEVO,2016-11-26 08:53:30,2009-06-16 22:47:04
Enrique Iglesias - Takin' Back My Love feat. Ciara,https://www.youtube.com/watch?v=w55Nib4uf1U,Enrique Iglesias,2016-11-26 08:54:10,2009-02-20 21:39:04
Kanye West - Heartless,https://www.youtube.com/watch?v=Co0tTeuUVhU,KanyeWestVEVO,2017-02-10 05:48:48,2009-06-16 22:31:44
Blue Foundation - Eyes On Fire (Zeds Dead Remix),https://www.youtube.com/watch?v=IUGzY-ihqWc,UKF Dubstep,2017-04-20 11:56:17,2009-10-22 17:29:23
Kanye West - Stronger,https://www.youtube.com/watch?v=PsO6ZnUZI0g,KanyeWestVEVO,2017-05-26 20:56:42,2009-06-17 01:25:29
Akon - Smack That (Official Music Video) ft. Eminem,https://www.youtube.com/watch?v=bKDdT_nyP54,AkonVEVO,2017-06-16 06:10:36,2009-12-13 21:59:31
"Timbaland - The Way I Are (Official Music Video) ft. Keri Hilson, D.O.E., Sebastian",https://www.youtube.com/watch?v=U5rLz5AZBIA,TimbalandVEVO,2017-06-16 06:12:00,2009-06-17 05:34:31
"Novaspace ""beds are burning""",https://www.youtube.com/watch?v=t7w0K5Ey6iE,KonsumRecords,2017-08-05 11:27:15,2009-12-17 19:45:38
Edward Maya & Vika Jigulina - Stereo Love (Official Music Video),https://www.youtube.com/watch?v=p-Z3YrHJ1sU,Spinnin' Records,2017-08-17 20:09:26,2009-08-31 16:08:43
Mt Eden Dubstep - Prodigy : Omen (Bootleg),https://www.youtube.com/watch?v=_Pyn87oJIlg,Mt Eden Official,2017-11-21 20:27:36,2009-09-24 08:05:58
Nelly Furtado - All Good Things (Come To An End) (US Version) (Official Music Video),https://www.youtube.com/watch?v=4pBo-GL9SRg,NellyFurtadoVEVO,2017-12-04 18:21:59,2009-06-16 21:45:00
Dido - White Flag (Official Video),https://www.youtube.com/watch?v=j-fWDrZSiZs,DidoVEVO,2017-12-22 13:33:49,2009-10-03 04:23:30
Manian - Ravers Fantasy (Official Video HD),https://www.youtube.com/watch?v=0RrtY2lpf40,Zooland.TV,2018-01-20 08:39:23,2009-05-06 16:08:56
Anastacia - Left Outside Alone (Music Video),https://www.youtube.com/watch?v=uzR5jM9UeJA,AnastaciaVEVO,2018-02-23 17:02:36,2009-11-24 14:16:33
t.A.T.u. - All The Things She Said (Official Music Video),https://www.youtube.com/watch?v=8mGBaXPlri8,tATuVEVO,2018-02-23 17:06:31,2009-12-24 17:45:51
P!NK - U + Ur Hand,https://www.youtube.com/watch?v=YUtHjOvPKT0,PinkVEVO,2018-02-26 16:43:07,2009-10-25 07:04:36
Enrique Iglesias - Can You Hear Me,https://www.youtube.com/watch?v=sKwG5SM8sKk,EnriqueIglesiasVEVO,2018-02-26 21:37:15,2009-12-20 04:42:46
Special D - Come With Me (Official Video HQ),https://www.youtube.com/watch?v=aUyFZ0nL4TY,Kontor.TV,2018-03-01 19:32:00,2009-02-27 15:29:53
My Odyssey - By Scarf,https://www.youtube.com/watch?v=QpJZXpMWA2k,BlitzedBitc bitc,2018-03-01 19:33:42,2009-07-16 21:00:36
Bob Sinclar - Love Generation (Official Video),https://www.youtube.com/watch?v=v0NSeysrDYw,Embassy One,2018-03-01 22:18:04,2009-02-04 10:43:08
Scooter - J'adore Hardcore (EXTENDED VIDEO MIX) (Official Video HD),https://www.youtube.com/watch?v=_eNxZN3oquw,Kontor.TV,2018-03-10 16:00:10,2009-08-14 06:43:43
HeadHunterz - End of my Existence,https://www.youtube.com/watch?v=tCRwDTdD-PY,Min3rBoi1Leeeee,2018-03-14 07:30:37,2009-01-07 06:19:06
Scooter - Friends (Official Video HQ),https://www.youtube.com/watch?v=1r-bWx3WZfQ,Kontor.TV,2018-03-22 16:36:39,2009-02-23 13:20:06
Boom - How Do You Do (Official UK Version),https://www.youtube.com/watch?v=Xl79bqBieT4,Ministry of Sound,2018-03-22 16:46:28,2009-04-02 15:21:22
Florence + The Machine - You've Got the Love,https://www.youtube.com/watch?v=PQZhN65vq9E,FlorenceMachineVEVO,2018-03-26 17:02:50,2009-12-25 05:58:04
Limp Bizkit-Behind Blue Eyes (Full-Version),https://www.youtube.com/watch?v=MbaN_c5NWNU,laric2,2018-03-30 16:28:10,2009-05-07 19:15:44
Scooter vs Status Quo - Jump That Rock (Whatever You Want),https://www.youtube.com/watch?v=H0DTm_bWEjs,Kontor.TV,2018-03-30 18:59:09,2009-02-18 12:58:51
Trance - Le,https://www.youtube.com/watch?v=EfFsGMnPZhQ,SDMarcTrance,2018-03-30 19:27:23,2009-09-28 02:17:51
Trance - The Norwegian Explosion,https://www.youtube.com/watch?v=qHOT-tgu4AU,TranceHarmo,2018-03-30 19:31:58,2009-10-18 14:19:29
Bass Up - Hold Me Back,https://www.youtube.com/watch?v=7Q-0Zdi7vxk,Raveshakerz,2018-03-30 19:33:05,2009-12-05 14:51:57
Mt Eden Dubstep - Sarah McLachlan: Silence,https://www.youtube.com/watch?v=Nymjfq2kXnI,Mt Eden Official,2018-03-30 19:43:49,2009-06-12 09:12:04
t.A.T.u. - All About Us (Official Uncensored Video),https://www.youtube.com/watch?v=6yP4Nm86yk0,tATuVEVO,2018-04-07 06:19:56,2009-06-17 01:26:36
Technoboy - Ti Sento (Original Mix)(HQ),https://www.youtube.com/watch?v=bmaTESu10rY,deroon01,2018-04-14 10:41:18,2009-02-26 18:28:19
P!nk - Please Don't Leave Me (Official Video),https://www.youtube.com/watch?v=eocCPDxKq1o,PinkVEVO,2018-04-24 16:23:16,2009-10-25 07:05:39
"Brennan Heart - Musical Impressions (HD,HQ)",https://www.youtube.com/watch?v=UA-PXrXtwVw,xxCyNeXT,2018-04-29 15:47:05,2009-07-17 17:05:40
Kerli - Walking On Air,https://www.youtube.com/watch?v=wXMeZwO2qZ0,KerliVEVO,2018-04-30 10:08:17,2009-11-21 21:20:35
In The End [Official HD Music Video] - Linkin Park,https://www.youtube.com/watch?v=eVTXPUF4Oz4,Linkin Park,2018-05-16 16:46:51,2009-10-26 18:31:10
Qlimax 2009 | Blu-Ray / DVD Preview | D-Block and S-te-Fan (06/10),https://www.youtube.com/watch?v=pgt-RtI3_0Y,Q-dance,2018-05-21 16:24:13,2009-12-19 13:10:18
Little Boots - Every Little Earthquake [2009],https://www.youtube.com/watch?v=S260p7Qv_k8,UnderThisWeather,2018-06-17 19:42:52,2009-01-04 22:21:00
James Morrison - Broken Strings ft. Nelly Furtado (Official Video),https://www.youtube.com/watch?v=26PAgklYYvo,JamesMorrisonVEVO,2018-06-18 19:56:08,2009-06-26 19:28:38
Remady P&R - No Superstar (Official Music Video),https://www.youtube.com/watch?v=UsyhCe0V9HM,IDOL!NC TV,2018-06-27 17:25:24,2009-04-16 10:10:40
Master Blaster - Come Clean (Monday 2 Friday Official Video HD),https://www.youtube.com/watch?v=s6ur2Ewd-DE,Zooland.TV,2018-07-02 09:54:31,2009-09-24 20:23:01
D-Block & S-te-Fan ft. MC Villain - Sound Of Thunder,https://www.youtube.com/watch?v=6DpTx6jCf-A,H4RDTUBE,2018-07-19 18:15:40,2009-09-27 16:58:55
Showtek - Dutch Green Stuff,https://www.youtube.com/watch?v=O9caIWQLDz4,TechnoTranceDude,2018-07-19 18:25:15,2009-01-08 13:05:59
ZX Aka Zenith DJ And Avex - Infection,https://www.youtube.com/watch?v=kxBHP10L07Y,H4RDTUBE,2018-08-01 14:11:15,2009-10-28 19:32:10
D!-Saint - System,https://www.youtube.com/watch?v=V5zINCbODno,H4RDTUBE,2018-08-01 14:29:18,2009-11-21 20:27:40
Showtek - The World Is Mine,https://www.youtube.com/watch?v=NrQ5sMcEN3I,Patrick K,2018-08-04 16:23:03,2009-10-03 12:00:33
Brennan Heart - We Come And We Go,https://www.youtube.com/watch?v=k8qgeGON_zM,Patrick K,2018-08-05 14:43:26,2009-07-26 15:50:13
Hardstyle Masterz ft Max Enforcer  - Respect,https://www.youtube.com/watch?v=_0JLjQVt3Cw,H4RDTUBE,2018-08-05 15:30:51,2009-10-28 19:25:57
The R3BELS - keep the rhythm,https://www.youtube.com/watch?v=QlNxHMGSrzY,Marcel Brandt,2018-08-05 15:40:00,2009-10-31 17:17:59
SMD - Just like you,https://www.youtube.com/watch?v=eztz-JTpX6s,Patrick K,2018-08-08 09:49:51,2009-07-02 13:31:30
G-Town Madness & The Viper - Live a Lie,https://www.youtube.com/watch?v=Mpv8czHJVPQ,Lucien Bramard,2018-08-15 15:01:51,2009-08-08 12:18:19
Zanza Labs Control the Mind original mix,https://www.youtube.com/watch?v=XtJ8enwtL-U,sTEVE s,2018-08-25 15:25:24,2009-08-06 07:35:13
Evanescence - My Immortal (Official Music Video),https://www.youtube.com/watch?v=5anLPw0Efmo,EvanescenceVEVO,2018-09-10 16:57:12,2009-12-02 09:48:59
Black Velvet  -17 (+ Sõnad),https://www.youtube.com/watch?v=0dChToAIaUs,Oliver Grauberg,2018-10-29 15:50:49,2009-10-16 00:02:48
Cheryl Cole - Fight For This Love (Official Video),https://www.youtube.com/watch?v=Qr31Vhu01fc,Polydor,2018-12-02 16:38:15,2009-09-22 14:04:05
Mt Eden Dubstep - Still Alive,https://www.youtube.com/watch?v=FDYIdBZUl2Y,Mt Eden Official,2018-12-07 17:25:13,2009-04-17 02:00:54
EVO 006 D-Block & S-te-Fan ft. MC Villain - Sound Of Thunder (HQ),https://www.youtube.com/watch?v=u3W2luGKomw,Scantraxx,2019-03-06 19:33:28,2009-10-08 07:19:00
Baracuda - Damn,https://www.youtube.com/watch?v=eqI73KIYIoM,xTechnoChannelx,2019-07-11 16:09:49,2009-05-22 14:28:00
The Underdog Project - Summer Jam (DJ F.R.A.N.K.'s Summermix Short)(Official Video HD),https://www.youtube.com/watch?v=J7drvhZwPcs,Kontor.TV,2019-08-01 13:24:48,2009-07-27 13:43:50
Yeah Yeah Yeahs - Heads Will Roll (Official Music Video),https://www.youtube.com/watch?v=auzfTPp4moA,YeahYeahYeahsVEVO,2019-08-29 19:26:16,2009-11-24 11:40:18
t.A.T.u. White Robe (EN) music video,https://www.youtube.com/watch?v=Z3bCJ-rqkMw,tatu,2019-09-23 14:38:22,2009-11-30 01:01:26
Koit Toome Kaugele siit originaal versioon,https://www.youtube.com/watch?v=JAGrTyFN9Lc,KoitToomeOfficial,2019-10-18 16:02:50,2009-09-13 17:24:47
"Timbaland - Morning After Dark ft. Nelly Furtado, Soshy",https://www.youtube.com/watch?v=25LBTSUEU0A,TimbalandVEVO,2020-01-01 23:07:55,2009-12-05 07:17:08
Madonna - Hung Up (Official Video) [HD],https://www.youtube.com/watch?v=EDwb9jOVRtU,Madonna,2020-01-01 23:35:35,2009-10-27 01:58:43
Madonna - Sorry (Official Video) [HD],https://www.youtube.com/watch?v=rdccTOcX7o4,Madonna,2020-01-01 23:37:15,2009-10-27 02:02:43
"Novaspace ""time after time""",https://www.youtube.com/watch?v=SjFPypzsIWw,KonsumRecords,2020-01-02 17:37:38,2009-12-17 18:03:05
Keri Hilson - I Like (Official Music Video),https://www.youtube.com/watch?v=fpoIxKkJ1G4,KeriHilsonVEVO,2020-01-02 18:09:19,2009-12-25 08:15:33
N-Dubz Ft. Mr Hudson - Playing With Fire (Official Video),https://www.youtube.com/watch?v=S0QFLZCH3FI,NDubzVEVO,2020-01-04 18:10:29,2009-11-20 13:58:32
N-Dubz - I Need You,https://www.youtube.com/watch?v=Nxq-wCf5G8o,NDubzVEVO,2020-01-04 18:18:19,2009-09-19 20:47:23
The Black Eyed Peas - Boom Boom Pow (Official Music Video),https://www.youtube.com/watch?v=4m48GqaOz90,BlackEyedPeasVEVO,2020-01-05 14:40:22,2009-06-16 21:39:46
"Jordin Sparks, Chris Brown - No Air (Official Video) ft. Chris Brown",https://www.youtube.com/watch?v=WBKnpyoFEBo,JordinSparksVEVO,2020-01-05 15:09:29,2009-10-03 04:39:25
The Saturdays - Ego,https://www.youtube.com/watch?v=93iIib5oLOw,TheSaturdaysVEVO,2020-01-05 16:10:20,2009-12-03 07:34:56
Madonna - Celebration (Official Video),https://www.youtube.com/watch?v=lWTDR6ztcnQ,Madonna,2020-01-09 21:17:53,2009-10-14 20:35:32
Freemasons feat. Sophie Ellis-Bextor - Heartbreak (Make Me A Dancer),https://www.youtube.com/watch?v=bWkP-mt_bOk,Loaded Records,2020-01-09 21:24:36,2009-05-12 12:46:07
Skyla - Ayo Technology - Out Now,https://www.youtube.com/watch?v=lDYskJWtq1w,SteveAATW,2020-01-09 21:30:21,2009-09-17 14:55:12
Empire Of The Sun 'We Are The People' (WAWA Remix Edit),https://www.youtube.com/watch?v=DFrDXlKiGw0,Mark Bowden,2020-01-09 21:32:44,2009-05-20 09:27:47
Madonna - 4 Minutes feat. Justin Timberlake & Timbaland (Official Video) [4K],https://www.youtube.com/watch?v=aAQZPBwz2CI,Madonna,2020-01-10 14:12:34,2009-10-27 01:54:40
Darren Styles & Manian - Outta My Head (Original Mix),https://www.youtube.com/watch?v=wS_N644XWJM,SteveAATW,2020-01-10 14:51:04,2009-11-23 18:16:39
MGMT - Kids (Official HD Video),https://www.youtube.com/watch?v=fe4EK4HSPkI,MGMTVEVO,2020-01-11 15:58:06,2009-10-25 07:13:05
Scooter - Ti Sento (Official Video HQ),https://www.youtube.com/watch?v=OHtdomeOapE,Scooter,2020-01-19 13:52:33,2009-09-21 16:10:10
Armin van Buuren feat. Jennifer Rene - Fine Without You (Official Music Video),https://www.youtube.com/watch?v=m6Gt2D5mbrU,Armada Music TV,2020-02-22 13:55:14,2009-04-23 15:28:09
John O'Callaghan feat. Sarah Howells - Find Yourself (Official Music Video) [High Quality],https://www.youtube.com/watch?v=t2lav8rqK4Y,Armada Music TV,2020-02-22 14:09:28,2009-06-30 18:50:38
Trance - 009 Sound System Dreamscape (HD),https://www.youtube.com/watch?v=TKfS5zVfGBc,TradeSend,2020-02-26 19:00:21,2009-06-06 16:58:29
Trance - Power Of Pleasure (Dreamsplash Remix),https://www.youtube.com/watch?v=30slfBmpVTU,SDMarcTrance,2020-03-16 16:28:25,2009-08-23 02:55:04
DJ Shog - Another World,https://www.youtube.com/watch?v=2l0qnzppTYg,maverickr0han,2020-03-26 22:42:10,2009-09-21 16:24:16
Sunrise Avenue - Fairytale Gone Bad (Official Video),https://www.youtube.com/watch?v=OUyfQLd3bCs,SunriseAvenueVEVO,2020-03-30 17:04:53,2009-02-27 17:12:14
INNA - Deja Vu (feat. Bob Taylor) [Official Music Video],https://www.youtube.com/watch?v=zr_c5rqvSg4,Spinnin' Records,2020-04-20 19:25:15,2009-11-07 09:04:37
Starsplash - Free (Official Video HQ),https://www.youtube.com/watch?v=WqEXZcT0N9A,Kontor.TV,2020-04-25 10:27:51,2009-03-09 13:09:39
Laurent Wolf - No Stress,https://www.youtube.com/watch?v=Up1MzGUhQG0,SteveAATW,2020-04-27 16:57:02,2009-04-08 17:42:49
Alive - Mondotek (Tecktonik),https://www.youtube.com/watch?v=iYe2jFnEUn4,iiNoiZz,2020-04-27 17:18:02,2009-09-02 12:41:03
Mondotek D-GENERATION (Official 2009) [HQ],https://www.youtube.com/watch?v=KbFdBRmV_n4,emanueleroma91,2020-04-27 17:22:56,2009-10-21 21:33:43
David Guetta feat. Estelle - One Love (Official Video),https://www.youtube.com/watch?v=cQyGYdRqulQ,David Guetta,2020-04-27 18:30:05,2009-11-12 18:16:36
Madonna - Like A Prayer (Official Video),https://www.youtube.com/watch?v=79fzeNUqQbQ,Madonna,2020-05-19 08:52:41,2009-10-27 02:06:14
Daft Punk - One More Time (Official Video),https://www.youtube.com/watch?v=FGBhQbmPwH8,Daft Punk,2020-05-20 13:39:51,2009-02-24 03:02:20
"Novaspace ""to france""",https://www.youtube.com/watch?v=W2G0HLL-w_A,KonsumRecords,2020-05-26 11:49:46,2009-12-17 17:42:09
E-Type - Rain (Official Video),https://www.youtube.com/watch?v=yOSF3WtcElA,SteveAATW,2020-05-27 17:34:42,2009-02-24 14:03:52
N-Force - All Or Nothing,https://www.youtube.com/watch?v=n9Ww5845ek4,SteveAATW,2020-06-04 08:57:18,2009-04-01 12:54:30
Deep Dish - Say Hello,https://www.youtube.com/watch?v=wT8NO5FDS7E,Embassy One,2020-06-05 12:36:48,2009-01-31 09:15:19
Alex K - If You Were Mine,https://www.youtube.com/watch?v=XEraVa6AWe4,SteveAATW,2020-06-07 10:28:09,2009-06-09 17:55:12
Nelly Furtado - Say It Right (Official Music Video),https://www.youtube.com/watch?v=6JnGBs88sL0,NellyFurtadoVEVO,2020-06-15 10:57:48,2009-06-16 21:53:13
Code Red - 18 (Official Video HQ),https://www.youtube.com/watch?v=l1M7QvRTMAQ,Kontor.TV,2020-06-17 15:33:02,2009-05-29 13:29:11
Starsplash - Fly Away (Official Video HQ),https://www.youtube.com/watch?v=AWHFryQuA4o,Kontor.TV,2020-06-19 07:46:06,2009-04-02 13:03:36
DJ BoBo - TAKE CONTROL,https://www.youtube.com/watch?v=TKdWTr_Iv0w,DJ BoBo,2020-06-24 17:34:39,2009-08-24 09:06:17
Andrew Spencer vs. Lazard - Here Without You (Official Music Video) - 3 Doors Down,https://www.youtube.com/watch?v=J9UJ65yu8uU,PulsiveMedia.TV,2020-06-26 14:33:28,2009-02-05 14:12:08
Jan Wayne - Because The Night (Official Video HQ),https://www.youtube.com/watch?v=R-XEUfGguNM,Kontor.TV,2020-06-30 07:20:35,2009-02-18 15:49:42
Tinchy Stryder - Number 1 ft. N-Dubz (Official Video),https://www.youtube.com/watch?v=LJsVDH-3b3Y,TinchyStryderVEVO,2020-06-30 07:29:36,2009-12-01 09:51:00
Manian - Feel Fine (The Cologne Dom Dancers),https://www.youtube.com/watch?v=o7toP6U2BDk,Zooland.TV,2020-06-30 07:49:36,2009-08-12 11:20:38
Darren Styles & Manian - Outta my head (Manian Video Mix),https://www.youtube.com/watch?v=QdPR_9Xxnmo,Zooland.TV,2020-06-30 08:09:13,2009-11-24 07:28:07
Re-Con - Enjoy,https://www.youtube.com/watch?v=Ig73WQt6BMw,ERPC117,2020-07-07 20:22:02,2009-05-15 00:40:59
Styles & Breeze - Amigos (Official Video),https://www.youtube.com/watch?v=3-KNMVX-ESU,SteveAATW,2020-07-17 17:24:38,2009-06-09 18:38:18
Agnes - Release Me (Official Music Video),https://www.youtube.com/watch?v=keYXzDh5JEQ,Agnes,2020-07-25 17:50:44,2009-06-30 14:00:34
Nick Skitz - Release me,https://www.youtube.com/watch?v=4Tp78qaVL9k,dannat1993,2020-07-25 17:51:48,2009-11-20 19:38:06
Gwen Stefani - The Sweet Escape (Closed Captioned) ft. Akon,https://www.youtube.com/watch?v=O0lf_fE3HwA,GwenStefaniVEVO,2020-07-25 21:30:53,2009-12-14 01:32:32
Madonna - La Isla Bonita (Official Video),https://www.youtube.com/watch?v=zpzdgmqIHOQ,Madonna,2020-07-25 21:32:55,2009-10-27 02:07:39
Ultrabeat Elysium I Go Crazy,https://www.youtube.com/watch?v=powalAr1QX0,MilburnL,2020-07-28 20:20:00,2009-05-16 12:33:30
Interstate - Lost Generation (Scott Brown Remix),https://www.youtube.com/watch?v=u3hB9aCuhRY,TrueRedDevil91,2020-07-28 20:30:32,2009-10-01 18:39:08
Art Of Punk - W.A.R. (Hardstyle Mix),https://www.youtube.com/watch?v=dfucPdXb-Ik,zjarki2,2020-07-30 15:22:39,2009-03-19 17:26:09
Southstylers - Pounding Senses (With lyrics),https://www.youtube.com/watch?v=p3Z3rxXMBTs,LinkParkEffect,2020-07-31 08:55:29,2009-06-26 16:18:39
Francesco Zeta - Whacko,https://www.youtube.com/watch?v=5zn7HmHa1jg,ralgit,2020-07-31 12:31:54,2009-11-02 22:14:49
Gevaarlijke Daan - GVD (Full),https://www.youtube.com/watch?v=j-2EGcfNuzw,HardStyL3R87,2020-07-31 12:48:02,2009-07-18 18:03:39
Silver 006 - Bioweapon - Move Your Body (HQ),https://www.youtube.com/watch?v=g0kEO0Pc5RQ,Scantraxx,2020-08-01 09:30:24,2009-09-07 14:30:27
Pavo - Communicate,https://www.youtube.com/watch?v=LlfQtIWPmOY,Fusion Records,2020-08-01 10:03:23,2009-05-28 12:22:06
Paul van Dyk & Peter Heppner - Wir Sind Wir (Official Video),https://www.youtube.com/watch?v=V66cr41DNnM,Paul van Dyk,2020-08-20 16:06:38,2009-10-01 18:36:06
Dido - Thank You (Official Video),https://www.youtube.com/watch?v=1TO48Cnl66w,DidoVEVO,2020-09-14 17:42:45,2009-10-03 20:40:19
Nexus & Koit Toome - Lubasid tulla,https://www.youtube.com/watch?v=5lLV3_bki-o,Manageranger,2020-09-14 19:01:28,2009-07-12 10:39:23
Sugababes - Push The Button (Official Music Video),https://www.youtube.com/watch?v=oJDGcxAf9D8,SugababesVEVO,2020-09-23 16:08:18,2009-10-08 22:55:34
Dailucia - I Had A Dream,https://www.youtube.com/watch?v=oDVK6RPcN58,dailucia,2020-09-27 16:29:03,2009-11-26 13:29:50
Dailucia - Lunar (from the EP 'Sonar'),https://www.youtube.com/watch?v=BnHhO9nwFpc,dailucia,2020-09-27 17:11:50,2009-07-31 13:41:14
Ian Van Dahl - I cant let you go,https://www.youtube.com/watch?v=ztfDnlM6BnY,Embassy One,2020-10-03 12:30:56,2009-02-03 01:42:33
AnnaGrace - Let The Feelings Go (OFFICIAL VIDEO),https://www.youtube.com/watch?v=eEmOSjGONuA,AnnaGraceChannel,2020-10-03 13:05:00,2009-04-27 15:39:09
Chris Frame - Flashback (Illuminatorz RMX Edit),https://www.youtube.com/watch?v=ilUU2zsQfPY,You Love Dance.TV,2020-10-22 04:10:54,2009-11-13 05:37:23
Darude - Sandstorm,https://www.youtube.com/watch?v=y6120QOlsfU,Darude,2020-10-29 18:38:12,2009-07-05 02:35:45
Noisecontrollers & Toneshifterz - Jaydee,https://www.youtube.com/watch?v=qkO8MWaoTc8,Fusion Records,2020-11-05 11:09:12,2009-10-12 14:47:22
Silver 006 - Bioweapon - In Sound (HQ),https://www.youtube.com/watch?v=XmpFQli1jfM,Scantraxx,2020-11-15 08:18:49,2009-09-07 14:35:47
Günther - Touch Me [Feat. Samantha Fox],https://www.youtube.com/watch?v=y1nzaDYzdf8,Power House,2020-11-18 12:48:23,2009-06-09 18:10:08
Melanie C - I Turn To You,https://www.youtube.com/watch?v=lsjKK_s_nyY,MelanieCVEVO,2020-12-21 09:38:20,2009-03-07 11:11:19
Kim Sozzi - Feel Your Love,https://www.youtube.com/watch?v=qoI9bOap9-8,Ultra Records,2020-12-26 10:02:34,2009-07-21 15:47:27
Kim Sozzi - Cry Tonight (Kiss Me Back),https://www.youtube.com/watch?v=7B45BRgMpF0,Ultra Records,2020-12-26 10:02:39,2009-12-08 19:07:59
Higher State of Happiness - Gary D. vs. DJ Yanny & Analyzer,https://www.youtube.com/watch?v=5MrKWQzdvJc,DSB1234567890,2020-12-31 08:17:19,2009-12-21 14:38:38
Jenny Drew meets Cc.k - This is your Life (Original Mix),https://www.youtube.com/watch?v=BlnucJ2zzzc,Clazzi8Inc,2021-01-24 15:35:24,2009-08-29 13:56:08
Milk Inc. - Walk On Water (Official Video),https://www.youtube.com/watch?v=bW6PowAIAxg,Warner Music Benelux,2021-02-03 10:06:00,2009-12-15 01:15:38
Milk Inc. - Run,https://www.youtube.com/watch?v=NYu8-lhanfg,Warner Music Benelux,2021-02-03 10:09:15,2009-12-15 01:40:47
Milk Inc ft Sylvie - I Don't Care,https://www.youtube.com/watch?v=KNf5ZV_OoZU,Warner Music Benelux,2021-02-03 10:29:44,2009-12-05 01:23:38
Savon - In Your Shirt 2k9 (RainDropz Remix) [HD],https://www.youtube.com/watch?v=oqvaUgGZJYs,Cizzy,2021-02-11 18:39:36,2009-06-28 14:46:25
Dancetech vs Tune Up! - Ride on time (Radio Mix),https://www.youtube.com/watch?v=624LiY4cb1E,emaaal,2021-03-29 16:49:28,2009-09-07 14:11:35
Scooter - The Sound Above My Hair (Official Video HD),https://www.youtube.com/watch?v=3W47NAhGME4,Kontor.TV,2021-03-30 10:54:54,2009-11-12 17:07:00
Tune Up! - Have You Ever Been Mellow,https://www.youtube.com/watch?v=BO1QM1b1IfI,Jørgen Karlsen,2021-04-09 16:55:53,2009-07-26 11:19:36
Scooter - The Question Is What Is The Question (Original HQ),https://www.youtube.com/watch?v=xwQw6_X9hPk,Kontor.TV,2021-04-10 17:39:45,2009-02-18 12:56:48
DE-GREES - CIRCLE IN THE SAND (ORIGINAL MIX),https://www.youtube.com/watch?v=TErwUDcrOVo,veranomusic,2021-05-17 19:27:10,2009-02-10 00:20:46
DE-GREES - JUST DANCE (ORIGINAL MIX),https://www.youtube.com/watch?v=G0Xcp9kvANk,veranomusic,2021-05-17 19:59:28,2009-02-10 01:41:46
Scooter - Posse (I Need You On The Floor)(Official Video HQ),https://www.youtube.com/watch?v=F4w5UjMJAFY,Kontor.TV,2021-06-04 09:03:58,2009-02-19 11:52:39
Beat Providers - Magnetik (HQ),https://www.youtube.com/watch?v=SUK4cynJov0,Scantraxx,2021-10-06 18:59:17,2009-12-14 11:22:19
Lady Gaga - Paparazzi (Official Music Video),https://www.youtube.com/watch?v=d2smz_1L2_0,LadyGagaVEVO,2021-11-28 14:59:04,2009-11-26 01:46:17
Milk Inc. - Whisper,https://www.youtube.com/watch?v=zgjdneLppKQ,Warner Music Benelux,2021-12-28 18:39:46,2009-12-02 01:39:54
Milk Inc. - Time,https://www.youtube.com/watch?v=5zmWjQ2LtJc,Warner Music Benelux,2021-12-29 10:27:36,2009-12-02 01:45:27
Milk Inc. - Breathe Without You,https://www.youtube.com/watch?v=5SOEyzfpLQE,Warner Music Benelux,2021-12-29 10:34:59,2009-12-05 01:18:28
Milk Inc. - Go To Hell,https://www.youtube.com/watch?v=rjzwTTDwR_0,Warner Music Benelux,2021-12-29 10:40:44,2009-12-15 01:39:12
Milk Inc. - The Sun Always Shines On TV,https://www.youtube.com/watch?v=SyIRe9IP634,Warner Music Benelux,2021-12-29 10:45:42,2009-11-30 01:52:01
Milk Inc. - Race [HQ],https://www.youtube.com/watch?v=Ze1vMm96nHg,MilkincTV,2021-12-29 11:03:12,2009-07-21 09:55:26
Milk Inc. - Sleepwalker,https://www.youtube.com/watch?v=G3mLTvR5L4w,Warner Music Benelux,2021-12-29 11:43:22,2009-11-30 05:03:14
DJ Whisky - Celtic Celebration (Rocco ft Bass T RMX),https://www.youtube.com/watch?v=zNHSwZx4YZI,SpicyVeins,2022-02-26 09:55:41,2009-10-22 18:38:33
Natalie Imbruglia - Torn (Official Video),https://www.youtube.com/watch?v=VV1XWJN3nJo,natalieimbrugliaVEVO,2022-02-26 22:10:18,2009-10-03 04:36:16
Protek - Paradise,https://www.youtube.com/watch?v=whobvWbXvn4,bugattigrandsport,2022-04-01 16:34:40,2009-09-01 19:02:20
Protek - Bass Fly,https://www.youtube.com/watch?v=jBrQhG1xysI,bugattigrandsport,2022-04-01 16:35:25,2009-09-01 19:01:08
Protek - We Come And Get You,https://www.youtube.com/watch?v=BZlmJFd3jN8,bugattigrandsport,2022-04-01 16:35:39,2009-09-01 19:02:44
Depeche Mode - Enjoy The Silence (Official Video),https://www.youtube.com/watch?v=aGSKrC7dGcY,Depeche Mode,2022-05-16 17:46:24,2009-02-26 05:32:28
Tatanka - I Kissed A Girl  (HQ),https://www.youtube.com/watch?v=Ljg0Dlf5zAI,Sander S,2022-06-04 20:04:23,2009-02-07 12:49:55
Commercial Club Crew - La Luna,https://www.youtube.com/watch?v=1HqGquUGNjA,Baked Beans Music,2022-10-12 17:57:48,2009-09-09 17:15:45
"MIKA - Relax, Take It Easy",https://www.youtube.com/watch?v=RVmG_d3HKBA,MIKAVEVO,2022-11-14 21:34:24,2009-12-23 17:28:16
Hoobastank - The Reason (Official Music Video),https://www.youtube.com/watch?v=fV4DiAyExN0,HoobastankVEVO,2022-12-08 21:38:29,2009-10-07 10:44:51
Frontliner - outside World 2009 (outside Spacer Remix),https://www.youtube.com/watch?v=XID4X6vJWzg,Thom,2023-02-22 10:17:06,2009-07-31 22:57:57
Leona Lewis - Bleeding Love (US Version - Official Video),https://www.youtube.com/watch?v=Vzo-EL_62fQ,leonalewisVEVO,2023-04-09 16:51:53,2009-10-03 04:32:04
Milk Inc. - Land Of The Living,https://www.youtube.com/watch?v=yLfpF1WHceo,Warner Music Benelux,2023-07-05 10:18:23,2009-12-08 01:23:26
