Diddy - Dirty Money - Coming Home ft. Skylar Grey,https://www.youtube.com/watch?v=k-ImCpNqbJw,DirtyMoneyVEVO,2014-12-31 19:17:27,2010-11-30 16:36:58
Flux Pavilion - I Can't Stop,https://www.youtube.com/watch?v=3Q9rewnLFYw,UKF Dubstep,2014-12-31 19:23:12,2010-08-06 12:26:11
Katy Perry - Teenage Dream (Official Music Video),https://www.youtube.com/watch?v=98WtmW-lfeE,KatyPerryVEVO,2015-02-01 12:39:57,2010-08-10 19:32:36
David Guetta Feat. Kid Cudi - Memories (Official Video),https://www.youtube.com/watch?v=NUVCQXMUVnI,David Guetta,2015-11-03 15:09:19,2010-02-08 17:05:18
Jason Derulo - In My Head [Official Music Video],https://www.youtube.com/watch?v=UyG1FG3H6rY,Jason Derulo,2016-01-09 15:30:43,2010-01-24 01:35:51
Taio Cruz - Break Your Heart (Official Video) ft. Ludacris,https://www.youtube.com/watch?v=y_SI2EDM6Lo,TaioCruzVEVO,2016-01-09 16:04:40,2010-02-24 21:49:19
B.o.B - Airplanes (feat. Hayley Williams of Paramore) [Official Video],https://www.youtube.com/watch?v=kn6-c223DUU,Atlantic Records,2016-01-09 16:05:17,2010-06-17 16:52:20
Nelly - Just A Dream (Official Music Video),https://www.youtube.com/watch?v=N6O2ncUKvlg,NellyVEVO,2016-01-09 16:08:41,2010-09-21 20:21:14
Usher - DJ Got Us Fallin' In Love (Official Music Video) ft. Pitbull,https://www.youtube.com/watch?v=C-dvTjK_07c,UsherVEVO,2016-01-09 16:09:44,2010-08-25 17:58:26
Eminem - Not Afraid,https://www.youtube.com/watch?v=j5-yKhDd64s,EminemVEVO,2016-01-09 16:10:17,2010-06-05 05:02:39
Flo Rida - Club Can't Handle Me ft. David Guetta [Official Music Video] - Step Up 3D,https://www.youtube.com/watch?v=SgM3r8xKfGE,Flo Rida,2016-01-09 16:11:14,2010-07-15 21:30:55
Rihanna - Rude Boy,https://www.youtube.com/watch?v=e82VE8UtW8A,RihannaVEVO,2016-01-09 16:11:37,2010-02-09 19:35:27
Timbaland - If We Ever Meet Again ft. Katy Perry (Official Music Video),https://www.youtube.com/watch?v=KDKva-s_khY,TimbalandVEVO,2016-01-09 16:14:38,2010-02-09 22:23:42
Tinie Tempah - Written In The Stars ft. Eric Turner,https://www.youtube.com/watch?v=YgFyi74DVjc,Tinie,2016-01-09 16:15:02,2010-08-13 14:24:19
Timbaland - Carry Out (Official Music Video) ft. Justin Timberlake,https://www.youtube.com/watch?v=NRdHsuuXxfk,TimbalandVEVO,2016-01-09 16:22:03,2010-02-19 06:44:25
Eminem - No Love (Explicit Version) ft. Lil Wayne,https://www.youtube.com/watch?v=KV2ssT8lzj8,EminemVEVO,2016-01-09 16:22:37,2010-09-29 18:05:14
Eminem - Love The Way You Lie ft. Rihanna,https://www.youtube.com/watch?v=uelHwf8o7_U,EminemVEVO,2016-01-17 09:11:52,2010-08-05 19:09:46
Miley Cyrus - Who Owns My Heart,https://www.youtube.com/watch?v=iVbQxC2c3-8,MileyCyrusVEVO,2016-01-29 13:54:56,2010-10-20 17:44:05
Adam Lambert - If I Had You (Official Video),https://www.youtube.com/watch?v=wmXQFwlD7vk,AdamLambertVEVO,2016-01-29 13:57:12,2010-06-18 00:51:02
The Saturdays - Higher (Official Video),https://www.youtube.com/watch?v=eEnz3r2F-Bw,TheSaturdaysVEVO,2016-01-29 13:58:45,2010-09-17 16:05:48
Taio Cruz - Higher (Official UK Version) ft. Kylie Minogue,https://www.youtube.com/watch?v=KRBS5WZMdik,TaioCruzVEVO,2016-02-04 18:27:49,2010-11-19 11:55:23
Lady Gaga - Telephone ft. Beyoncé (Official Music Video),https://www.youtube.com/watch?v=EVBsypHzF3U,LadyGagaVEVO,2016-04-20 17:09:56,2010-03-16 01:08:05
Kelly Clarkson - Behind These Hazel Eyes (VIDEO),https://www.youtube.com/watch?v=yipoOY56MbM,kellyclarksonVEVO,2016-04-22 13:50:00,2010-03-10 09:49:22
La Roux - Bulletproof,https://www.youtube.com/watch?v=Kk8eJh4i8Lo,LaRouxVEVO,2016-05-07 07:14:56,2010-02-10 18:16:29
Kate Ryan - Ella Elle L'a (Official Video 2008),https://www.youtube.com/watch?v=Oqd9lzMP1V8,Spinnin' Records,2016-07-01 21:27:28,2010-11-29 15:00:20
Wheatus - Teenage Dirtbag (Official Video),https://www.youtube.com/watch?v=FC3y9llDXuM,WheatusVEVO,2016-07-06 18:37:59,2010-09-28 03:33:36
Katy Perry - California Gurls (Official Music Video) ft. Snoop Dogg,https://www.youtube.com/watch?v=F57P9C4SAW4,KatyPerryVEVO,2016-07-06 18:40:36,2010-06-15 01:53:12
Example - 'Kickstarts' (Official Video),https://www.youtube.com/watch?v=T9yGcKlYAiw,Ministry of Sound,2016-08-04 21:02:02,2010-04-29 18:51:01
Tanel Padar & The Sun - Lootusetus,https://www.youtube.com/watch?v=kp8DJocsYx8,Margus Olesk,2016-08-16 14:26:06,2010-05-21 06:11:12
TANEL PADAR & THE SUN - VÕTA AEGA,https://www.youtube.com/watch?v=TCGFnmVvRCQ,officialthesun,2016-08-16 14:27:52,2010-01-29 19:28:38
Eda-Ines - Iseendale,https://www.youtube.com/watch?v=wLvFpVx3Gz0,U21986,2016-08-19 17:29:36,2010-03-01 13:49:46
Tim Berg - 'Seek Bromance' (Avicii's Vocal Edit),https://www.youtube.com/watch?v=x4F6ksfBYmo,Ministry of Sound,2016-08-28 08:59:10,2010-09-17 13:27:45
Koit Toome - Mälestused.,https://www.youtube.com/watch?v=VBpCwLIQqRg,Elari Kõivik,2016-08-31 18:41:38,2010-05-14 07:54:05
Nicki Minaj - Your Love (Official Music Video),https://www.youtube.com/watch?v=pSFyrrhKj1Q,NickiMinajAtVEVO,2016-09-17 08:28:31,2010-08-03 20:05:53
Jason Derulo - Ridin' Solo [Official HD Music Video],https://www.youtube.com/watch?v=8ESdn0MuJWQ,Jason Derulo,2016-09-17 08:29:04,2010-05-03 15:26:15
Nicole Scherzinger - Poison,https://www.youtube.com/watch?v=9joqPp3peLg,NScherzingerVEVO,2016-09-17 08:29:54,2010-11-01 23:49:38
"MIKE POSNER - Cooler Than Me, radio edit (Lyrics)",https://www.youtube.com/watch?v=1UWp1QnKhgg,Nick Morales,2016-09-17 08:32:24,2010-08-02 18:05:46
Travie McCoy: Billionaire ft. Bruno Mars [OFFICIAL VIDEO],https://www.youtube.com/watch?v=8aRor905cCw,Fueled By Ramen,2016-09-17 08:32:51,2010-05-06 16:49:48
"Far East Movement ft. The Cataracs, DEV - Like A G6 (Official Video)",https://www.youtube.com/watch?v=w4s6H4ku6ZY,FarEastMovementVEVO,2016-09-22 14:35:30,2010-06-03 00:42:46
The Black Eyed Peas - Meet Me Halfway (Official Music Video),https://www.youtube.com/watch?v=I7HahVwYpwo,BlackEyedPeasVEVO,2016-09-22 15:17:15,2010-01-21 18:04:20
"Far East Movement, Ryan Tedder - Rocketeer ft. Ryan Tedder",https://www.youtube.com/watch?v=RcmKbTR--iA,FarEastMovementVEVO,2016-09-22 15:24:04,2010-10-29 22:41:49
Taio Cruz - Dynamite (Official UK Version),https://www.youtube.com/watch?v=Vysgv7qVYTo,TaioCruzVEVO,2016-11-26 08:47:13,2010-07-16 17:45:32
Enrique Iglesias - I Like It (Official Music Video),https://www.youtube.com/watch?v=X9_n8jakvWU,EnriqueIglesiasVEVO,2016-11-26 08:48:46,2010-05-20 17:16:22
P!nk - Raise Your Glass (Official Video),https://www.youtube.com/watch?v=XjVNlG5cZyQ,PinkVEVO,2017-01-12 13:22:52,2010-11-02 22:36:37
Pendulum - The Island,https://www.youtube.com/watch?v=jGow4nmYkkA,B4SSMASTA,2017-06-20 21:01:59,2010-08-09 19:49:05
Skrillex - Scary Monsters And Nice Sprites (Official Audio),https://www.youtube.com/watch?v=WSeNSzJ2-Jw,Skrillex,2017-06-20 21:15:40,2010-10-24 01:55:16
DJ Fresh - Gold Dust (Flux Pavilion Remix),https://www.youtube.com/watch?v=PEbJ4qLiMu0,UKF Dubstep,2017-10-15 19:26:04,2010-05-20 15:18:47
Amy Macdonald - This Is The Life (Official Video),https://www.youtube.com/watch?v=iRYvuS9OxdA,AmyMacdonaldVEVO,2017-12-04 20:35:34,2010-02-22 12:40:24
The Black Eyed Peas - Rock That Body (Official Music Video),https://www.youtube.com/watch?v=nmnjL26OBcY,BlackEyedPeasVEVO,2017-12-21 18:35:04,2010-03-22 16:43:14
dj raaban - hardstyle,https://www.youtube.com/watch?v=J6kgbwXpnqg,Raaban Megpoid,2018-01-20 14:42:43,2010-06-02 17:39:40
Afrojack ft Eva Simons - 'Take Over Control' (Official Video),https://www.youtube.com/watch?v=TUoOcDGMgT4,Ministry of Sound,2018-02-06 17:03:15,2010-10-20 14:12:28
Trance - Keep On Moving [FNP Remix],https://www.youtube.com/watch?v=IxFwuqaCwLc,SDMarcTrance,2018-02-11 10:00:36,2010-06-19 09:49:04
Never Stop Speedcore,https://www.youtube.com/watch?v=5rnyudsoY5c,MrFreeware,2018-02-23 12:02:51,2010-11-09 16:41:41
Basshunter - I Promised Myself,https://www.youtube.com/watch?v=WWPh_SNdIUQ,Ultra Records,2018-02-26 15:27:35,2010-03-17 16:13:25
Enrique Iglesias - Heartbeat (Official Music Video) ft. Nicole Scherzinger,https://www.youtube.com/watch?v=NVk4vENObiI,EnriqueIglesiasVEVO,2018-02-26 21:34:22,2010-09-13 14:17:15
Swedish House Mafia - Miami 2 Ibiza ft. Tinie Tempah (Official Video),https://www.youtube.com/watch?v=LCH1AsUydSc,SHMVEVO,2018-03-25 18:29:14,2010-10-02 00:18:51
Swedish House Mafia - One (Your Name) (Official Video),https://www.youtube.com/watch?v=PkQ5rEJaTmk,SHMVEVO,2018-03-25 20:06:40,2010-07-14 02:31:22
Milk & Sugar vs. Vaya Con Dios - Hey (Nah Neh Nah) (Official Music Video) [HD],https://www.youtube.com/watch?v=OCe35NSl_a0,Spinnin' Records,2018-03-30 19:00:43,2010-12-17 12:21:00
Tatanka - Tokyo,https://www.youtube.com/watch?v=0EIe71RhYMI,heroic4hardstyle,2018-04-09 18:25:00,2010-06-25 12:22:41
Master Blaster - Until the end (Monday 2 Friday Radio Edit),https://www.youtube.com/watch?v=KLuvhZJfm18,Zooland.TV,2018-04-11 14:43:32,2010-02-16 17:20:48
Geck-o & Phrantic - The Hard Way (AVIO007),https://www.youtube.com/watch?v=EVbkJcHHzNw,AVIO Records,2018-04-29 15:46:32,2010-01-19 23:08:37
Adam Lambert - Whataya Want from Me,https://www.youtube.com/watch?v=X1Fqn9du7xo,AdamLambertVEVO,2018-06-19 09:57:46,2010-01-15 20:54:07
Scooter - Stuck On Replay (Official Video HD),https://www.youtube.com/watch?v=VlpNp2HBNUE,Kontor.TV,2018-06-23 21:00:17,2010-02-25 10:50:08
Happy Hardcore - Fly on The Wings of Love,https://www.youtube.com/watch?v=fnnFrhTDAjg,aomforever,2018-06-27 17:32:11,2010-07-07 15:42:27
Max Enforcer & Frontliner - On The Go (Preview),https://www.youtube.com/watch?v=bMTg6PfzNU0,TilltRecords,2018-06-28 19:52:36,2010-12-15 13:33:37
C-Bool-House Baby,https://www.youtube.com/watch?v=RYWlPyEE22c,germansoldier2006,2018-07-02 10:09:25,2010-10-15 19:07:30
Coone - Million Miles,https://www.youtube.com/watch?v=CCPBQehC00E,Weh,2018-07-02 11:45:06,2010-07-01 20:30:12
Evil Activities - Evil Inside (Official Music Video),https://www.youtube.com/watch?v=bSiL3QyDtAo,Evil Activities,2018-07-17 12:29:26,2010-07-06 15:23:41
Psyko Punkz vs Coone - Dirty Soundz (Ra-Ta-Ta) Official Videoclip,https://www.youtube.com/watch?v=DgPna_Ks5bA,Dirty Workz,2018-07-19 18:26:20,2010-11-23 19:38:25
Brennan heart - Van Halen is a Rockstar (Qlimax DJ Tool),https://www.youtube.com/watch?v=bRgvt_nQGls,H4RDTUBE,2018-08-01 14:10:57,2010-03-19 17:06:33
Technoboy & Ruffian - The Undersound [HQ],https://www.youtube.com/watch?v=Ieww9E5UUiE,Lars DeLasion,2018-08-01 15:36:55,2010-03-02 12:52:28
Showtek- Analogue Players in a Digital World,https://www.youtube.com/watch?v=C5TarHtUBiA,Spike2008BS,2018-08-02 11:28:46,2010-02-26 04:55:46
Noisecontrollers - Interview (Ninja),https://www.youtube.com/watch?v=uD7NoB08yEY,Robert Jarback,2018-08-05 14:27:32,2010-08-18 14:44:47
Builder - Her Voice (Headhunterz Remix Rmx Edit) (HQ Preview),https://www.youtube.com/watch?v=AP6NzJSrksw,Headhunterz,2018-08-05 14:35:46,2010-03-15 10:38:27
Angerfist - Take U Back HQ,https://www.youtube.com/watch?v=3UslvW0gUp4,Angerfist,2018-08-12 19:16:17,2010-04-14 13:59:37
Dyprax & Angerfist - The Pearly Gates (Full Version) - HQ Official,https://www.youtube.com/watch?v=qN8_Gw0aANs,Angerfist,2018-08-17 12:20:41,2010-11-23 18:25:16
showtek - we speak musik,https://www.youtube.com/watch?v=x0bQr0hEiFQ,Spike2008BS,2018-08-20 10:47:47,2010-03-02 23:41:15
Angerfist - Sons Of Satan HQ,https://www.youtube.com/watch?v=tIuIlNqTZXw,Angerfist,2018-08-23 10:28:01,2010-04-21 12:04:02
Second Identity - Atlantis (Official Audio),https://www.youtube.com/watch?v=7mKUnwigskM,Scantraxx,2018-08-31 13:48:38,2010-09-10 09:28:43
Josh & Wesz - Autumn Green,https://www.youtube.com/watch?v=cT-36oc0xZE,JoshWeszMedia,2018-08-31 13:50:01,2010-05-22 11:00:00
Headhunterz - Rock Civilization (HQ),https://www.youtube.com/watch?v=kjUTXkeTANc,Headhunterz,2018-10-05 11:12:23,2010-01-06 14:19:55
Blutonium Boy - Make It Loud (Headhunterz RMX) (HQ Preview),https://www.youtube.com/watch?v=nfL0yAnoE7c,Headhunterz,2018-10-25 10:25:32,2010-12-23 09:30:07
Korsakoff - Boozed,https://www.youtube.com/watch?v=Q_3XtUg7ocI,OfficialKorsakoff,2018-10-25 19:50:52,2010-12-07 12:06:22
Korsakoff - Unleash the beast,https://www.youtube.com/watch?v=f9os4WJayDs,spatiebalkjee,2018-10-25 19:56:20,2010-05-01 12:00:13
Korsakoff feat. MC Tha Watcher - GLOBAL,https://www.youtube.com/watch?v=oRkhvsUMi4U,OfficialKorsakoff,2018-11-18 09:41:17,2010-10-28 14:54:58
[Hardstyle] Bruno Power - The Saint (Original),https://www.youtube.com/watch?v=-zJm3iAhJRk,RevelutionHardstyle,2018-11-25 09:45:59,2010-01-23 02:02:28
Headhunterz vs. Wildstylez - Project One (HQ),https://www.youtube.com/watch?v=AYW8FQaEV34,Headhunterz,2018-11-25 19:48:03,2010-01-06 15:52:13
JDX ft. Sarah Maria - Live The Moment (Official Audio),https://www.youtube.com/watch?v=jf6qQ93ARQ8,Scantraxx,2018-12-03 15:15:33,2010-03-01 10:57:56
Headhunterz - The Sacrifice (HQ),https://www.youtube.com/watch?v=a7uToulRNeQ,Headhunterz,2018-12-08 17:05:39,2010-01-06 11:29:07
e-dubble - Let Me Oh (Freestyle Friday #9),https://www.youtube.com/watch?v=taCRBFkUqdM,e- dubble,2018-12-16 15:58:32,2010-08-23 22:57:54
HTiD 3 - In And Out Of Love (Hixxy),https://www.youtube.com/watch?v=7Tda29WqQN4,The Dark OG,2018-12-26 16:02:56,2010-10-02 15:47:33
Dougal & Gammer Feat. Jenna - All The Tears I've Cried,https://www.youtube.com/watch?v=-dY9Y4jRIZE,TrueRedDevil91,2018-12-27 13:02:05,2010-01-26 15:36:02
Project One - Rate Reducer (Headhunterz RMX (HQ),https://www.youtube.com/watch?v=kdkqn5FKMPs,Headhunterz,2019-01-02 11:19:52,2010-01-06 21:17:06
Clubringer and Kasia Lesing - Sound of my Dream (Dj Speed Mix) (Hardstyle),https://www.youtube.com/watch?v=ADsTgmWRqhY,Lance,2019-01-02 17:30:19,2010-06-25 21:08:01
Headhunterz - Reloaded Part 2 (HQ),https://www.youtube.com/watch?v=LxO3Cs8bhS4,Headhunterz,2019-03-08 20:23:16,2010-01-06 12:07:32
Korsakoff - Unleash The beast (Angerfist Remix),https://www.youtube.com/watch?v=JS2eM0W_YcA,TheHardcorefury,2019-05-05 19:44:23,2010-05-20 17:21:54
Korsakoff - Daydream,https://www.youtube.com/watch?v=ZPwdza-XfOY,spatiebalkjee,2019-05-10 14:58:59,2010-05-01 11:55:56
DJ Medowz - After Hours Club (Nomad Remix),https://www.youtube.com/watch?v=QpDIKtkBzIQ,Digitally Infected TV,2019-06-22 15:17:34,2010-10-01 10:53:42
Armin van Buuren vs Sophie Ellis-Bextor - Not Giving Up On Love (Official Music Video),https://www.youtube.com/watch?v=Nh5R6VBn63E,Armada Music TV,2019-07-10 18:54:15,2010-08-17 09:05:03
Lasgo - Something,https://www.youtube.com/watch?v=QWbAaTDlBls,clmfsh,2019-07-31 08:03:46,2010-07-12 18:08:22
Headhunterz & Wildstylez vs. Noisecontrollers - Tonight (HQ),https://www.youtube.com/watch?v=6TGp7W_HUK4,Headhunterz,2019-11-16 07:20:48,2010-01-06 21:43:40
Hurts - Wonderful Life (New Version),https://www.youtube.com/watch?v=1TB1x67Do5U,HurtsVEVO,2020-01-02 17:59:34,2010-09-23 01:17:57
Gareth Emery feat. Lucy Saunders - Sanctuary [Official Music Video],https://www.youtube.com/watch?v=MMlVFa_754o,Gareth Emery,2020-01-02 18:03:36,2010-07-14 00:20:48
DJ's At Work - Someday (2001),https://www.youtube.com/watch?v=Mnp5rcZCsFE,Eumusic1,2020-01-20 19:36:23,2010-12-30 19:19:41
Headhunterz - Last Of The Mohicanz (HQ),https://www.youtube.com/watch?v=ki_dVT9sIL8,Headhunterz,2020-01-30 16:05:16,2010-01-06 11:51:09
Basshunter - Saturday (Official Video) (Out NOW),https://www.youtube.com/watch?v=iguvG6ytSn8,Ministry of Sound,2020-02-04 08:22:12,2010-06-08 20:19:00
Ke$ha - Take It Off,https://www.youtube.com/watch?v=edP0L6LQzZE,keshaVEVO,2020-02-18 19:20:13,2010-08-10 23:34:39
ATB - Could You Believe (Official Video HD),https://www.youtube.com/watch?v=9rH1kT8EIOU,Kontor.TV,2020-02-20 19:06:26,2010-06-21 13:17:48
Cosmic Gate - Exploration of Space [music video],https://www.youtube.com/watch?v=qj58nbn35bg,jurrgennn,2020-02-25 20:12:01,2010-08-18 21:02:07
Hypetraxx - The Darkside,https://www.youtube.com/watch?v=VL6Hvvm1lV0,MeineClipFavoriten,2020-02-25 20:29:22,2010-05-11 03:30:12
Dj Carpi - The Garden (Teddybeer Remix),https://www.youtube.com/watch?v=-PgTBIvJNGY,nisse0314,2020-03-16 16:04:01,2010-02-23 16:58:32
John Dahlback - Blink (Official Music Video),https://www.youtube.com/watch?v=Bc99R-wKXGY,DJCenterMusicGroup,2020-04-25 09:28:21,2010-01-12 18:34:23
Armin van Buuren vs Sophie Ellis Bextor - Not Giving Up On Love (Official HD Music Video),https://www.youtube.com/watch?v=J7lVUFhtWlU,Scorpio Music,2020-04-27 17:13:19,2010-10-13 15:36:50
Kelly Rowland - Commander ft. David Guetta,https://www.youtube.com/watch?v=dwfKZ-1jyiw,kellyrowlandVEVO,2020-04-27 17:58:54,2010-06-16 18:46:34
David Guetta & Chris Willis Feat. Fergie & LMFAO - Gettin' Over You (Official Video),https://www.youtube.com/watch?v=hWjrMTWXH28,David Guetta,2020-04-27 18:08:16,2010-05-19 12:16:36
Didier Sinclair & DJ Chris Pi - Heavenly,https://www.youtube.com/watch?v=pVIw7i7SQuA,Serial Records,2020-04-28 19:33:05,2010-01-05 15:08:31
Melanie C - I Turn To You (official music video),https://www.youtube.com/watch?v=8E7yYNGIKvk,emimusicnl,2020-05-08 16:36:08,2010-01-22 22:36:41
Cascada - Pyromania (Official Video),https://www.youtube.com/watch?v=EsdXPPp8dNk,CASCADA,2020-05-15 17:17:10,2010-02-16 09:03:53
Akustikrausch - Ohrbassmus [HQ] +Lyrics,https://www.youtube.com/watch?v=tQmf9B-l72I,Max Wlad,2020-05-15 20:50:37,2010-03-10 22:47:08
CASCADA - Night Nurse (Official Video) HD,https://www.youtube.com/watch?v=UsDWj2NhInc,CASCADA,2020-05-20 13:39:37,2010-11-08 23:26:30
Cascada - Dangerous(Official Music Video),https://www.youtube.com/watch?v=MwEwc3ES97o,Cloud 9 Music,2020-05-23 08:33:06,2010-03-02 08:49:46
Luvstruck 2000,https://www.youtube.com/watch?v=CULQo9B03KU,Sammy J,2020-05-23 13:43:26,2010-10-24 14:30:04
HandsUp Playerz - Liebe und Freundschaft,https://www.youtube.com/watch?v=YdwN7kmv2LM,baiing34,2020-06-18 18:20:16,2010-12-17 19:08:10
Lolita - Joli Garcon (Official Video) HD,https://www.youtube.com/watch?v=pTW7byH2ij0,You Love Dance.TV,2020-06-29 12:19:28,2010-07-27 19:45:38
Hixxy & Re-Con - Love Comes,https://www.youtube.com/watch?v=MjyPf4536j0,TrueRedDevil91,2020-07-06 10:29:45,2010-01-24 22:59:37
Michael Jackson - They Don't Care About Us (Prison Version) (Official Video),https://www.youtube.com/watch?v=t1pqi8vjTLY,michaeljacksonVEVO,2020-07-22 09:30:45,2010-12-12 13:00:01
Dougal & Gammer - Anybody Else But You (Official Video),https://www.youtube.com/watch?v=ZNUNzz61ffI,SteveAATW,2020-07-28 20:18:18,2010-11-02 16:40:09
Project One - The Story Unfolds (HQ),https://www.youtube.com/watch?v=rgeN_Uhfr4I,Headhunterz,2020-07-29 12:15:20,2010-01-06 19:24:47
Project One - Life Beyond Earth (HQ),https://www.youtube.com/watch?v=AAHr_2VhdPc,Headhunterz,2020-07-29 12:30:50,2010-01-06 16:13:25
Brooklyn Bounce - Club Bizarre (Headhunterz & Noisecontrollers RMX) (HQ Preview),https://www.youtube.com/watch?v=gvna45HAHU8,Headhunterz,2020-07-29 15:02:31,2010-07-13 21:03:19
Headhunterz vs. Abject - End Of My Existence (HQ),https://www.youtube.com/watch?v=iF5uwpVbsCo,Headhunterz,2020-07-29 15:39:27,2010-01-06 12:53:54
Headhunterz - Forever Az One (HQ),https://www.youtube.com/watch?v=LI3QgjAV76U,Headhunterz,2020-07-30 08:25:33,2010-01-06 15:01:34
Project One - Fantasy Or Reality (HQ),https://www.youtube.com/watch?v=5P9BFIpqUmM,Headhunterz,2020-07-30 09:05:42,2010-01-06 18:32:36
Headhunterz - Hate It Or Love It (HQ),https://www.youtube.com/watch?v=pSZv9Q29uWQ,Headhunterz,2020-07-30 09:15:46,2010-01-06 15:11:51
DJ Isaac - Bitches [Lyrics],https://www.youtube.com/watch?v=OWcwTdhnDxc,onFrenzy,2020-07-31 09:02:24,2010-07-14 17:09:01
Zero Sanity - Superdimp [HQ],https://www.youtube.com/watch?v=q-eJSy1qIFw,StraightOn Recordings,2020-08-01 08:18:59,2010-02-28 18:47:17
AniMe - Concentrate (Re-Style rmx) (Traxtorm Records - TRAX 0087),https://www.youtube.com/watch?v=8PQdaKORDNg,Traxtorm Records,2020-08-06 17:08:25,2010-10-13 14:03:05
Kylie Minogue - I Believe In You (Official Video),https://www.youtube.com/watch?v=HZp2bk4YHFY,Kylie Minogue,2020-08-07 20:27:09,2010-04-06 13:17:58
Crystal Lake - Your Style (Official Video HD),https://www.youtube.com/watch?v=kXXsluIxVNA,Zooland.TV,2020-08-24 20:23:18,2010-09-24 01:30:49
Italobrothers - Love Is On Fire,https://www.youtube.com/watch?v=E8ZklABjNJs,Music Man,2020-08-24 20:37:00,2010-12-21 21:55:16
Roland & Sherman - Jonge Edammer HQ,https://www.youtube.com/watch?v=AUg1uXVaD1c,Angerfist,2020-08-25 17:16:17,2010-04-20 02:45:31
Nosferatu & Evil Activities - Sick of it all,https://www.youtube.com/watch?v=J11fNRDnETI,Evil Activities,2020-08-25 17:20:52,2010-11-13 19:00:03
Basic Element - Touch You Right Now  [Official Video],https://www.youtube.com/watch?v=e_0Q-0gtegI,BasicElementOfficial,2020-09-26 10:10:36,2010-05-28 04:14:52
Skepta vs N-Dubz - So Alive (Official Video),https://www.youtube.com/watch?v=8fTtyrHlusA,SteveAATW,2020-10-03 14:11:58,2010-11-19 10:30:19
Rank 1 - Airwave (Official Music Video) [HQ],https://www.youtube.com/watch?v=ypDtUUtuNzQ,Be Yourself Music,2020-10-05 17:43:34,2010-05-12 15:23:25
The Viper & Evil Activities - Raving Bootleg,https://www.youtube.com/watch?v=qhzcNM3ftsQ,Evil Activities,2020-10-11 06:23:56,2010-12-24 19:27:15
Evil Activities & DJ Panic - Invincible (HQ),https://www.youtube.com/watch?v=HEKUNrh3xFk,Evil Activities,2020-10-13 20:15:31,2010-07-07 11:00:10
R.I.O. - Hot Girl (Dan Winter Handz Up Remix),https://www.youtube.com/watch?v=K9_BB3qroC4,ROCKtheROADLP,2020-10-19 15:44:58,2010-08-05 18:52:36
DJ Merlin & C-Bass - Trancemission (DJ Shoko Remix),https://www.youtube.com/watch?v=H-OGqSxm0BI,DSB1234567890,2020-12-29 22:45:11,2010-07-07 05:16:50
"N.A.S.A. (Feat. Kanye West, Santigold & Lykke Li) - Gifted (Masuka Remix)",https://www.youtube.com/watch?v=5RNePy_awq0,UKF Dubstep,2021-01-04 17:29:34,2010-08-03 16:54:36
DJ Splash - Lost In Heaven (Original Mix Edit),https://www.youtube.com/watch?v=GFlrASSTsdE,DJMOLLYMUSIC,2021-01-29 19:44:34,2010-07-31 00:15:22
Penta P. - Im Raving 2005 (Original Mix),https://www.youtube.com/watch?v=K3ToYyQ2RfE,DJMOLLYMUSIC,2021-02-01 14:56:44,2010-07-24 03:36:58
DJ Splash - So Irresistible (Club Version),https://www.youtube.com/watch?v=l2L8rsw0oKQ,DJMOLLYMUSIC,2021-02-01 14:59:41,2010-07-24 14:29:54
Cosmic Nature - You Spin Me Round 2006 (DJ Splash Rmx),https://www.youtube.com/watch?v=I-M82CVw5ss,DJMOLLYMUSIC,2021-02-01 15:03:02,2010-07-25 16:45:12
Disco Bee - Bailando (Club Mix Edit),https://www.youtube.com/watch?v=L_O4GC2I5Aw,DJMOLLYMUSIC,2021-02-01 15:03:44,2010-07-25 17:07:07
Tune Up - Have You Ever Been Mellow (Original Version),https://www.youtube.com/watch?v=AT8gGr3pFxs,DJMOLLYMUSIC,2021-02-01 15:05:30,2010-07-25 17:34:30
Stian K - Coco Jamboo 2006 (DJ Splash Remix),https://www.youtube.com/watch?v=hiXf0lHMDcQ,DJMOLLYMUSIC,2021-02-01 15:19:16,2010-07-30 13:25:37
Age Pee - Hymn (Extended Mix Edit),https://www.youtube.com/watch?v=XK__vI4f9p8,DJMOLLYMUSIC,2021-02-01 15:20:36,2010-07-30 14:03:36
Milk Inc. - Blackout (Official Video HD),https://www.youtube.com/watch?v=SULgPV3a9aA,Zooland.TV,2021-02-03 09:09:36,2010-02-16 19:05:02
Mike Candys - Together Again (Official Video HD),https://www.youtube.com/watch?v=khQWovievzo,Kontor.TV,2021-02-20 18:44:53,2010-12-08 10:48:52
Showtek - Breakbeat Junkie,https://www.youtube.com/watch?v=RZ7__bd5Qd8,Showtek,2021-02-21 20:43:23,2010-10-08 14:06:41
Skepta - Rescue Me (Official Video),https://www.youtube.com/watch?v=6TTceYEJif4,SteveAATW,2021-04-07 06:00:36,2010-05-08 19:53:33
Noemi - In My Dreams (HQ),https://www.youtube.com/watch?v=r8lBXOC4dEg,JAMEPAN,2021-04-24 17:11:25,2010-01-01 18:12:44
Dee Dee - Forever,https://www.youtube.com/watch?v=JODtecBbTRk,raphamingato,2021-05-07 20:11:20,2010-08-14 10:33:09
Dan Winter - How Does It Feel,https://www.youtube.com/watch?v=xLkrJw9dMek,Zooland.TV,2021-06-23 10:47:17,2010-12-06 12:50:15
Dutch Master - Recalled to Life - Official HQ release,https://www.youtube.com/watch?v=OD7SlWxZrUI,Dutch Master,2021-07-05 04:22:36,2010-02-25 01:10:36
Squeezer - High Heels (C-NRG REMIX),https://www.youtube.com/watch?v=9kaOttqMjzo,Christopher C-NRG,2021-07-13 21:52:07,2010-10-25 23:20:51
Headhunterz - Dreamcatcher (HQ),https://www.youtube.com/watch?v=l4F1TFtHwtM,Headhunterz,2021-10-06 18:48:37,2010-02-15 12:08:46
Nickelback - If Today Was Your Last Day [OFFICIAL VIDEO],https://www.youtube.com/watch?v=lrXIQQ8PeRs,Roadrunner Records,2021-11-01 21:26:05,2010-03-10 20:33:58
Freestailo - Freestajlo - DJ Selective [ Hands Up Remix ],https://www.youtube.com/watch?v=lmUorcVR-z0,Selektive,2021-11-07 19:00:10,2010-06-11 10:31:48
Ke$ha - Your Love Is My Drug (Official Video),https://www.youtube.com/watch?v=QR_qa3Ohwls,keshaVEVO,2021-11-15 22:29:12,2010-05-12 19:44:11
Lady Gaga - Alejandro (Official Music Video),https://www.youtube.com/watch?v=niqrrmev4mA,LadyGagaVEVO,2021-11-28 14:55:01,2010-06-08 08:21:46
Pitbull - Hey Baby (Drop It To The Floor) ft. T-Pain,https://www.youtube.com/watch?v=LefQdEMJP1I,PitbullVEVO,2022-11-16 14:02:10,2010-11-06 06:31:12
Take That - The Flood (Official Video),https://www.youtube.com/watch?v=aCHg5r6rFoI,TakeThatVEVO,2023-01-31 19:34:44,2010-10-14 14:40:18
Alexis Jordan - Happiness (Video),https://www.youtube.com/watch?v=26jKtELitQE,AlexisJordanVEVO,2023-01-31 19:36:17,2010-05-20 00:38:15
TeamX presents - Your smile 2004,https://www.youtube.com/watch?v=RNyrNVJ_Xw0,Jewe1,2023-05-20 14:33:21,2010-01-27 18:05:50
Wildstylez - A Complex Situation (HQ Preview),https://www.youtube.com/watch?v=A5fdYea2Ex0,wildstyleznl,2023-06-01 10:12:07,2010-05-28 14:17:51
