Ellie Goulding - Love Me Like You Do (Official Video),https://www.youtube.com/watch?v=AJtDXIazrMo,EllieGouldingVEVO,2015-03-05 16:05:41,2015-01-22 08:00:06
Lost Frequencies feat. Janieck Devy - Reality (Official Music Video),https://www.youtube.com/watch?v=ilw-qmqZ5zY,Armada Music TV,2015-08-02 15:42:49,2015-05-28 15:00:03
Madcon – Don’t Worry feat. Ray Dalton [Official Lyric Video],https://www.youtube.com/watch?v=qlPx6tmAIlM,Song des Tages,2015-08-02 15:43:23,2015-03-17 09:46:28
Dzeko & Torres ft. Delaney Jane - L'Amour Toujours (Tiësto Edit) [OUT NOW],https://www.youtube.com/watch?v=hY5way9lsTQ,Musical Freedom,2015-09-17 15:21:58,2015-09-08 19:18:54
Dr. Kucho! & Gregor Salto ft. Ane Brun - Can't Stop Playing (Makes Me High) [Oliver Heldens Remix],https://www.youtube.com/watch?v=KSrOYPQiyFA,Spinnin' Records,2015-10-22 17:03:38,2015-01-10 17:39:14
VINAI - The Wave ft. Harrison (Official Video),https://www.youtube.com/watch?v=pJXOZWFnBfo,Spinnin' Records,2015-10-23 07:48:08,2015-07-20 19:00:01
ItaloBrothers - Sleep When Were Dead  (Extended Mix),https://www.youtube.com/watch?v=d3AFnht_rww,Knicklicht,2015-10-23 07:52:10,2015-09-01 12:52:12
Foxes - Body Talk (Bakermat Remix) (Audio),https://www.youtube.com/watch?v=YQbM0bvoFhw,FoxesVEVO,2015-10-23 07:54:31,2015-06-22 07:00:01
SEREBRO - KISS,https://www.youtube.com/watch?v=LwpJjYxl3Gw,MALFA,2015-10-23 07:55:07,2015-06-05 06:35:21
Anna Naklab feat. Alle Farben & YouNotUs - Supergirl [Official Video],https://www.youtube.com/watch?v=31tiWX-8bdc,Pablo’s Dance Panic,2015-11-03 15:07:51,2015-03-26 12:44:31
KSHMR and BASSJACKERS ft SIRAH - Memories (Official Music Video),https://www.youtube.com/watch?v=LzVGvfBLEq0,Spinnin' Records,2015-11-03 15:09:43,2015-08-31 15:00:00
Sigma ft. Labrinth - Higher (Official Video),https://www.youtube.com/watch?v=Xv2SCjuuGt8,3 Beat,2015-11-03 15:10:17,2015-02-13 13:06:43
Martin Garrix feat. Usher - Don't Look Down (Lyric Video),https://www.youtube.com/watch?v=HQfgW83kY0E,Martin Garrix,2015-11-07 17:06:19,2015-03-17 14:16:42
Sam Feldt - Show Me Love (EDX's Indian Summer Remix) [Official Video],https://www.youtube.com/watch?v=ZTEHNRGqcxA,Spinnin' Records,2015-11-11 15:05:16,2015-06-27 15:00:01
Wilkinson - Breathe ft. Shannon Saunders,https://www.youtube.com/watch?v=8wmnuZHzUeo,WilkinsonVEVO,2015-11-11 15:05:58,2015-08-24 09:00:01
Ellie Goulding - On My Mind (Official Video),https://www.youtube.com/watch?v=H202k7KfZL0,EllieGouldingVEVO,2015-11-11 15:10:07,2015-09-21 15:00:00
"Sandra Lyng - ""Play My Drum"" - (Official musicvideo)",https://www.youtube.com/watch?v=zvfVPNYdlPg,Sandra Lyng,2015-11-24 12:18:08,2015-06-16 04:47:03
ItaloBrothers - Welcome To The Dancefloor (Official Video HD),https://www.youtube.com/watch?v=3ITQf6Ve7Nc,Kontor.TV,2015-12-13 15:18:16,2015-05-08 13:12:15
Sander van Doorn & MOTi - Lost (Official Music Video),https://www.youtube.com/watch?v=GMI1hgN2lGk,Spinnin' Records,2015-12-13 15:18:56,2015-11-06 16:00:40
Sigala - Sweet Lovin' ft. Bryn Christopher (Official Video),https://www.youtube.com/watch?v=qj5zT4t7S6c,SigalaVEVO,2015-12-13 15:33:06,2015-11-13 09:30:00
Calvin Harris & Disciples - How Deep Is Your Love,https://www.youtube.com/watch?v=EgqUJOudrcM,CalvinHarrisVEVO,2016-01-03 10:39:22,2015-08-06 07:00:01
Duke Dumont - Ocean Drive (Official Music Video),https://www.youtube.com/watch?v=KDxJlW6cxRk,DukeDumontVEVO,2016-01-05 14:55:43,2015-09-15 15:00:01
Cartoon - On & On (feat. Daniel Levi) [NCS Release],https://www.youtube.com/watch?v=K4DyBUG242c,NoCopyrightSounds,2016-01-07 22:37:50,2015-07-09 16:34:35
The Weeknd - Can't Feel My Face (Official Video),https://www.youtube.com/watch?v=KEI4qSrkPAs,TheWeekndVEVO,2016-01-09 15:43:28,2015-07-29 16:00:02
Echosmith - Cool Kids (Gazzo & Two Friends Remix) [Premiere],https://www.youtube.com/watch?v=DwyABA9OiHY,Proximity,2016-01-09 18:46:32,2015-02-08 19:03:24
Drake - Hotline Bling,https://www.youtube.com/watch?v=uxpDa-c-4Mc,DrakeVEVO,2016-01-17 08:53:02,2015-10-26 22:00:03
Taylor Swift - Wildest Dreams,https://www.youtube.com/watch?v=IdneKLhsWOQ,TaylorSwiftVEVO,2016-01-17 09:07:48,2015-08-31 00:55:00
Taylor Swift - Style,https://www.youtube.com/watch?v=-CmadmM5cOk,TaylorSwiftVEVO,2016-01-17 09:12:38,2015-02-13 13:20:01
Zwette feat. Molly - Rush (Lyric Video) [OUT NOW],https://www.youtube.com/watch?v=DrmgxRvcCGY,Spinnin' Records,2016-01-17 09:26:46,2015-02-15 16:00:01
Laura - Supersonic  (Lyric video/ laulusõnadega)       #eestilaul2016,https://www.youtube.com/watch?v=Zrdcfwa0Ou4,Moonwalkstudio,2016-01-20 14:52:12,2015-12-07 12:50:48
David Guetta - Dangerous (Official video - radio edit) ft Sam Martin,https://www.youtube.com/watch?v=-0A9CzPNVhs,David Guetta,2016-01-29 14:08:12,2015-01-21 10:47:33
Sigma ft. Ella Henderson - Glitterball (Official Video),https://www.youtube.com/watch?v=DQF5aHVOW5s,3 Beat,2016-01-29 14:15:42,2015-06-26 11:30:00
Jonas Blue ft. Dakota - Fast Car (Official Audio),https://www.youtube.com/watch?v=GjnadPBMJGs,JonasBlueVEVO,2016-02-02 15:25:12,2015-12-09 11:30:00
Sia - Cheap Thrills (Official Audio),https://www.youtube.com/watch?v=J1b22l1kFKY,SiaVEVO,2016-02-02 15:26:22,2015-12-17 04:00:00
Lost Kings - You feat. Katelyn Tarver,https://www.youtube.com/watch?v=UNdcAtZhjik,Translight,2016-02-17 18:20:42,2015-10-21 18:55:16
Lukas Graham - 7 Years [Official Music Video],https://www.youtube.com/watch?v=LHCob76kigA,Lukas Graham,2016-02-17 18:21:21,2015-12-15 15:01:55
Zara Larsson - Lush Life,https://www.youtube.com/watch?v=tD4HCZe-tew,ZaraLarssonMusicVEVO,2016-04-13 17:37:53,2015-07-01 07:00:01
Charlie Puth - Marvin Gaye ft. Meghan Trainor [Official Video],https://www.youtube.com/watch?v=igNVdlXhKcI,Charlie Puth,2016-04-13 17:39:49,2015-04-01 21:03:44
twenty one pilots: Stressed Out [OFFICIAL VIDEO],https://www.youtube.com/watch?v=pXRviuL6vMY,Fueled By Ramen,2016-05-17 12:08:09,2015-04-28 03:05:18
Felix Jaehn - Ain't Nobody (Loves Me Better) (Official Video) ft. Jasmine Thompson,https://www.youtube.com/watch?v=5j1RCys4R0g,FelixJaehnVEVO,2016-05-17 12:11:17,2015-04-10 09:59:01
Gorgon City - Saving My Life ft. ROMANS (Official Video),https://www.youtube.com/watch?v=xuoexDtiqxs,GorgonCityVEVO,2016-05-17 12:14:50,2015-08-17 17:00:01
Alan Walker - Faded,https://www.youtube.com/watch?v=60ItHLz5WEA,Alan Walker,2016-05-17 12:15:17,2015-12-04 07:00:30
"David Guetta - Hey Mama (Official Video) ft Nicki Minaj, Bebe Rexha & Afrojack",https://www.youtube.com/watch?v=uO59tfQ2TbA,David Guetta,2016-05-17 12:36:05,2015-05-19 19:41:51
Carly Rae Jepsen - I Really Like You,https://www.youtube.com/watch?v=qV5lzRHrGeg,CarlyRaeJepsenVEVO,2016-05-17 12:38:47,2015-03-07 04:45:00
Cartoon - Immortality (feat. Kristel Aaslaid) [NCS Release],https://www.youtube.com/watch?v=a--V2nZBtXM,NoCopyrightSounds,2016-05-17 12:46:27,2015-12-12 16:03:45
Grete Paia - Stories Untold (Lyric video/laulusõnadega) #eestilaul2016,https://www.youtube.com/watch?v=b69Ij9PWDPM,Moonwalkstudio,2016-05-17 12:48:16,2015-12-11 10:13:40
Axwell Λ Ingrosso - On my way (feat. Salem Al Fakir),https://www.youtube.com/watch?v=u3hVNNmb-Gc,gloobe90,2016-05-26 16:05:45,2015-03-11 20:35:27
David Guetta - Bang My Head (Official Video) feat Sia & Fetty Wap,https://www.youtube.com/watch?v=qqjVwAg5fK4,David Guetta,2016-05-27 17:07:20,2015-11-06 15:21:18
Robin Schulz - Sugar (feat. Francesco Yates) (OFFICIAL MUSIC VIDEO),https://www.youtube.com/watch?v=bvC_0foemLY,Robin Schulz,2016-05-27 17:10:02,2015-07-24 14:00:01
KSHMR & Marnik - Bazaar (Official Sunburn Goa 2015 Anthem) [Official Music Video],https://www.youtube.com/watch?v=KlJAiwwGHMg,Spinnin' Records,2016-06-15 17:12:02,2015-12-11 16:00:00
David Guetta - What I Did For Love (Lyric Video) ft Emeli Sandé,https://www.youtube.com/watch?v=9fL5iWgWwno,David Guetta,2016-07-14 18:43:37,2015-01-12 14:08:14
Selena Gomez - Same Old Love,https://www.youtube.com/watch?v=9h30Bx4Klxg,SelenaGomezVEVO,2016-08-03 14:14:33,2015-10-07 16:00:01
The Weeknd - The Hills,https://www.youtube.com/watch?v=yzTuBuRdAyA,TheWeekndVEVO,2016-08-03 14:17:57,2015-05-27 13:00:03
Wiz Khalifa - See You Again ft. Charlie Puth [Official Video] Furious 7 Soundtrack,https://www.youtube.com/watch?v=RgKAFK5djSk,Wiz Khalifa Music,2016-08-04 21:07:08,2015-04-07 03:00:03
DJ Snake ft. Bipolar Sunshine - Middle [Exclusive],https://www.youtube.com/watch?v=GAkPnIDwTUk,Proximity,2016-08-05 16:53:25,2015-11-01 17:00:00
Sia - Elastic Heart feat. Shia LaBeouf & Maddie Ziegler (Official Video),https://www.youtube.com/watch?v=KWZGAExj-es,SiaVEVO,2016-08-09 18:49:37,2015-01-07 17:00:02
Shaun Frank & KSHMR - Heaven (feat. Delaney Jane) [Official Lyric Video],https://www.youtube.com/watch?v=GOuHbx7krCk,Spinnin' Records,2016-08-14 16:56:46,2015-10-19 15:00:00
Koit Toome feat Wh1teland - Legend,https://www.youtube.com/watch?v=N9907X4eNs8,Tierra Blanca Content,2016-08-31 18:41:03,2015-09-04 05:19:32
Rachel Platten - Fight Song (Official Video),https://www.youtube.com/watch?v=xo1VInw-SKc,RachelPlattenVEVO,2016-09-03 15:49:32,2015-05-19 14:00:05
Maroon 5 - Sugar (Official Music Video),https://www.youtube.com/watch?v=09R8_2nJtjg,Maroon5VEVO,2016-09-17 08:33:50,2015-01-14 15:00:11
Kygo - Stay (ft. Maty Noyes),https://www.youtube.com/watch?v=7m_QZZTb6Xc,Proximity,2016-10-16 11:07:53,2015-12-05 03:05:43
Maroon 5 - This Summer's Gonna Hurt Like A Motherf****r (Explicit) (Official Music Video),https://www.youtube.com/watch?v=Wa64gOwuIyE,Maroon5VEVO,2016-11-20 15:12:37,2015-06-01 20:00:01
DNCE - Cake By The Ocean,https://www.youtube.com/watch?v=vWaRiD5ym74,DNCEVEVO,2016-12-31 18:12:33,2015-10-16 16:00:03
Eminem Lose Yourself HD,https://www.youtube.com/watch?v=02Zm-Ayv-PA,estou querendo crescer,2017-04-20 19:52:46,2015-11-23 20:14:45
Avicii - Waiting For Love,https://www.youtube.com/watch?v=cHHLHGNpCSA,AviciiOfficialVEVO,2017-05-09 17:05:08,2015-06-26 07:00:00
Martin Garrix & Tiësto - The Only Way Is Up (Official Music Video),https://www.youtube.com/watch?v=AewNd29wRUM,Spinnin' Records,2017-05-09 17:21:56,2015-05-04 19:00:01
Tiësto & Don Diablo - Chemicals (feat. Thomas Troelsen) [Official Music Video],https://www.youtube.com/watch?v=Cbvqv19Nf0E,Spinnin' Records,2017-05-09 17:29:47,2015-09-23 15:00:00
Tiësto & KSHMR feat. Vassy - Secrets (Official Music Video),https://www.youtube.com/watch?v=Dr1nN__-2Po,Spinnin' Records,2017-05-09 17:33:43,2015-03-18 20:00:01
Janji - Heroes Tonight (feat. Johnning) [NCS Release],https://www.youtube.com/watch?v=3nQNiWdeH2Q,NoCopyrightSounds,2017-06-04 12:00:23,2015-06-09 16:00:00
Tiësto & The Chainsmokers - Split (Only U) [Official Music Video],https://www.youtube.com/watch?v=klIF0nhsxxM,Spinnin' Records,2017-06-20 20:57:38,2015-09-03 19:00:00
Zedd - Beautiful Now ft. Jon Bellion (Official Audio),https://www.youtube.com/watch?v=Sl2HeP8RlfU,ZEDDVEVO,2017-06-20 21:05:24,2015-05-14 04:00:00
Faithless - Insomnia 2.0 - Avicii Remix (Official),https://www.youtube.com/watch?v=Hh0e_lotkY4,FaithlessVEVO,2017-06-25 21:08:57,2015-07-24 21:00:00
Netsky - Rio (Official Video) ft. Digital Farm Animals,https://www.youtube.com/watch?v=qFDP9egTwfM,NetskyVEVO,2017-07-02 16:21:22,2015-07-07 07:00:02
"Deorro, Chris Brown - Five More Hours",https://www.youtube.com/watch?v=yV8tm-ZPdpE,ChrisBrownVEVO,2017-07-09 11:42:17,2015-03-05 01:26:40
David Guetta & Showtek - Sun Goes Down (Official Lyric Video) ft Magic! & Sonny Wilson,https://www.youtube.com/watch?v=FKGpf1Bb6mo,David Guetta,2017-08-10 20:45:58,2015-09-23 19:58:23
R3HAB & KSHMR - Strong (Official Music Video),https://www.youtube.com/watch?v=wD5yKGhuzqY,Spinnin' Records,2017-08-18 20:42:54,2015-11-19 20:00:02
Sebastien feat. Hagedorn - High On You (Official Video HD),https://www.youtube.com/watch?v=Obsu1v9NvEc,Kontor.TV,2017-08-31 17:53:34,2015-07-28 16:13:05
Flo Rida - My House [Official Video],https://www.youtube.com/watch?v=uo35R9zQsAI,Flo Rida,2017-09-10 17:50:24,2015-09-24 10:01:11
"Mr. Belt & Wezol, Freejak - Somebody To Love (Official Music Video)",https://www.youtube.com/watch?v=6s5M0dJdqrM,Spinnin' Records,2017-10-23 19:28:16,2015-07-06 11:00:01
MTC-S3RL,https://www.youtube.com/watch?v=-zHm77FkW3U,Adrix Acuarelas,2017-10-24 09:46:03,2015-11-26 20:15:28
Atmozfears ft. David Spekter - Release (Official Videoclip),https://www.youtube.com/watch?v=B-7m0EfW7LM,Scantraxx,2017-11-05 21:10:28,2015-06-02 14:00:01
Armin van Buuren feat. Mr. Probz - Another You,https://www.youtube.com/watch?v=QjN27z_Oc6E,Armada Music TV,2017-11-10 18:45:26,2015-05-08 06:56:57
Nightstep - Earthquake,https://www.youtube.com/watch?v=NgbKHkp497U,NightcoreReality,2017-11-11 19:15:31,2015-05-06 19:58:26
[Nightcore] - Centuries,https://www.youtube.com/watch?v=pswSBshYB84,NightcoreForFun,2017-12-19 15:23:42,2015-04-06 18:56:50
Wasted Penguinz - Bitterness (Official Videoclip),https://www.youtube.com/watch?v=HbnCGuTDIaM,Wasted Penguinz,2018-02-12 19:22:35,2015-06-08 17:02:10
"Tungevaag, Raaban, Charlie Who? - Russian Roulette",https://www.youtube.com/watch?v=zbq9dfW69Zs,Tungevaag,2018-03-01 19:21:33,2015-11-27 06:57:44
Candy - S3RL feat Sara,https://www.youtube.com/watch?v=a6nM9cD6rF0,S3RL,2018-03-05 20:24:02,2015-09-02 22:35:46
"Stadiumx, Dzasko feat. Delaney Jane - Time Is On Your Side (Official Music Video)",https://www.youtube.com/watch?v=f7SXpn_Y1G8,Armada Music TV,2018-03-26 03:49:43,2015-08-31 15:00:00
Elina Born & Stig Rästa - Goodbye To Yesterday,https://www.youtube.com/watch?v=qfR0bQZhlqM,Stig Rästa,2018-03-30 19:31:13,2015-01-07 08:50:48
Tiësto & Tony Junior - Get Down (Official Music Video),https://www.youtube.com/watch?v=71h1TBaEpwM,Spinnin' Records,2018-03-30 19:33:33,2015-12-29 16:00:01
twenty one pilots - Ride (Official Video),https://www.youtube.com/watch?v=Pw-0pbY9JeU,twenty one pilots,2018-03-30 19:38:28,2015-05-13 22:00:26
Foreigner - Cold as Ice (A.Skillz & Nick Thayer Bootleg Remix).mp4,https://www.youtube.com/watch?v=D4pjY-y5VcQ,Moombablasta,2018-03-30 20:10:53,2015-08-10 22:59:52
Hentai - S3RL (CENSORED (even more)),https://www.youtube.com/watch?v=cNgyuHtBBW8,S3RL,2018-04-05 18:39:13,2015-12-24 09:26:44
When I Die - S3RL feat Razor Sharp & Krystal,https://www.youtube.com/watch?v=cQewVhVpnEk,S3RL,2018-04-05 18:44:50,2015-08-05 23:41:08
Dirtcaps X Jebroer - Miljoenen (Beatcrooks remix),https://www.youtube.com/watch?v=T6RL18qN8xs,Beatcrooks NL,2018-04-14 10:17:14,2015-04-24 12:25:34
[Dubstep] radasK - Drama [Clown Release],https://www.youtube.com/watch?v=tfHFUlQDElo,Clown Music,2018-04-14 14:53:10,2015-07-16 18:00:02
"OZZY OSBOURNE - ""Dreamer"" (Official Video)",https://www.youtube.com/watch?v=LCCiwPEdEpg,Ozzy Osbourne,2018-04-15 19:06:47,2015-04-27 19:36:25
Wasted Penguinz - I Love You (Official Videoclip),https://www.youtube.com/watch?v=get6Q7MF1ao,Wasted Penguinz,2018-05-14 10:29:14,2015-07-06 14:59:35
R4V3 B0Y - S3RL feat Krystal,https://www.youtube.com/watch?v=XJA5IhsDD9M,S3RL,2018-05-26 17:56:30,2015-03-04 23:48:07
Brennan Heart & Audiotricz - Coming Home (ft CHRISTON),https://www.youtube.com/watch?v=mtIULRXA3AA,I AM HARDSTYLE,2018-05-31 09:44:42,2015-07-16 14:00:02
Catchit - S3RL,https://www.youtube.com/watch?v=BjFWk0ncr70,S3RL,2018-06-22 16:04:21,2015-06-04 00:36:02
Old Stuff - S3RL feat Minto,https://www.youtube.com/watch?v=3x8iXwG5EkE,S3RL,2018-06-22 16:05:38,2015-04-01 22:53:23
AniMe - Terrordome #TiH (Official Video Showcase),https://www.youtube.com/watch?v=O3LVeJVa070,DJ AniMe,2018-07-05 15:57:03,2015-05-05 17:27:17
AniMe & Rob Gee - You get me high,https://www.youtube.com/watch?v=aAdxv1lzScY,DJ AniMe,2018-07-05 16:11:58,2015-09-18 10:41:20
Korsakoff & DaY-mar Feat. Erik Lindeman - Hurt (Official video),https://www.youtube.com/watch?v=NE6-5zSmodQ,OfficialKorsakoff,2018-07-05 16:18:47,2015-05-28 13:56:41
The Viper & Korsakoff - Temptation (Official Music Video),https://www.youtube.com/watch?v=H-qSJY4Gpfk,The Viper,2018-07-05 17:35:57,2015-12-11 11:57:28
Wild Motherfuckers - Wild Wild West,https://www.youtube.com/watch?v=2B_ofBjoidE,hard dance world,2018-07-20 14:18:01,2015-09-10 16:20:44
D-block & S-te-fan - Higher,https://www.youtube.com/watch?v=VAIouVWpy2c,hard dance world,2018-07-20 14:18:09,2015-12-20 14:08:22
Dj Mad Dog - Back to the old school,https://www.youtube.com/watch?v=2JMDA85nrA4,Dance2Eden,2018-07-20 19:33:44,2015-03-01 10:27:49
Refuzion - Without You (Official Video Clip),https://www.youtube.com/watch?v=7XdcVSp4-2o,Dirty Workz,2018-07-25 07:20:21,2015-12-07 18:00:00
Sound Rush - Froz3n (Official Video),https://www.youtube.com/watch?v=jmcy6iUEIaY,Lose Control Music,2018-07-30 06:30:42,2015-01-12 14:40:47
DJ Mad Dog feat. MC Nolz & MC Syco - The apocalypse (Unity Anthem 2015 - Official Videoclip) [HD],https://www.youtube.com/watch?v=bmVIi-5xCiQ,Traxtorm Records,2018-08-01 07:14:43,2015-10-08 15:25:15
Max Enforcer - Rise Up [Lose Control Music],https://www.youtube.com/watch?v=ZCdDt6TSlJ0,Lose Control Music,2018-08-01 08:33:27,2015-04-08 13:50:29
Bass Modulators - Oxygen (Official Videoclip),https://www.youtube.com/watch?v=HerCdRKuomk,Scantraxx,2018-08-01 10:20:06,2015-05-18 17:35:01
ID - ID [HQ Preview],https://www.youtube.com/watch?v=zmfuu5M2wxE,EuphoricHardStyleZ,2018-08-01 14:52:58,2015-02-15 15:58:29
Atmozfears & Audiotricz - Reawakening (Official Videoclip),https://www.youtube.com/watch?v=ZS01mlh3_f8,Scantraxx,2018-08-06 12:12:43,2015-02-03 18:00:00
Enya - The Humming (Lyric Video),https://www.youtube.com/watch?v=FOP_PPavoLA,enyatv,2018-08-06 13:56:12,2015-11-13 17:40:26
Dr.Peacock & Death By Design - Eat This,https://www.youtube.com/watch?v=2Aam1q_wpj8,MY.Necron,2018-08-09 15:03:47,2015-05-15 13:47:54
Waverider - Skyscraper (PREVIEW),https://www.youtube.com/watch?v=9JHU7RzSwEE,WaveriderMedia,2018-08-10 12:14:32,2015-03-16 18:59:10
Art of Fighters & Meccano Twins - Hear me coming (Traxtorm Records - TRAX 0139),https://www.youtube.com/watch?v=9I1NfSWVPkQ,Traxtorm Records,2018-08-10 18:15:13,2015-02-25 09:37:08
The Pitcher - So Good (Official Album Preview),https://www.youtube.com/watch?v=3dh2uYbwJGo,The Pitcher,2018-08-12 17:45:26,2015-01-07 17:30:01
Dr. Peacock & Remzcore - Nothing is Free [High Quality],https://www.youtube.com/watch?v=B0fzuGHcZ-Q,Journey of the Harder Stylez,2018-08-14 19:01:03,2015-06-05 13:26:29
Broken Minds - Requiem For A Dream (FULL) [HQ|HD],https://www.youtube.com/watch?v=Av89qu9W6NA,MrHardcoreMusic,2018-08-16 13:16:44,2015-04-23 13:33:35
Thorax - Dark Angel (FULL) [HQ|HD],https://www.youtube.com/watch?v=fOKQDd1d_ws,MrHardcoreMusic,2018-08-16 15:58:13,2015-06-01 17:00:02
Dr. Peacock - Trip to Ireland,https://www.youtube.com/watch?v=GvrvQTUbUcA,MY.Necron,2018-08-26 18:41:41,2015-07-08 14:46:40
Partyraiser & Destructive Tendencies - Sound Becomes One - Official Videoclip,https://www.youtube.com/watch?v=8rbIo6TMO2E,Official Partyraiser,2018-08-30 17:24:44,2015-08-12 17:04:18
2 Best Enemies - Phases (TBY Romantic Mix) [THROWBACK WEEK],https://www.youtube.com/watch?v=1WL3_R2wFSA,The Legendary Uploadzz,2018-08-31 13:49:22,2015-03-15 14:00:01
Promo - Love Everything About Her Now,https://www.youtube.com/watch?v=fJOOR7wZZaE,The Third Movement,2018-09-02 09:34:39,2015-06-26 08:20:41
Degos & Re-Done - Madness (OFFICIAL PREVIEW),https://www.youtube.com/watch?v=SAumaYY9HeY,degosredone,2018-09-08 20:08:03,2015-02-03 20:00:01
Darren Styles & Re-Con ft. Matthew Steeper - Rest Of Your Life (Da Tweekaz Remix),https://www.youtube.com/watch?v=tyyEyUmxnXU,Dirty Workz,2018-09-15 19:12:04,2015-03-25 18:00:01
R3hab & Headhunterz - Won't Stop Rocking (Official Music Video),https://www.youtube.com/watch?v=USVg_E7r20g,Spinnin' Records,2018-09-18 12:33:08,2015-10-23 18:00:01
Wildstylez & Brennan Heart - Lies Or Truth (Official Video),https://www.youtube.com/watch?v=ns2o29nNr4I,I AM HARDSTYLE,2018-10-06 18:14:56,2015-04-01 13:59:56
Omegatypez - One Night (Official Videoclip),https://www.youtube.com/watch?v=sRCBWXfK8mE,Omegatypez,2018-10-13 17:19:01,2015-07-27 16:00:04
[Hardcore] - Stonebank - Stronger (feat. EMEL) [Monstercat Release],https://www.youtube.com/watch?v=I1NuCWfYeYc,Monstercat Uncaged,2018-10-13 18:12:00,2015-01-05 19:39:39
Nosferatu - Sanctity of Space,https://www.youtube.com/watch?v=tIRuCWAY_aU,Nosferatu Official,2018-10-16 13:20:05,2015-11-09 14:30:00
Tha Playah & Promo ft. Snowflake - Down Below,https://www.youtube.com/watch?v=ywnGqt8b0GI,Tha Playah,2018-10-20 21:33:34,2015-09-25 12:16:39
Regain - Broken | Official Videoclip,https://www.youtube.com/watch?v=X360keJeycE,Heart for Hard,2018-11-16 13:29:54,2015-06-15 18:03:17
Crystal Sky - S3RL feat Sara,https://www.youtube.com/watch?v=vjT8VknDc-E,S3RL,2018-11-18 10:30:37,2015-11-18 22:49:35
Josh & Wesz - Retrospect (Official HQ Preview),https://www.youtube.com/watch?v=vHLlw-cIiIc,Dirty Workz,2018-11-25 09:56:08,2015-02-12 18:00:00
Zatox vs HWS Origins - Zombivilization,https://www.youtube.com/watch?v=eO9dd3sLHNo,No Genres Available,2018-12-11 17:17:11,2015-12-27 20:23:30
Zatox - Rumble In The Jungle (Official 4K Video),https://www.youtube.com/watch?v=EkiKN9sVFu0,Zatox,2019-04-06 20:11:22,2015-09-03 14:59:36
DJ Mad Dog & AniMe - Ama shishi (Videoclip),https://www.youtube.com/watch?v=PIOGEYyKWqw,DJ AniMe,2019-06-03 11:34:30,2015-11-06 17:40:02
Lindsey Stirling - Senbonzakura (Kurousa Cover),https://www.youtube.com/watch?v=6-wEAeNcA_A,Lindsey Stirling,2019-07-29 15:24:47,2015-01-27 20:53:19
The Nasty Boyz - Angel (Technoboy & DJ Nikola Re-edit),https://www.youtube.com/watch?v=TuCnAblR4XU,djnikolamusic,2019-11-16 07:26:00,2015-01-02 14:12:19
Paul van Dyk feat. Sue McLaren - Lights (Official Video),https://www.youtube.com/watch?v=DHQoaDS2jVk,Ultra Records,2020-01-01 07:44:32,2015-08-14 22:25:39
LEA RUE - I Can't Say No! (Broiler Remix) [Official Music Video],https://www.youtube.com/watch?v=d0lY1XF7xss,Armada Music TV,2020-01-03 16:31:55,2015-08-12 15:00:01
Remedy,https://www.youtube.com/watch?v=iP1o6hUqiTc,Little Boots - Topic,2020-01-08 21:26:32,2015-08-28 20:35:43
Giorgio Moroder - Tom's Diner (Lyric Video) ft. Britney Spears,https://www.youtube.com/watch?v=6_x7gTQOEs4,GiorgioMoroderVEVO,2020-01-30 14:49:02,2015-10-09 07:00:00
MaRLo feat. Christina Novelli - Hold It Together (Official Music Video),https://www.youtube.com/watch?v=n7LP7-jJ4cw,Armada Music TV,2020-02-20 14:24:54,2015-04-04 15:00:00
Hyperdrive - The Punishment (Frequencerz Edit),https://www.youtube.com/watch?v=hBJabHYe1ao,Middle Action,2020-03-19 12:03:55,2015-05-29 19:07:16
Booty Luv - Boogie 2nite (Seamus Haji Big Love edit),https://www.youtube.com/watch?v=NMy_HQ6mPok,Musical Time Machine,2020-04-04 11:06:16,2015-06-23 19:57:17
8. Basshunter - Camilla,https://www.youtube.com/watch?v=PagBNcQLCdg,BASSHUNTER,2020-04-04 11:09:01,2015-09-18 14:16:39
Trans-X - I'm Yours Tonight (Electro Potato Remix),https://www.youtube.com/watch?v=FEsU-C0_MnU,IDMM Club 💙Glory of Ukraine💛,2020-04-25 11:49:57,2015-10-12 08:23:48
Shelter (Photographer Extended Remix),https://www.youtube.com/watch?v=pGD5o9xF1Hg,Dash Berlin - Topic,2020-04-26 17:13:44,2015-02-21 18:29:15
Muse - Uprising (Gunz For Hire Bootleg) [FREE],https://www.youtube.com/watch?v=WF4xPxiZL88,The Hardstyle Musicz,2020-04-30 16:45:20,2015-10-14 14:37:44
Blümchen - Nur geträumt (Official Video),https://www.youtube.com/watch?v=vSfVfVvYstg,Blümchen / Jasmin Wagner,2020-05-13 07:19:16,2015-03-11 16:29:10
Lolita Jolie - Bonjour Madame (Hands Up Freaks Remix),https://www.youtube.com/watch?v=tFejiVx2VO4,You Love Dance.TV,2020-05-16 18:55:10,2015-04-10 15:02:00
Blümchen - Herz an Herz (Official Video),https://www.youtube.com/watch?v=eGUsqIPurNQ,Blümchen / Jasmin Wagner,2020-05-19 08:28:23,2015-03-12 12:03:09
E-Rotic - Max Don't Have Sex With Your Ex,https://www.youtube.com/watch?v=utbeH4ivHis,Wild FM,2020-05-20 19:30:46,2015-09-04 05:36:33
Medicine (Topmodelz Radio Mix),https://www.youtube.com/watch?v=mSeBgx-tl48,Kim Leoni - Topic,2020-06-02 08:04:40,2015-01-28 18:10:32
Again (Neo Cortex Radio Mix),https://www.youtube.com/watch?v=MlcvvKTdoYU,Kim Leoni - Topic,2020-06-11 14:12:35,2015-01-28 03:10:39
Emergency (Original Radio Mix),https://www.youtube.com/watch?v=W5HCBsmNwV4,Kim Leoni - Topic,2020-06-11 17:26:51,2015-08-28 19:36:20
10. Basshunter - Patrik och Lillen - Vifta Med Händerna (Basshunter Remix),https://www.youtube.com/watch?v=W3kaBIjn_QM,BASSHUNTER,2020-06-29 22:05:46,2015-09-18 14:17:19
Ride on a white train (feat. Trixi Delga) (Original Club Mix),https://www.youtube.com/watch?v=721Y7eFQhjs,DJ Klubbingman - Topic,2020-07-15 08:58:32,2015-01-27 20:55:46
It's Gonna Be Love (S3RL Remix) - Starstruck feat Mel,https://www.youtube.com/watch?v=LqTNbQV2QdM,Desuvi Music,2020-08-31 17:45:22,2015-11-26 17:44:21
L.A.R.5 vs. NICCO & Jai Matt - Tropical Love  (DJ Gollum feat. Dj Cap Video Edit HD),https://www.youtube.com/watch?v=g4sC3HU96xs,Zooland.TV,2020-09-10 11:32:06,2015-12-18 16:00:03
Dailucia feat Popr3b3l - Where My Heart Matches The Beat [Derailed Traxx Grey],https://www.youtube.com/watch?v=gk7mli_cxbM,Derailed Traxx,2020-09-29 19:00:37,2015-01-20 09:40:37
Distance - Peace Of Mind [Derailed Traxx Grey],https://www.youtube.com/watch?v=rcKf-dTQRwM,Derailed Traxx,2020-09-30 12:12:02,2015-04-27 15:33:07
DEEP.SPIRIT feat. KATHY - No cover song,https://www.youtube.com/watch?v=iKl4XyvliWg,ARCRecords,2020-10-19 15:46:17,2015-11-04 17:04:20
Da Tweekaz - The Hanging Tree (Official Preview),https://www.youtube.com/watch?v=X7W6LgdLK8s,Da Tweekaz,2020-10-25 18:29:55,2015-04-28 17:00:01
Manuel Lauren - Masterpiece (Phillerz Remix Edit),https://www.youtube.com/watch?v=GZUGBV9JNmw,Hands Up Generation,2020-11-04 13:28:54,2015-09-03 17:08:18
Behind The Nothing,https://www.youtube.com/watch?v=1DhbWtimRzU,Freqz - Topic,2020-11-20 20:20:23,2015-12-12 03:46:18
SoundArtz - Action 2k16,https://www.youtube.com/watch?v=HuIgGISoHd0,Hands Up Promotions,2020-12-28 15:33:33,2015-11-12 04:10:11
All 'Bout the Money (Pierre J's Extended Version),https://www.youtube.com/watch?v=scnz5vt6y2Q,Meja - Topic,2020-12-29 21:10:05,2015-09-24 20:20:31
Sandra Lyng - Play My Drum (Official Audio),https://www.youtube.com/watch?v=LZMu8gVqD3Y,Sandra Lyng,2021-01-05 08:48:06,2015-06-01 09:56:42
Rocco & CC.K - V (Scoon & Delore Bootleg Mix Edit),https://www.youtube.com/watch?v=HN-NQjSDfp4,You Love Dance.TV,2021-01-24 15:56:00,2015-06-12 09:05:26
"Down, Down, Down (Radio Edit)",https://www.youtube.com/watch?v=rYrIKc-TPNk,X-Ite - Topic,2021-02-02 12:19:22,2015-11-19 18:28:25
Norda - Dance for me (Scoon & Delore Remix Edit),https://www.youtube.com/watch?v=EQlsxx0NZOE,You Love Dance.TV,2021-03-26 09:56:43,2015-05-22 13:07:53
Marry - Bis in alle Ewigkeit (Megastylez vs. DJ Restlezz Remix) (Video),https://www.youtube.com/watch?v=xmDyAs5_VWc,FiestaRecordsMusic,2021-04-02 17:39:09,2015-06-25 17:00:02
DJ Restlezz vs. Tribune - Happy Revolution (Megastylez Remix Edit),https://www.youtube.com/watch?v=Z27aiHOsfCs,Hands Up Generation,2021-04-02 18:14:58,2015-09-27 12:48:23
Hero (Original Mix),https://www.youtube.com/watch?v=RErYpgSvUzw,Nick Skitz - Topic,2021-05-17 19:27:53,2015-08-23 17:52:44
Don't Break My Heart (Alphazone Remix),https://www.youtube.com/watch?v=9nnMSXrmbB0,Fragrance - Topic,2021-05-18 12:14:06,2015-01-27 21:56:43
B-Front - Undiscovered,https://www.youtube.com/watch?v=oFeqQMyCUew,B-Front,2021-05-26 11:08:45,2015-02-07 11:00:05
Ophidian - Butterfly Vip,https://www.youtube.com/watch?v=yQaqejQQC2M,enzymeofficial,2021-06-18 10:19:50,2015-12-15 12:05:16
Code Black - Triangle,https://www.youtube.com/watch?v=T-KGV80DJRI,Code Black,2021-06-27 16:49:24,2015-10-07 16:18:41
Pressure Waves (Original Mix),https://www.youtube.com/watch?v=kzCF0VyBmQE,Festuca - Topic,2021-07-01 12:02:07,2015-05-19 13:53:48
Blümchen - Heut' ist mein Tag (Official Video),https://www.youtube.com/watch?v=QXay1pdfQpI,Blümchen / Jasmin Wagner,2021-07-09 09:11:33,2015-03-12 09:28:47
Blümchen - Ich bin wieder hier (Official Video),https://www.youtube.com/watch?v=NcbskLp9lK8,Blümchen / Jasmin Wagner,2021-07-14 19:55:14,2015-03-12 12:03:15
I Engineer (Without Bangboy Mix),https://www.youtube.com/watch?v=0G_Ue2vgzmk,Bangbros - Topic,2021-08-02 18:50:01,2015-01-27 18:13:28
Step By Step (Original),https://www.youtube.com/watch?v=Ec2C9oFnbUE,Unloaders - Topic,2021-08-06 14:13:38,2015-01-27 23:52:53
E-Force - Remote Control,https://www.youtube.com/watch?v=_VqAcFQc8oc,E-Force,2021-08-06 14:16:35,2015-06-01 08:01:11
B-Front & Alpha² - Liberate,https://www.youtube.com/watch?v=VU4BP8Vh2hE,B-Front,2021-08-06 14:19:13,2015-02-07 11:00:04
The Saint,https://www.youtube.com/watch?v=roJV9MXKMw8,Bruno Power - Topic,2021-10-06 18:54:33,2015-02-24 14:06:49
Intoxication (Club Mix),https://www.youtube.com/watch?v=B-WmEAdL3oU,Dj Zealot & Hardux - Topic,2021-10-06 18:56:25,2015-01-27 22:30:21
Dope Monkeys - Freestoila (Hardcore Edit),https://www.youtube.com/watch?v=DAigxAgzxS8,MY.Necron,2021-11-07 18:37:03,2015-08-19 23:01:29
Died In Your Arms (Club Mix),https://www.youtube.com/watch?v=Gc9z83IDVSA,Alex M. vs. Marc van Damme - Topic,2021-11-21 21:53:05,2015-01-28 00:45:39
The Riddle (Clubbticket Remix),https://www.youtube.com/watch?v=ii06z_m5AUc,Marco Van Bassken - Topic,2021-11-26 19:57:06,2015-01-28 16:40:58
Need You Now (Kris McTwain Remix),https://www.youtube.com/watch?v=1cKld21JJP8,Nick Skitz - Topic,2021-12-06 00:43:49,2015-01-27 18:49:35
Arschgesicht (Arsch Auf Viva Mix),https://www.youtube.com/watch?v=aUAwmRnLujA,Bangbros - Topic,2021-12-19 22:30:30,2015-01-28 08:53:44
Devil In Disguise (Rob Mayth Remix),https://www.youtube.com/watch?v=lb3iez8o9SY,Aycan - Topic,2021-12-28 17:06:23,2015-01-28 17:52:17
Angerfist & Radical Redemption - Repercussion,https://www.youtube.com/watch?v=NDxpkp57QHo,Angerfist,2022-01-17 16:29:40,2015-11-28 13:00:00
Hamburg Rulez (feat. Mike Rossi),https://www.youtube.com/watch?v=jTm6rv6QPcA,Barbarez feat. Mike Rossi - Topic,2022-02-26 13:16:57,2015-01-28 17:02:20
BUMPIN' HARD,https://www.youtube.com/watch?v=mOzPiS8qrTU,Ivan Carsten - Topic,2022-03-18 11:09:22,2015-11-04 22:55:58
Stranger On This Planet (Vocal Edit),https://www.youtube.com/watch?v=AGjYWqfAMX0,DJ Shog - Topic,2022-03-18 11:17:56,2015-01-27 22:11:00
Every Single Day (Club Mix),https://www.youtube.com/watch?v=1z86wKnpKCk,Sample Rippers - Topic,2022-03-18 11:22:38,2015-01-27 18:55:06
Blasco - Take My Soul (Official HQ Preview),https://www.youtube.com/watch?v=32IGCzsEBWU,Dirty Workz,2022-05-25 23:00:28,2015-09-01 17:30:00
Õnne Valem,https://www.youtube.com/watch?v=P_ctwvHOxrI,The Sun - Topic,2022-06-28 14:15:02,2015-06-23 14:44:49
Gonna Take You High,https://www.youtube.com/watch?v=dNKm9cPCqNs,Geos Crew - Topic,2022-09-13 17:45:33,2015-07-11 12:47:15
Happy Hour (Club Mix),https://www.youtube.com/watch?v=KxeNr4Of0rE,Bangbros - Topic,2022-09-25 04:07:16,2015-01-28 02:25:17
Micast ft. Skinny Jeans - Ballad of High Noon (RainDropz! Edit),https://www.youtube.com/watch?v=DZuAlcIyOvo,You Love Dance.TV,2022-09-25 14:02:19,2015-11-23 09:07:40
DJ Phil - Ich Vermisse Dich (De-Grees Remix Edit),https://www.youtube.com/watch?v=-MhANVrk8kA,yawarecordings,2022-10-11 19:49:19,2015-07-30 13:29:10
Krid P. - Bagpipes (Club Mix),https://www.youtube.com/watch?v=er-NOpk54rc,TrueHardtranceSounds,2023-01-16 18:06:23,2015-08-25 12:43:42
X-Cess! - I´m back (Radio Edit),https://www.youtube.com/watch?v=yACpsMV-YRw,Central Stage of Music,2023-05-20 14:33:54,2015-10-05 10:29:29
