The Chainsmokers - Don't Let Me Down (Audio) ft. Daya,https://www.youtube.com/watch?v=qMH0Xglh7GA,ChainsmokersVEVO,2016-05-17 12:15:47,2016-02-05 15:00:02
Jüri Pootsmann - Play (Audio),https://www.youtube.com/watch?v=fUq8TAweZnw,JuriPootsmannVEVO,2016-05-17 12:45:48,2016-01-11 10:00:00
Dimitri Vegas & Like Mike vs W&W - Arcade (Official Video),https://www.youtube.com/watch?v=juk-DPtSY4M,Dimitri Vegas & Like Mike,2016-05-21 15:30:27,2016-03-01 17:44:49
Avicii vs. Conrad Sewell - Taste The Feeling | Coca-Cola,https://www.youtube.com/watch?v=F82W3tKtr8c,Coca-Cola,2016-05-26 16:07:00,2016-03-10 22:55:56
Fifth Harmony - Work from Home (Official Video) ft. Ty Dolla $ign,https://www.youtube.com/watch?v=5GL9JoH4Sws,FifthHarmonyVEVO,2016-05-27 17:05:58,2016-02-26 12:05:00
Martin Garrix - Now That I've Found You (feat. John & Michel) [Official Video],https://www.youtube.com/watch?v=xuSxRuk_07Y,Martin Garrix,2016-05-27 17:07:44,2016-03-11 19:02:53
ZAYN - PILLOWTALK,https://www.youtube.com/watch?v=C_3d6GntKbk,ZaynVEVO,2016-05-27 17:08:44,2016-01-29 05:01:00
Kungs vs Cookin’ on 3 Burners - This Girl (Official Music Video),https://www.youtube.com/watch?v=2Y6Nne8RvaA,KungsVEVO,2016-05-27 17:09:31,2016-03-24 19:00:00
Lindsey Stirling + Otto Knows + Alex Aris - Dying For You (Official Video),https://www.youtube.com/watch?v=8jrN6Kz2XbU,Lindsey Stirling,2016-06-02 19:05:50,2016-02-04 22:03:37
"Calvin Harris, Rihanna - This Is What You Came For (Audio Clip) ft. Rihanna",https://www.youtube.com/watch?v=Ybo4QvKVHoE,CalvinHarrisVEVO,2016-06-07 16:18:49,2016-04-29 07:00:00
Alan Walker - Sing Me To Sleep,https://www.youtube.com/watch?v=2i2khp_npdE,Alan Walker,2016-06-29 16:51:32,2016-06-02 22:01:50
Alex Mattson - Forget You (Cover Art),https://www.youtube.com/watch?v=DJP6nRU6Fzc,Ultra Records,2016-07-12 18:02:12,2016-06-13 17:06:14
Ellie Goulding - Something In The Way You Move (Official Live Video),https://www.youtube.com/watch?v=hOT2XC9nmSU,EllieGouldingVEVO,2016-07-23 16:24:06,2016-02-23 16:00:02
Joe Stone & Ferreck Dawn - Man Enough (Official Music Video),https://www.youtube.com/watch?v=GzFCoBY_1a4,Spinnin' Records,2016-08-03 14:10:59,2016-02-08 20:00:04
Jonas Blue - Perfect Strangers ft. JP Cooper,https://www.youtube.com/watch?v=Ey_hgKCCYU4,JonasBlueVEVO,2016-08-03 14:14:02,2016-06-14 09:00:01
W&W - How Many (Extended Mix),https://www.youtube.com/watch?v=QllVOUxorbQ,W&W,2016-08-14 08:39:54,2016-03-28 12:00:00
"Liis Lemsalu - ""Sinu ees""",https://www.youtube.com/watch?v=tQbgyQZri_0,Full House Agency,2016-08-14 16:55:12,2016-06-01 06:29:51
Axwell Λ Ingrosso - Thinking About You (Official Video),https://www.youtube.com/watch?v=nw_YLrre4fU,AxwellIngrossoVEVO,2016-08-14 16:55:31,2016-05-31 16:00:02
Laura - 94/95   (Lyric video/laulusõnadega),https://www.youtube.com/watch?v=ZTfWpQPlzEY,Moonwalkstudio,2016-08-14 16:55:55,2016-07-12 11:34:42
Alesso - I Wanna Know ft. Nico & Vinz,https://www.youtube.com/watch?v=TnSfwONWlk8,AlessoOfficialVEVO,2016-08-14 16:56:14,2016-04-26 12:00:01
Katy Perry - Rise (Official),https://www.youtube.com/watch?v=hdw1uKiTI5c,KatyPerryVEVO,2016-08-14 21:17:27,2016-08-05 00:00:00
"Tungevaag, Raaban - Wolf (Lyric Video)",https://www.youtube.com/watch?v=ddUin9ye0uI,Tungevaag,2016-08-24 06:25:09,2016-03-09 08:54:17
twenty one pilots: Heathens (from Suicide Squad: The Album) [OFFICIAL VIDEO],https://www.youtube.com/watch?v=UprcpdwuwCg,Fueled By Ramen,2016-08-24 14:10:02,2016-06-21 22:25:16
Bebe Rexha - No Broken Hearts (feat. Nicki Minaj) [Official Music Video],https://www.youtube.com/watch?v=XoiEkEuCWog,Bebe Rexha,2016-09-06 18:40:06,2016-04-07 13:00:01
Martin Garrix & Bebe Rexha - In The Name Of Love (Official Audio),https://www.youtube.com/watch?v=AeGfss2vsZg,Martin Garrix,2016-09-06 18:40:21,2016-07-29 04:00:10
"Pitbull - Greenlight (Official Video) ft. Flo Rida, LunchMoney Lewis",https://www.youtube.com/watch?v=R7xbhKIiw4Y,PitbullVEVO,2016-09-10 20:49:25,2016-08-19 14:17:01
Cartoon - Here (ft. Würffel),https://www.youtube.com/watch?v=z6MlhXf47B4,Liquicity,2016-09-17 08:19:27,2016-06-22 15:41:17
The Chainsmokers - Closer (Lyric) ft. Halsey,https://www.youtube.com/watch?v=PT2_F-1esPk,ChainsmokersVEVO,2016-09-17 08:33:30,2016-07-29 07:00:02
"Sigala - Give Me Your Love ft. John Newman, Nile Rodgers (Official Music Video)",https://www.youtube.com/watch?v=ze6H75NCUs8,SigalaVEVO,2016-09-17 08:39:07,2016-04-29 13:00:05
Charlie Puth - We Don't Talk Anymore (feat. Selena Gomez) [Official Video],https://www.youtube.com/watch?v=3AtDnEC4zak,Charlie Puth,2016-09-17 08:41:21,2016-08-02 20:00:26
Selena Gomez - Kill Em With Kindness,https://www.youtube.com/watch?v=HHP5MKgK0o8,SelenaGomezVEVO,2016-09-19 11:32:32,2016-06-06 16:00:01
Ariana Grande ft. Nicki Minaj - Side To Side (Official Video) ft. Nicki Minaj,https://www.youtube.com/watch?v=SXiSVQZLje8,ArianaGrandeVevo,2016-09-24 10:25:54,2016-08-30 03:00:00
Shawn Mendes - Treat You Better,https://www.youtube.com/watch?v=lY2yjAdbvdQ,ShawnMendesVEVO,2016-10-02 17:20:25,2016-07-12 17:00:05
Flume - Never Be Like You feat. Kai,https://www.youtube.com/watch?v=Ly7uj0JwgKg,Flume,2016-10-12 15:21:10,2016-01-15 19:59:52
Nick Jonas - Close ft. Tove Lo,https://www.youtube.com/watch?v=XgJFqVvb2Ws,NickJonasVEVO,2016-10-13 13:23:18,2016-03-25 13:00:01
Dua Lipa - Hotter Than Hell (Official Video),https://www.youtube.com/watch?v=fEOyePhElr4,Dua Lipa,2016-10-13 13:25:00,2016-05-06 07:46:31
Clean Bandit - Rockabye (feat. Sean Paul & Anne-Marie) [Official Video],https://www.youtube.com/watch?v=papuvlVeZg8,Clean Bandit,2016-11-05 08:38:42,2016-10-21 11:30:36
Felix Jaehn - Bonfire ft. ALMA,https://www.youtube.com/watch?v=w9IE9eYXn0U,FelixJaehnVEVO,2016-11-05 08:39:48,2016-08-17 23:00:01
ROZES - Under the Grave,https://www.youtube.com/watch?v=iZVbV6wsdIU,ROZESVEVO,2016-11-18 15:24:13,2016-10-14 04:00:02
Syn Cole - Californication (VIP Mix),https://www.youtube.com/watch?v=Eh3Pai4MQ4E,MrSuicideSheep,2016-11-19 20:02:21,2016-11-19 19:31:39
Jonas Blue - By Your Side ft. RAYE (Official Video),https://www.youtube.com/watch?v=AQ4MQ_uhBSs,JonasBlueVEVO,2016-11-25 19:35:02,2016-11-16 10:00:00
"gnash - i hate u, i love u ft. olivia o'brien (music video)",https://www.youtube.com/watch?v=BiQIc7fG9pA,gnash,2016-11-27 22:01:21,2016-03-07 18:22:29
"Ellie Goulding - Still Falling For You (From ""Bridget Jones's Baby"" Original Soundtrack)",https://www.youtube.com/watch?v=pvP_OwVSFpk,EllieGouldingVEVO,2016-11-27 22:04:08,2016-08-25 23:00:02
Cheat Codes x Kris Kross Amsterdam - SEX (Official Music Video),https://www.youtube.com/watch?v=OORoOGY8D2M,Spinnin' Records,2016-11-27 22:15:07,2016-02-19 16:00:00
Maren Morris - 80s Mercedes (Official Music Video),https://www.youtube.com/watch?v=m9md97nN_SQ,MarenMorrisVEVO,2016-11-29 16:21:41,2016-08-05 07:00:02
Alan Walker - Alone,https://www.youtube.com/watch?v=1-xGerv5FOk,Alan Walker,2016-12-12 14:33:00,2016-12-02 07:59:01
Burak Yeter - Tuesday ft. Danelle Sandoval,https://www.youtube.com/watch?v=Y1_VsyLAGuk,BurakYeterVEVO,2016-12-15 05:46:35,2016-07-16 07:00:00
"BACALL, MALO - Africa ft. Prince Osito",https://www.youtube.com/watch?v=7vWpMx51SB4,BacallMaloVEVO,2016-12-17 11:19:22,2016-06-03 07:00:00
The Weeknd - Starboy ft. Daft Punk (Official Video),https://www.youtube.com/watch?v=34Na4j8AVgA,TheWeekndVEVO,2016-12-17 19:49:55,2016-09-28 16:00:01
Dimitri Vegas & Like Mike vs Diplo - Hey Baby (ft. Deb's Daughter) (Official Music Video),https://www.youtube.com/watch?v=kIll0-AyMa0,Dimitri Vegas & Like Mike,2016-12-17 20:03:32,2016-11-02 16:55:44
Rag'n'Bone Man - Human (Official Video),https://www.youtube.com/watch?v=L3wKzyIN1yk,RagnBoneManVEVO,2016-12-18 14:10:14,2016-07-21 11:00:00
Mike Perry - The Ocean ft. Shy Martin,https://www.youtube.com/watch?v=5JxgDJvqGmM,MikePerryVEVO,2016-12-31 18:08:14,2016-07-20 07:00:01
Galantis - No Money (Official Video),https://www.youtube.com/watch?v=xUVz4nRmxn4,Galantis,2016-12-31 18:11:17,2016-05-12 03:59:12
Fais & Afrojack - Used To Have It All (Official Video),https://www.youtube.com/watch?v=u7s3YJzq8XY,AfrojackVEVO,2017-01-06 15:11:33,2016-10-14 07:00:01
Louisa Johnson - So Good (Official Video),https://www.youtube.com/watch?v=svhGUlB9V5U,LouisaJohnsonVEVO,2017-01-06 20:14:08,2016-11-04 07:00:02
The Chainsmokers - All We Know (Audio) ft. Phoebe Ryan,https://www.youtube.com/watch?v=lEi_XBg2Fpk,ChainsmokersVEVO,2017-01-14 09:32:56,2016-09-29 16:35:00
SHANON - Suvi kestab veel (Official Version),https://www.youtube.com/watch?v=ueH2YACaYjo,SHANON (Official),2017-01-14 13:43:52,2016-06-07 19:59:27
Major Lazer & Showtek - Believer (Official Lyric Video),https://www.youtube.com/watch?v=VaxFIr3GJ-8,Major Lazer Official,2017-01-14 15:48:59,2016-09-30 07:02:32
Sia - The Greatest (Official Video),https://www.youtube.com/watch?v=GKSRyLdjsPA,SiaVEVO,2017-01-14 21:08:37,2016-09-06 04:01:00
Sia - Move Your Body (Alan Walker Remix - Official Audio),https://www.youtube.com/watch?v=bZxrIoCPsOc,SiaVEVO,2017-01-18 14:13:10,2016-10-21 07:00:02
Shawn Mendes - Mercy (Official Music Video),https://www.youtube.com/watch?v=KkGVmN68ByU,ShawnMendesVEVO,2017-01-23 05:57:37,2016-09-21 14:00:01
"Alok, Bruno Martini feat. Zeeba - Hear Me Now (Official Music Video)",https://www.youtube.com/watch?v=JVpTp8IHdEg,Spinnin' Records,2017-01-26 17:43:38,2016-10-21 19:00:02
"Machine Gun Kelly, Camila Cabello - Bad Things",https://www.youtube.com/watch?v=4cauU2IpFyA,MGKVEVO,2017-02-01 06:19:29,2016-10-14 04:00:00
Marshmello - Alone [Monstercat Official Music Video],https://www.youtube.com/watch?v=YnwsMEabmSo,Monstercat Uncaged,2017-02-10 16:10:42,2016-07-02 18:59:39
Karl-Erik Taukar - Lähedal (Official Lyric Video),https://www.youtube.com/watch?v=b7I94lIcLZk,Karl-Erik Taukar,2017-02-10 16:24:15,2016-11-21 07:36:50
Martin Jensen - Solo Dance (Cover Art),https://www.youtube.com/watch?v=826kv4IQSd4,Ultra Records,2017-02-26 17:12:53,2016-11-05 15:00:01
Calum Scott - Dancing On My Own (Official Video),https://www.youtube.com/watch?v=q31tGyBJhRY,CalumScottVEVO,2017-03-02 21:26:16,2016-06-15 04:00:03
Dash Berlin feat. Do - Heaven,https://www.youtube.com/watch?v=7IlXktQZU30,Armada Music TV,2017-03-16 04:53:39,2016-11-11 20:00:00
CVA ft. N-Trance - Only Love (Set You Free) [Arnold Palmer & CJ Stone Edit] (Official Video),https://www.youtube.com/watch?v=juYhhnCNrQk,SteveAATW,2017-03-17 22:31:36,2016-11-18 16:49:29
LP - Lost On You (Official Music Video),https://www.youtube.com/watch?v=hn3wJ1_1Zsg,LP,2017-04-04 18:06:27,2016-06-01 18:28:59
Jon Bellion - All Time Low (Official Music Video),https://www.youtube.com/watch?v=AXnqkVTFUqY,JonBellionVEVO,2017-05-08 18:46:26,2016-08-31 19:00:00
Vice - Steady 1234 Ft. Jasmine Thompson & Skizzy Mars [Official Lyric Video],https://www.youtube.com/watch?v=4KlYNjix068,Vice,2017-05-19 18:16:46,2016-09-30 16:37:08
AJR - WEAK (Official Lyric Video),https://www.youtube.com/watch?v=PcJ0r06ldYE,AJR,2017-06-18 10:01:16,2016-10-21 00:51:31
Deepend - I'm Intoxicated,https://www.youtube.com/watch?v=NJSkeirVBmU,Radio Edit Music,2017-07-09 11:36:04,2016-07-26 00:52:05
Whogaux & Karl-Kristjan - Have You Now ft. Maian,https://www.youtube.com/watch?v=k3CBShwF9qo,Universal Music Finland,2017-07-09 11:37:36,2016-12-08 15:26:50
Era Istrefi - Bonbon (Official Video) [Ultra Records],https://www.youtube.com/watch?v=cedoBlUvBlI,Ultra Records,2017-07-10 20:57:31,2016-03-07 21:45:15
"David Guetta, Cedric Gervais & Chris Willis - Would I Lie To You (Lyric Video)",https://www.youtube.com/watch?v=u0pmV7GoTjc,David Guetta,2017-08-10 20:39:30,2016-09-30 13:36:28
Madison Mars - Ready Or Not,https://www.youtube.com/watch?v=9uQo32h3Z3Q,Future House Music,2017-08-18 16:29:15,2016-05-14 19:48:29
The Lifted - Mr. Sandman (feat. Ashliann),https://www.youtube.com/watch?v=0lp30VzORzY,Trap Nation,2017-08-18 20:46:50,2016-10-12 14:00:00
Cascada - Everytime We Touch (Fallen Superhero Hardstyle Remix),https://www.youtube.com/watch?v=5u37UGiSiL8,FallenSuperheroSG,2017-08-21 19:33:58,2016-09-24 10:06:03
Madison Mars - Milky Way (OUT NOW),https://www.youtube.com/watch?v=kucP6R7JrJs,Spinnin' Records,2017-08-26 20:34:44,2016-01-26 13:00:02
Ariadne - Feel Me Now,https://www.youtube.com/watch?v=oKCa13_klo4,Poppin Artists,2017-08-30 17:02:26,2016-12-08 12:20:56
「Nightcore」→ Tell Me Where You Are (Empyre One Remix Edit) || A2B Feat. Fara,https://www.youtube.com/watch?v=PTzkCzo9hy0,NMusic,2017-10-24 10:37:31,2016-09-08 16:00:02
Nightcore - Welcome To The UK (DJ Gollum Mash Up Edit) [Manian] [Hands Up] W/ Lyrics,https://www.youtube.com/watch?v=jeJqWxALE3A,CLuBLioNx,2017-10-24 10:57:23,2016-02-26 04:51:56
Devin Wild & Sub Zero Project - Meltdown (Official Videoclip),https://www.youtube.com/watch?v=gUJKs1m7Y8M,Scantraxx,2017-11-05 21:02:17,2016-10-13 14:41:57
B-Front & Phuture Noize - The Paradox | Official Video,https://www.youtube.com/watch?v=3X-9OH95tFo,B-Front,2017-11-21 15:11:25,2016-11-07 18:00:00
Frequencerz - The Unknown,https://www.youtube.com/watch?v=vEXpoSJsulA,Frequencerz,2017-11-21 15:14:57,2016-12-02 16:36:34
Christina Perri - Jar Of Hearts (Dj T.C 2K16 Edit) (Hardstyle),https://www.youtube.com/watch?v=UGxFP5E-2Tw,Hardstyle Promotion,2017-11-24 13:51:05,2016-10-06 19:37:01
Maty Noyes - In My Mind,https://www.youtube.com/watch?v=m1g4SpPGUBU,MatyNoyesVEVO,2017-12-08 20:30:20,2016-09-07 07:00:00
Nightcore - Listen To Your Heart - (Lyrics),https://www.youtube.com/watch?v=SXSc1J50yic,Sinnon,2017-12-15 20:46:59,2016-10-10 19:57:58
Mark With a K & Warface ft MC Alee - Fear Of The Dark,https://www.youtube.com/watch?v=IJClxHDHTk4,Mark With a K,2018-01-03 19:04:40,2016-07-19 15:16:38
Click Bait - S3RL feat Gl!tch,https://www.youtube.com/watch?v=WvmUBM2q_nY,S3RL,2018-01-23 20:14:45,2016-08-03 23:44:41
Nightcore - Go Go Go,https://www.youtube.com/watch?v=CTZPWBYGUQo,NightcoreCrazily,2018-02-26 15:22:47,2016-10-19 02:57:16
Nick Skitz & Technoposse - Call From Babylon (Video Edit),https://www.youtube.com/watch?v=gZAZkoW6LmI,Smirnoff Ruslan,2018-03-01 19:37:21,2016-03-17 16:13:36
Coldplay - Hymn For The Weekend [Seeb Remix] (Official Audio),https://www.youtube.com/watch?v=k1gsZ-OsGpI,Coldplay,2018-03-04 20:11:56,2016-05-13 14:00:26
Headhunterz & Skytech - Kundalini (Official Music Video),https://www.youtube.com/watch?v=e8zB7QKU87c,Spinnin' Records,2018-03-05 19:57:09,2016-05-10 09:00:02
Showtek vs. Technoboy & Tuneboy - Mellow,https://www.youtube.com/watch?v=hyCK8QBOh_I,2Dutch Music Group,2018-03-11 10:44:45,2016-08-12 10:20:45
Refuzion - Don't Care [HQ Edit],https://www.youtube.com/watch?v=FV0yNB-JEfo,EuphoricHardStyleZ,2018-03-11 17:42:41,2016-08-22 22:15:45
「Nightcore」→ Call Me (Zooland Bootleg Radio Edit) || Marc Korn vs. Trusted Playaz Feat. Mel W.,https://www.youtube.com/watch?v=hyjHY-M4AZU,NMusic,2018-03-25 15:57:31,2016-09-28 16:00:05
September - cry for you (official video),https://www.youtube.com/watch?v=deYCFCAK-RE,Music Love,2018-03-30 19:00:37,2016-07-27 17:31:46
「Nightcore」→ Butterfly (Aki Remix) || Smile.dk,https://www.youtube.com/watch?v=bQcx6soEeGg,NMusic,2018-03-30 19:27:44,2016-03-04 17:00:01
Alan Walker x David Whistle - Routine,https://www.youtube.com/watch?v=Mw9U7FPaZho,Alan Walker,2018-03-30 19:37:45,2016-12-23 08:00:15
Forbidden - S3RL feat Avanna [Vocaloid],https://www.youtube.com/watch?v=OPBba9ScdjU,S3RL,2018-04-05 13:04:39,2016-03-02 22:25:12
Nostalgic - S3RL feat Harri Rush,https://www.youtube.com/watch?v=5qTjguPCgc8,S3RL,2018-04-05 18:24:00,2016-07-05 22:42:54
When I'm There - S3RL feat Nikolett,https://www.youtube.com/watch?v=2F5QTqQprmg,S3RL,2018-04-05 18:40:30,2016-05-04 22:39:15
"Tiësto, Oliver Heldens - The Right Song (official video) ft. Natalie La Rose",https://www.youtube.com/watch?v=JxEiIeoet6Q,TiestoVEVO,2018-04-26 17:50:07,2016-01-22 13:00:00
Zatox - My Strength Is Hardstyle ( 4K Official Videoclip ),https://www.youtube.com/watch?v=pKGQlh7xaeE,Zatox,2018-04-29 15:53:11,2016-07-14 15:25:46
Elysiums - A Beautiful Mind (#XBONE131),https://www.youtube.com/watch?v=aI7QaqvQ8tw,Scantraxx Prospexx,2018-04-29 17:53:24,2016-10-06 12:27:36
Sefa - Singing a Song (Videoclip),https://www.youtube.com/watch?v=h_S0Od0gkrY,Frenchcore Hardcore,2018-04-29 18:06:15,2016-10-01 12:33:32
In-Phase - Euphoria [HQ Edit],https://www.youtube.com/watch?v=DrtnGK-vH0s,EuphoricHardStyleZ,2018-05-25 08:39:46,2016-04-11 20:27:49
Dr. Peacock & Sefa - This Life is Lost,https://www.youtube.com/watch?v=J-aRN8kjE2k,MY.Necron,2018-05-25 17:19:30,2016-02-04 21:45:05
Sefa - Lost In Thoughts (Frenchcore),https://www.youtube.com/watch?v=zawxOAS0NV0,Frenchcore Hardcore,2018-05-27 10:57:35,2016-12-30 21:39:15
"LEA RUE - Sleep, For The Weak! (Lost Frequencies Remix)",https://www.youtube.com/watch?v=3dViG52tHI4,Armada Music TV,2018-05-31 08:33:20,2016-01-27 16:00:00
Gunz For Hire - No Mercy [official videoclip],https://www.youtube.com/watch?v=gfFOjnRLw8M,Gunz For Hire,2018-06-11 17:31:14,2016-09-12 16:30:01
B-Front & Alpha² ft. Snowflake - Lost | Official Video,https://www.youtube.com/watch?v=qqr46Dmbxos,B-Front,2018-06-17 19:06:49,2016-04-01 13:00:02
Sefa - Roll The Drums (ID),https://www.youtube.com/watch?v=iUCISle9Upc,Sefa,2018-06-27 17:31:06,2016-05-27 22:16:09
Phuture Noize - Fire (Official Video Clip),https://www.youtube.com/watch?v=2tQwTS1Mvuk,Dirty Workz,2018-06-28 19:40:15,2016-12-22 18:00:01
Phuture Noize ft. Snowflake - Shallow Waters (Official Video Clip),https://www.youtube.com/watch?v=3kRAGEwhqHc,Dirty Workz,2018-06-28 19:49:51,2016-02-08 18:00:00
MYST - Life Is Ours (Official Music Video),https://www.youtube.com/watch?v=QniSah3G0CM,MYST,2018-07-04 17:08:17,2016-08-09 17:52:18
The Melodyst & Andy The Core - Partycrasher (Official Videoclip) [HD],https://www.youtube.com/watch?v=RoBAR7hsnhM,Traxtorm Records,2018-07-05 16:25:18,2016-10-06 16:00:05
Korsakoff & Decipher - Affected By Sound (Official Video Clip) - [MOHDIGI155],https://www.youtube.com/watch?v=DLounPWF53g,Masters of Hardcore,2018-07-05 17:30:19,2016-07-26 14:48:36
David Gravell - The Riddle,https://www.youtube.com/watch?v=SH_wMV7Cr2o,Armada Music TV,2018-07-09 17:58:26,2016-05-21 18:00:00
Evil Activities - Nobody Said It Was Easy,https://www.youtube.com/watch?v=y-kDHJtz7Ow,hard dance world,2018-07-17 12:27:59,2016-02-19 12:59:38
Wasted Penguinz & Adrenalize - Chasing Dreams [HQ],https://www.youtube.com/watch?v=RpFib37z7PY,AstronicZ,2018-07-19 14:15:34,2016-11-26 14:04:52
Dj coone - the return,https://www.youtube.com/watch?v=1i0onN4S6wI,hard dance world,2018-07-20 14:18:31,2016-10-11 11:35:48
Ecstatic - Defqon.1 Tool (FREE DOWNLOAD),https://www.youtube.com/watch?v=ENYhAh5W_2U,Ecstatic,2018-07-20 19:05:10,2016-12-29 20:00:59
Signum - Coming On Strong (MKN Remix) | Free Download,https://www.youtube.com/watch?v=l55r3sdn5Rs,MKN,2018-07-22 20:17:57,2016-08-09 20:01:12
Da Tweekaz & Darren Styles - Heroes (Official Video Clip),https://www.youtube.com/watch?v=360qEjSpGdI,Dirty Workz,2018-07-24 15:52:53,2016-04-14 17:00:01
Korsakoff - Somnia (Official videoclip),https://www.youtube.com/watch?v=jHIOY9T3G6k,OfficialKorsakoff,2018-07-27 07:31:34,2016-01-25 17:08:21
AniMe - Your dreams - Traxtorm 0159 [HARDCORE],https://www.youtube.com/watch?v=_jVy6cs4k0o,Traxtorm Records,2018-07-28 17:03:44,2016-01-21 15:36:09
Deetox & Lange Frans - Het Land Van,https://www.youtube.com/watch?v=gM6YXwWC-IA,Q-dance,2018-07-30 19:14:29,2016-01-19 18:28:56
Max Enforcer & Frontliner - WKND (Official Video),https://www.youtube.com/watch?v=Gt5OO9pE-1E,Lose Control Music,2018-08-01 07:18:21,2016-06-10 15:02:28
Kaskade - Disarm You (Sound Rush Remix) [HQ Free],https://www.youtube.com/watch?v=Jip_Mcliu0E,EuphoricHardStyleZ,2018-08-01 08:42:53,2016-12-23 05:23:51
Audiotricz & Atmozfears - What About Us (Official Videoclip),https://www.youtube.com/watch?v=0-zfqC6htLs,Scantraxx,2018-08-06 12:12:17,2016-10-19 15:59:56
Gunz For Hire - Executioner Style [official videoclip],https://www.youtube.com/watch?v=snQQsXoU3l8,Gunz For Hire,2018-08-09 08:17:19,2016-07-05 16:30:03
Noisecontrollers & Bass Modulators - See The Light (Official 4k Music Video),https://www.youtube.com/watch?v=QPmHkHLeD0M,Noisecontrollers,2018-08-10 12:15:21,2016-07-15 12:07:32
Re-Style - Towards The Sun [Official Videoclip],https://www.youtube.com/watch?v=gIq6DyOYOMU,Re-Style,2018-08-14 12:54:07,2016-04-12 14:45:05
Alan Walker - Sing Me To Sleep (Re-Style Bootleg),https://www.youtube.com/watch?v=brZz42QYPjk,Re-Style,2018-08-14 12:55:53,2016-08-30 12:59:29
AniMe - Fear the Dogfight (Video Lyrics),https://www.youtube.com/watch?v=zOBaNX73oWU,DJ AniMe,2018-08-15 11:32:14,2016-09-01 18:49:12
DJ Paul Elstak - The Promised Land (The Viper Remix),https://www.youtube.com/watch?v=fBFODy6U3ng,The Viper,2018-08-16 13:18:34,2016-06-13 11:20:49
Thorax ft. MC Tha Watcher - A Decade of Syndicate (Official Syndicate 2016 anthem),https://www.youtube.com/watch?v=Ezmx7mU6qtg,SYNDICATE,2018-08-17 10:38:07,2016-09-16 13:00:02
Miss Hysteria & Ophidian - Nothing Waits,https://www.youtube.com/watch?v=YfqAnSC6Xnw,enzymeofficial,2018-08-17 19:00:25,2016-01-24 17:30:24
Amada & Drokz - Live Fast,https://www.youtube.com/watch?v=aye9rEYH9Ic,enzymeofficial,2018-08-18 12:35:41,2016-10-10 14:59:42
Project One - Life Beyond Earth,https://www.youtube.com/watch?v=pBKh6dVZ6yM,Hard Recordzz,2018-08-20 10:46:27,2016-12-17 11:00:02
Scarphase - Black Scars (Videoclip),https://www.youtube.com/watch?v=S7JRTkcoJJw,Frenchcore Hardcore,2018-08-22 19:05:22,2016-09-23 18:11:58
Da Tweekaz x Sub Zero Project - DRKNSS (Official Video Clip),https://www.youtube.com/watch?v=Lf6S96mrbH4,Dirty Workz,2018-08-23 17:55:58,2016-12-15 18:00:01
Zatox - Sunlight,https://www.youtube.com/watch?v=cLv3qLf6-Cw,Armada Music TV,2018-08-24 13:05:30,2016-07-04 13:00:05
Alan Walker - Faded (Skull Demon Remix),https://www.youtube.com/watch?v=5PGuWzlX-lU,Frenchcore Hardcore,2018-08-29 15:19:26,2016-09-03 09:55:20
Linkin Park - Numb (Frenchcore Remix),https://www.youtube.com/watch?v=jBgdFq1rbv8,Frenchcore Hardcore,2018-08-29 17:44:58,2016-03-17 08:20:06
Partyraiser & Cryogenic - Middle Fingers Up! (Videoclip),https://www.youtube.com/watch?v=FQF9Ay2DhUA,Frenchcore Hardcore,2018-09-08 11:18:05,2016-09-18 16:47:30
Degos & Re Done  - Die Slowly (Official Videoclip),https://www.youtube.com/watch?v=0T8IbAr0F2c,degosredone,2018-09-08 20:08:23,2016-09-22 10:12:23
Yellow Claw & Cesqeaux Ft. Kalibwoy - Legends (Endymion Rework) (Official Videoclip),https://www.youtube.com/watch?v=ZjK5_GcBpVs,Endymion,2018-09-08 20:10:59,2016-07-13 09:59:10
Scarphase Ft. Tha Watcher - Enter The Snakepit (Official Snakepit 2016 Anthem),https://www.youtube.com/watch?v=TF8Tmejrii8,Frenchcore Hardcore,2018-09-09 08:21:20,2016-11-26 13:57:42
Tartaros - Party Starter (Official Videoclip),https://www.youtube.com/watch?v=baoYSJuOrQQ,A2 Records,2018-09-15 08:30:08,2016-09-30 15:53:31
Fallon - Makes Me Wonder,https://www.youtube.com/watch?v=trwLTrUczpk,Happy Hardcore TV,2018-09-15 19:16:14,2016-05-18 08:54:06
Bulldozer Project - Arise (The Beholder & Zany Remix),https://www.youtube.com/watch?v=O_B6-V6gSFs,Mean Machine,2018-09-18 19:00:43,2016-01-13 14:05:10
Dj Thera feat. Yuna-X - Starfleet (Official Preview),https://www.youtube.com/watch?v=VSeoZdy3Y8c,Dj Thera,2018-09-18 19:21:58,2016-04-14 09:55:36
Adaro & Endymion - Rock & Roll (official videoclip),https://www.youtube.com/watch?v=l8-NT_IXyWc,Adaro,2018-09-23 08:40:42,2016-06-09 16:30:00
Requiem - Amore (Official videoclip),https://www.youtube.com/watch?v=wj7prcyprZg,Requiem,2018-10-18 14:30:51,2016-11-04 16:00:06
Act of Rage & MC Nolz - Raging Reckless (Official Preview),https://www.youtube.com/watch?v=0NzTZBYz5ZU,Act of Rage,2018-10-18 16:21:37,2016-03-24 18:39:11
Neophyte & Nosferatu - S.I.C.K.,https://www.youtube.com/watch?v=UnXO0bz252E,Nosferatu Official,2018-10-25 09:51:23,2016-04-20 13:00:03
KORSAKOFF - Will Grigg,https://www.youtube.com/watch?v=fPjhbvMOe00,6ril Thrs,2018-10-27 20:31:11,2016-11-27 11:56:52
Meltdown - The Next Level (Video Clip),https://www.youtube.com/watch?v=DUgHq41HPts,Ash Williams,2018-10-27 20:31:48,2016-08-31 10:00:02
Wasted Penguinz - It's Our Moment (Official Videoclip),https://www.youtube.com/watch?v=Xjt3-5j1Jo8,Wasted Penguinz,2018-10-28 11:12:10,2016-02-18 19:15:04
Wasted Penguinz - Clarity (Clarity),https://www.youtube.com/watch?v=vTqGdcK8xGg,Wasted Penguinz,2018-10-28 13:13:51,2016-12-01 17:58:37
Twenty One Pilots - Heathens (Sghenny | Frenchcore Remix),https://www.youtube.com/watch?v=7c_o_1Efq9c,Frenchcore Hardcore,2018-11-13 16:39:35,2016-12-25 14:49:44
Coone & Hard Driver - It's All In The Game (Official Intents Festival 2016 Anthem),https://www.youtube.com/watch?v=akdq0Z1UC6Q,Coone,2018-11-20 17:15:37,2016-04-23 11:08:03
B-Front - Dark Moon | Preview,https://www.youtube.com/watch?v=1qxQg2ZMRPw,B-Front,2018-11-20 17:15:50,2016-01-26 17:00:00
Phuture Noize - The Worlds Beyond (Official Video Clip),https://www.youtube.com/watch?v=PPNNUbN_tZs,Dirty Workz,2018-11-24 13:50:44,2016-04-28 17:00:01
Hard Driver - When U Wake (Official HQ Preview),https://www.youtube.com/watch?v=lm0_0bb18EU,Dirty Workz,2018-11-25 12:13:08,2016-04-29 17:00:02
Brennan Heart & Jonathan Mendelsohn - Be Here Now (Official Video),https://www.youtube.com/watch?v=NYzMBqZluP8,I AM HARDSTYLE,2018-12-02 12:27:58,2016-07-06 14:03:14
The Viper & Neophyte - FREE,https://www.youtube.com/watch?v=CzWIAywmxIQ,MY.Necron,2018-12-31 10:36:03,2016-08-23 11:37:21
"Code Black ""You've Got the Love"" (Official Video)",https://www.youtube.com/watch?v=1JLYSbiPqPg,Code Black,2019-01-02 10:50:14,2016-11-18 17:29:54
Miss K8 & MC Nolz - Raiders of Rampage (Official Masters of Hardcore 2016 Anthem),https://www.youtube.com/watch?v=JCkQx6sTnzw,Masters of Hardcore,2019-01-03 05:50:42,2016-03-15 11:04:49
Re-Style & Bass-D - Keep Freakin’ (Knockin' on Heaven's Door),https://www.youtube.com/watch?v=EoRLZw5pLjM,Adihash8,2019-01-04 16:19:05,2016-04-12 17:53:03
Alpha² - Betrayal (Sub Zero Project Remix) (#A2REC130),https://www.youtube.com/watch?v=Ksqu_bj1N5U,A2 Records,2019-01-14 20:45:51,2016-08-22 10:23:43
Wasted Penguinz - Make It One Day (Official Videoclip),https://www.youtube.com/watch?v=j9YRPrwfv9I,Wasted Penguinz,2019-02-24 09:46:04,2016-10-14 16:00:06
Empyre One & Enerdizer - Tricky Disco 2k16 (DJ Gollum feat. DJ Cap Radio Edit),https://www.youtube.com/watch?v=blBY9jc37oo,Zooland.TV,2019-03-04 16:26:53,2016-01-15 16:00:01
Coone ft. David Spekter - Faye (Official Lyric Video),https://www.youtube.com/watch?v=QtYDvqJgQqo,Coone,2019-04-01 03:43:52,2016-08-02 15:03:24
Scope DJ - Locked Down Again (The Prophet Remix) (#SCAN203),https://www.youtube.com/watch?v=4Zgt0QB8rqc,Scantraxx,2019-04-23 19:36:36,2016-02-09 09:35:57
Dj Thera & Ophidian - Post Apocalypse (Official Preview),https://www.youtube.com/watch?v=8uTp0kcRThA,Dj Thera,2019-05-11 10:28:40,2016-04-18 09:54:30
Hardstyle Mafia & Yuna-X - Sound Of Victory (Dj Thera Remix),https://www.youtube.com/watch?v=gWVhHM9q1Sg,Dj Thera,2019-05-13 18:16:38,2016-07-01 15:22:00
Groove Coverage - 7 Years & 50 Days (Official Video),https://www.youtube.com/watch?v=lI3jlheDLgg,suprimerecords,2019-07-31 08:07:08,2016-12-12 14:19:47
Shinsuke Nakamura - The Rising Sun feat. Lee England Jr.,https://www.youtube.com/watch?v=jfuCxlVUngE,WWEMusic,2019-08-21 13:19:34,2016-08-26 16:47:41
Twenty One Pilots - Heathens (Sub Sonik Bootleg),https://www.youtube.com/watch?v=eeoUeLylT7c,Sub Sonik,2019-08-30 11:48:59,2016-09-13 20:12:08
S3RL - FM-200,https://www.youtube.com/watch?v=-oEJNXxElyo,HappyCore Raver,2019-09-04 12:36:59,2016-07-30 21:39:42
S3RL Feat. Kimberley Bowden - Middle of the Night (Lyrics),https://www.youtube.com/watch?v=vnWhFcw5KSA,HappyCore Raver,2019-09-05 13:31:46,2016-08-13 18:03:21
S3RL Feat. JessKah- I'll Dance With You (Lyrics),https://www.youtube.com/watch?v=I_U3Nbr2oIw,HappyCore Raver,2019-09-05 17:45:10,2016-06-13 19:19:37
S3RL Feat. Tamika - Big in Japan (Original Mix)Lyrics)),https://www.youtube.com/watch?v=WrP-TcbtIb0,HappyCore Raver,2019-09-07 07:37:34,2016-10-20 22:50:28
S3RL - Hurricane (Lyrics),https://www.youtube.com/watch?v=5AxAM4h-pD8,HappyCore Raver,2019-09-07 07:55:44,2016-08-14 16:36:00
3rd Prototype Feat. Meg & Dia - Monster (D!scosound Bootleg),https://www.youtube.com/watch?v=Y1zcrTYB3h4,HappyCore Raver,2019-09-07 13:21:22,2016-10-27 22:34:06
Brisk - Airhead (S3RL Remix),https://www.youtube.com/watch?v=z2NibPgVO4Q,HappyCore Raver,2019-09-12 11:36:53,2016-09-20 22:32:13
D-Block & S-te-Fan - Music Made Addict (The Prophet Remix) (#EVO038),https://www.youtube.com/watch?v=2iflYC-foHY,Scantraxx,2019-09-19 17:47:26,2016-09-20 07:17:20
NOMA - Brain Power,https://www.youtube.com/watch?v=mj-v6zCnEaw,Vash,2019-10-16 12:52:55,2016-05-29 11:20:55
Gareth Emery feat. Wayward Daughter - Reckless,https://www.youtube.com/watch?v=tc7U9q1C4iA,Gareth Emery,2020-01-03 15:38:43,2016-02-19 18:51:09
Unsenses - Home (Official Video Clip),https://www.youtube.com/watch?v=fqtr2nawGN8,Dirty Workz,2020-01-20 18:22:35,2016-09-16 17:00:03
Craig Connelly feat. Jennifer Rene - No One Like You (Original Mix),https://www.youtube.com/watch?v=iOd4zadJrTM,DarknessPT,2020-02-25 19:24:20,2016-03-30 23:54:00
Cosmic Gate & Eric Lumiere - Edge Of Life (Official Music Video),https://www.youtube.com/watch?v=-qp2zezBn0g,Black Hole Recordings,2020-02-25 20:20:00,2016-07-22 14:00:02
Ben Gold feat. Christina Novelli - All Or Nothing (Original Mix),https://www.youtube.com/watch?v=RkxOFUM6edc,DarknessPT,2020-02-26 13:52:26,2016-03-29 21:08:25
Roger Shah & Nathia Kate ft Amber - Never Forget,https://www.youtube.com/watch?v=vmCXOd1eyWo,DarknessPT,2020-02-29 12:09:20,2016-04-24 22:11:56
Armin van Buuren - In and Out of Love (Sub Zero Project Bootleg) (Official Video),https://www.youtube.com/watch?v=4dYdDaePzT0,Sub Zero Project,2020-04-10 06:55:15,2016-09-23 15:55:24
Delete & Deetox - Alone (Official Video),https://www.youtube.com/watch?v=g8HdKtGzeW8,Delete,2020-04-18 10:14:05,2016-06-16 17:00:55
Zanza Labs - Zanzarismo (Phrantic Remix) (Official Video Clip),https://www.youtube.com/watch?v=hF0WJrFOXfM,Dirty Workz,2020-04-19 19:40:58,2016-05-24 17:00:03
Samantha Fox - Touch Me (I Want Your Body),https://www.youtube.com/watch?v=W1btg3mpEOc,SamanthaFoxVEVO,2020-04-25 11:30:03,2016-04-18 07:00:00
Sash! feat. Stunt - Raindrops (Encore Une Fois) (Official Video),https://www.youtube.com/watch?v=8L6byFiTjfQ,Altra Moda Music,2020-05-11 08:19:12,2016-10-04 22:18:36
"Cascada ""Miracle"" (Official Video) (Digitally Remastered - Highest Quality Available)",https://www.youtube.com/watch?v=jLBOZTgIAKs,Robbins Entertainment,2020-05-13 18:26:57,2016-03-27 19:49:13
Groove Coverage - The End (Official Video),https://www.youtube.com/watch?v=ig7dEm_5iPs,suprimerecords,2020-05-17 09:38:10,2016-12-12 13:37:54
Sash! - Ganbareh (Official Video),https://www.youtube.com/watch?v=dGlmia84Lac,Altra Moda Music,2020-05-19 19:52:20,2016-11-02 16:19:28
Maxx - Get A Way (Official Video),https://www.youtube.com/watch?v=7uhWJATdXMA,Altra Moda Music,2020-05-25 14:19:51,2016-07-12 16:09:07
E-Type - This Is The Way,https://www.youtube.com/watch?v=7w1HeDqYCU4,ETypeVEVO,2020-05-27 17:39:49,2016-03-21 13:26:13
E-Type - Life ft. Nana Hedin,https://www.youtube.com/watch?v=y-y3Ef6aTPY,ETypeVEVO,2020-05-27 17:44:26,2016-04-28 07:00:01
Damae - Castles In The Sky (Radio Edit),https://www.youtube.com/watch?v=rB5ScRemRBA,Zooland.TV,2020-05-28 17:57:41,2016-06-07 15:00:03
Dual Playaz - Lost Without You (Empyre One Remix Edit),https://www.youtube.com/watch?v=WSFQxeYqQqA,Zooland.TV,2020-06-08 14:04:42,2016-08-12 15:00:02
Chillcore - S3RL feat Lexi,https://www.youtube.com/watch?v=vtWSESO1f5Q,S3RL,2020-06-14 20:39:30,2016-06-01 22:25:53
Groove Coverage - 21st Century Digital Girl  (Official Video),https://www.youtube.com/watch?v=Na7Z9Dy8wrs,suprimerecords,2020-06-17 18:35:22,2016-12-13 11:15:12
Rocco - Control Your Fantasy (Club Mix),https://www.youtube.com/watch?v=sUXVupKYdlA,Hands Up Generation,2020-06-18 19:54:35,2016-12-06 15:36:38
Sash! - With My Own Eyes (Official Video),https://www.youtube.com/watch?v=LIICbjovFN4,Altra Moda Music,2020-06-24 09:47:40,2016-10-04 22:18:32
Return To The ClassiXX - Bassdusche (Original MiX) / 2002 [Full HD],https://www.youtube.com/watch?v=Cd4GpeEOCm8,ZIGGY X,2020-08-05 17:08:22,2016-11-14 18:57:22
E-Type - Here I Go Again,https://www.youtube.com/watch?v=HoT1GFrMods,ETypeVEVO,2020-08-28 09:24:02,2016-04-08 05:00:00
Deep Spirit - The One That I Want (Chris Cute Radio),https://www.youtube.com/watch?v=gfQOHlemf4Q,Andorfine,2020-10-19 15:45:22,2016-04-19 10:32:02
Menderes - Mittendrin (Dancefloor Kingz Remix),https://www.youtube.com/watch?v=EY91e2yKhOA,PulsiveMedia.TV,2020-10-25 14:49:14,2016-03-18 13:49:16
NSD - Hai La Noi,https://www.youtube.com/watch?v=PSWejov-pss,Uptempo Hardcore,2020-11-20 20:34:14,2016-09-10 14:29:26
HandsUp - Reviews 164# / Shogga - Green (Fluxstyle & Sustection Remix),https://www.youtube.com/watch?v=caHw7TB8q9I,Hands Up - Reviews,2020-12-01 07:02:42,2016-10-15 10:27:18
Dr Phunk & Korsakoff - Secret Alliance,https://www.youtube.com/watch?v=LTlhS18TKAw,Dr Phunk,2020-12-01 12:08:48,2016-11-24 12:55:08
Korsakoff: Time (Bootleg),https://www.youtube.com/watch?v=VPSlvDmFHiE,Adihash8,2020-12-02 13:30:52,2016-07-19 18:13:46
Hardwell feat. Jake Reese - Mad World (Korsakoff Bootleg)[HD][HQ],https://www.youtube.com/watch?v=f2YxxTI3BkY,Stefan Vogelaar,2020-12-02 13:31:12,2016-11-30 09:55:52
The Pitcher - Unfinished Demo [RECOVERED],https://www.youtube.com/watch?v=8I1s6g8CtkQ,The Pitcher,2020-12-12 17:04:00,2016-12-09 15:30:00
Commercial Club Crew - La Isla Bonita (Gollum Radio),https://www.youtube.com/watch?v=8ceY_DvyBYQ,Andorfine,2020-12-31 15:40:02,2016-04-19 10:26:51
Da Tweekaz x Code Black x Paradise - See The Light (Official Video Clip),https://www.youtube.com/watch?v=pm6F3OOz2lQ,Dirty Workz,2021-02-03 13:22:17,2016-08-18 17:07:21
Groove Coverage - Runaway (Official Video),https://www.youtube.com/watch?v=noHJKfhkTyU,suprimerecords,2021-02-03 14:19:46,2016-12-12 16:04:03
[BOFU2016]RiraN - Unshakable (BGA),https://www.youtube.com/watch?v=A7nYYjdhmBw,JL (Aremos),2021-02-14 07:04:29,2016-10-07 09:31:20
A500,https://www.youtube.com/watch?v=UEKHH-Gq4oM,Störmtrooper - Topic,2021-02-20 19:05:38,2016-12-08 12:44:36
Synthsoldier & MKN - Transcendence (Official HQ Preview),https://www.youtube.com/watch?v=dYJ09kEF5n0,VNTG Records,2021-02-20 19:55:00,2016-10-19 06:47:16
Blacklite ft. MissJudged - Common Grounds (Official HQ Preview),https://www.youtube.com/watch?v=NE-WvcPX6-Q,VNTG Records,2021-02-20 19:59:15,2016-07-18 10:04:26
Synthsoldier - The Sound (Official HQ Preview),https://www.youtube.com/watch?v=NB8yK6mnCTY,VNTG Records,2021-02-20 20:00:23,2016-07-08 04:20:12
FMNT - Sunshine (Official HQ Preview),https://www.youtube.com/watch?v=15rDH-pJQoA,VNTG Records,2021-02-20 20:01:44,2016-06-10 05:48:25
sem - Restless (Rob Mayth Remix),https://www.youtube.com/watch?v=3m-oNkSppY0,Zooland.TV,2021-05-23 05:44:27,2016-04-15 15:00:00
Charles C - Fantasy Melody (Fantasy Mix),https://www.youtube.com/watch?v=fWtYWDVTXUg,Euromanic Ru,2021-05-27 09:19:57,2016-04-14 11:24:11
Bass Bros - Cambodia (CD CUT),https://www.youtube.com/watch?v=tP-tOP6UvXI,MusicaTNT,2021-06-09 14:22:59,2016-08-24 08:24:55
Dual Playaz - Every Day I See You (Ron-Bon-Beat Project Remix Edit),https://www.youtube.com/watch?v=geEDhfd0TGQ,Zooland.TV,2021-06-24 18:27:07,2016-08-09 15:00:02
Galactixx - Hold Me [HQ Edit],https://www.youtube.com/watch?v=4pXX3d-_u7s,EuphoricHardStyleZ,2021-06-27 16:49:52,2016-01-11 23:20:58
Danceboy - Slam The Disco (Radio Edit),https://www.youtube.com/watch?v=k_9Zqvdtf6I,LNGLABEL,2021-07-13 22:05:58,2016-05-17 03:51:45
Coone & Dirtcaps - Sniper (Official Music Video),https://www.youtube.com/watch?v=TqrnXlt_cl8,Coone,2021-08-05 13:09:02,2016-06-17 14:00:01
DJ Pawel C & Costa Pantazis - Cognition (Original Mix),https://www.youtube.com/watch?v=wNmEL2KRYus,Costa Pantazis,2021-10-04 20:40:10,2016-07-22 22:04:14
Masterboy -  I Need A Lover Tonight,https://www.youtube.com/watch?v=Y2aDiwoOHMY,Channel1,2021-11-11 08:42:50,2016-07-20 13:25:05
Djs@Work – Past Was Yesterday (Radio Mix) *2003,https://www.youtube.com/watch?v=PQ5R50PVgiQ,You Love Dance.TV,2021-12-17 16:01:28,2016-09-07 08:30:01
Dune - Hardcore Vibes (Official Video),https://www.youtube.com/watch?v=Pp2xYLdtNls,Dune - promo channel,2022-01-14 14:32:05,2016-11-07 23:09:59
Cyber - Lost Town (Official HQ Preview),https://www.youtube.com/watch?v=B6hdaw6KlVA,Dirty Workz,2022-03-18 11:06:38,2016-11-18 18:00:00
"D-Block & S-te-Fan, Frontliner & Hard Driver - Friction (#EVO037)",https://www.youtube.com/watch?v=5rGTfIhWRRo,Scantraxx,2022-03-18 11:07:44,2016-09-06 09:34:14
The One Lie (Extended Mix),https://www.youtube.com/watch?v=cUlUTkmehYw,Phuture Noize - Topic,2022-05-18 09:41:36,2016-01-08 17:59:01
Tove Lo - True Disaster (Part of Fairy Dust),https://www.youtube.com/watch?v=GMsok5m5yD4,ToveLoVEVO,2022-06-28 14:15:12,2016-11-29 14:00:22
Psyko Punkz ft Massive New Krew - Ninja (Official Videoclip),https://www.youtube.com/watch?v=ZTMUR0mCrxo,Psyko Punkz,2022-10-11 19:16:04,2016-05-30 13:11:36
Sound of Silence (Dj Dean Meets Hennes Petersen) (G-Style Brothers Remix),https://www.youtube.com/watch?v=QvdnOcsmt90,Angel Beats - Topic,2022-10-11 19:26:52,2016-04-08 00:17:43
Sefa & Cyclon - Jim,https://www.youtube.com/watch?v=3I-RkID3zEU,Peacock Records,2022-10-20 20:00:50,2016-08-05 14:53:40
Wasted Penguinz - Black & White (Official HQ Preview),https://www.youtube.com/watch?v=Edhbj5zwWxM,Dirty Workz,2022-10-31 20:53:55,2016-04-20 09:00:00
MaLu Project & Henny M. feat James Stefano & K Brown   Back To Life (Big Fudge Video Edit),https://www.youtube.com/watch?v=rjKLHqL6aIg,Mental Madness Records,2022-12-02 15:22:08,2016-11-02 14:00:27
Andrew Spencer & Aquagen   Here Without You 2.5. (DJ Gollum Feat  DJ Cap Video Edit),https://www.youtube.com/watch?v=Y2tJv0nh0jc,Mental Madness Records,2022-12-02 15:27:05,2016-10-26 14:18:58
Sound Rush - Lifetime (Official Music Video),https://www.youtube.com/watch?v=K37tTvcaKpQ,Sound Rush,2023-01-25 12:55:36,2016-06-20 14:05:17
Energyzed - Stand My Ground (#SCAN208),https://www.youtube.com/watch?v=gEZLunUnZ1A,Scantraxx,2023-03-11 17:12:11,2016-04-06 09:03:49
Psyched feat. Aninia - Encomium (THER-175),https://www.youtube.com/watch?v=mftrsZHTiMk,Theracords,2023-05-20 14:35:34,2016-05-19 17:00:01
Sephyx ft. Mr Shammi - You Got The Rhythm (Official HQ Preview),https://www.youtube.com/watch?v=NWdWbQmTLSY,Dirty Workz,2023-05-20 14:39:13,2016-11-10 18:00:00
