Bebe Rexha - I Got You [Official Music Video],https://www.youtube.com/watch?v=uEJuoEs1UxY,Bebe Rexha,2017-01-18 14:15:50,2017-01-06 14:04:14
The Chainsmokers - Paris (Official Lyric Video),https://www.youtube.com/watch?v=RhU9MZ98jxo,ChainsmokersVEVO,2017-01-21 20:53:04,2017-01-13 05:01:00
Ed Sheeran - Shape Of You [Official Lyric Video],https://www.youtube.com/watch?v=_dK2tDK9grQ,Ed Sheeran,2017-01-23 05:56:05,2017-01-06 04:59:03
"ZAYN, Taylor Swift - I Don’t Wanna Live Forever (Fifty Shades Darker)",https://www.youtube.com/watch?v=7F37r50VUTQ,TaylorSwiftVEVO,2017-02-15 18:39:52,2017-01-27 05:00:30
Martin Garrix & Dua Lipa - Scared To Be Lonely (Official Video),https://www.youtube.com/watch?v=e2vBLd5Egnk,Martin Garrix,2017-02-18 20:30:18,2017-01-27 05:00:01
Starley - Call On Me (Ryan Riback Remix) [Official Video],https://www.youtube.com/watch?v=I-VsisgVkHw,StarleyVEVO,2017-02-26 17:11:57,2017-01-18 15:00:00
Katy Perry - Chained To The Rhythm (Official) ft. Skip Marley,https://www.youtube.com/watch?v=Um7pMggPnug,KatyPerryVEVO,2017-02-27 21:25:02,2017-02-21 12:00:05
Lana Del Rey - Love,https://www.youtube.com/watch?v=3-NTv0CdFCk,LanaDelReyVEVO,2017-03-02 21:27:32,2017-02-20 16:05:00
Feki - Run Away,https://www.youtube.com/watch?v=ccyMA_RyLX8,MrSuicideSheep,2017-03-02 21:55:43,2017-03-02 21:30:01
Mosimann - Never let you go feat. Joe Cleere (Official video),https://www.youtube.com/watch?v=0Zpdf2r9-hY,MOSIMANN,2017-03-23 17:21:30,2017-02-08 09:00:16
Mida - Believe (Official Lyric Video),https://www.youtube.com/watch?v=yYkKjtHkQfQ,Spinnin' Records,2017-03-27 14:34:17,2017-01-21 20:00:03
Cammora - On My Way (Official Music Video),https://www.youtube.com/watch?v=sFZ1vgC2Sr0,Spinnin' Records,2017-03-28 12:15:07,2017-03-28 12:00:07
Snavs & ReauBeau - Dreams (Official Lyric Video),https://www.youtube.com/watch?v=4I_1KLreYjA,Spinnin' Records,2017-03-31 19:56:02,2017-03-31 19:00:01
Luis Fonsi - Despacito ft. Daddy Yankee,https://www.youtube.com/watch?v=kJQP7kiw5Fk,LuisFonsiVEVO,2017-04-04 17:49:23,2017-01-13 05:00:02
Sam Feldt & Hook N Sling - Open Your Eyes (Official Music Video),https://www.youtube.com/watch?v=JB4OBcXklr4,Spinnin' Records,2017-04-04 17:55:01,2017-02-24 16:00:02
Kygo & Selena Gomez - It Ain't Me (Audio),https://www.youtube.com/watch?v=D5drYkLiLI8,KygoOfficialVEVO,2017-04-10 03:52:17,2017-02-16 05:00:01
Nils Van Zandt - The Riddle (Official Video),https://www.youtube.com/watch?v=XiFOArjMUqU,Happy Music,2017-04-12 05:55:21,2017-02-24 16:12:35
"Zedd, Alessia Cara - Stay (Official Music Video)",https://www.youtube.com/watch?v=yWEK4v9AVKQ,ZEDDVEVO,2017-04-29 08:21:40,2017-04-18 16:00:06
Heavy [Official Music Video] - Linkin Park (feat. Kiiara),https://www.youtube.com/watch?v=5dmQ3QWpy1Q,Linkin Park,2017-05-14 12:33:30,2017-03-09 15:00:01
Yves V & Marc Benjamin - Blow (Official Music Video),https://www.youtube.com/watch?v=c5BAM84BfqM,Spinnin' Records,2017-05-15 19:56:57,2017-05-15 19:00:04
Syn Cole - Sway (feat. Nevve) [Lyric Video],https://www.youtube.com/watch?v=ExH9PDUEIpw,PRMD Music,2017-05-19 18:18:46,2017-04-28 12:46:59
Cheat Codes - No Promises ft. Demi Lovato [Official Lyric Video],https://www.youtube.com/watch?v=exoWGjpx4UM,Cheat Codes,2017-05-23 16:02:39,2017-04-11 20:38:49
Sean Paul - No Lie ft. Dua Lipa,https://www.youtube.com/watch?v=GzU8KqOY8YA,SeanPaulVEVO,2017-05-23 16:04:11,2017-01-10 18:00:31
Harry Styles - Sign of the Times (Official Video),https://www.youtube.com/watch?v=qN4ooNx77u0,HarryStylesVEVO,2017-05-23 16:05:05,2017-05-08 12:00:04
Anne-Marie - Ciao Adios [Official Video],https://www.youtube.com/watch?v=qqob4D3BoZc,Anne-Marie,2017-05-23 16:06:17,2017-03-09 15:48:09
Hey Violet - Break My Heart (Official Music Video),https://www.youtube.com/watch?v=5hzB9qQENGA,HeyVioletVEVO,2017-05-23 16:07:16,2017-04-04 04:00:00
Lucas & Steve - Up Till Dawn (On The Move) [Official Music Video],https://www.youtube.com/watch?v=xqAqaLV8Nf4,Spinnin' Records,2017-06-21 17:22:28,2017-05-30 15:00:05
Maroon 5 - Cold ft. Future (Audio),https://www.youtube.com/watch?v=DCBmhs4dYzc,Maroon5VEVO,2017-06-21 17:23:29,2017-02-14 05:00:00
Robin Schulz – OK (feat. James Blunt) (Official Music Video),https://www.youtube.com/watch?v=P9-4xHVc7uk,Robin Schulz,2017-07-01 13:25:43,2017-05-19 15:00:03
Kygo & Ellie Goulding - First Time (R3HAB Remix),https://www.youtube.com/watch?v=CTVlTtyx8bo,Trap Nation,2017-07-01 20:03:22,2017-07-01 15:20:34
Afrojack & David Guetta ft. Ester Dean - Another Life (Official Video),https://www.youtube.com/watch?v=ivxPepDyqmI,AfrojackVEVO,2017-07-09 11:38:44,2017-04-28 08:10:00
Nature One Inc. - We Call It Home (Prod. by Cuebrick) (Official Video 4K),https://www.youtube.com/watch?v=Vf0BFEylUpw,Kontor.TV,2017-07-15 16:34:42,2017-07-15 14:00:04
Charlie Puth - Attention [Official Video],https://www.youtube.com/watch?v=nfs8NYg7yQM,Charlie Puth,2017-07-17 17:22:59,2017-04-24 17:00:05
Martin Garrix & Brooks - Byte (Official Video),https://www.youtube.com/watch?v=zH9sXggRlxc,Martin Garrix,2017-07-22 20:02:51,2017-04-07 04:00:02
Alan Walker ft. Gavin James - Tired,https://www.youtube.com/watch?v=g4hGRvs6HHU,Alan Walker,2017-08-05 10:49:54,2017-05-19 05:03:59
Axwell /\ Ingrosso - More Than You Know,https://www.youtube.com/watch?v=GsF05B8TFWg,AxwellIngrossoVEVO,2017-08-05 10:51:49,2017-06-13 12:00:02
DJ Antoine - La Vie En Rose (Official Lyric Video HD),https://www.youtube.com/watch?v=OzYW_VzGleQ,Kontor.TV,2017-08-05 10:53:16,2017-04-28 15:02:29
Borgeous - You,https://www.youtube.com/watch?v=BUkxblJ-rIY,BorgeousVEVO,2017-08-05 10:58:48,2017-07-10 17:00:01
Cityflash feat. Laura-Ly - Don't Leave Me (Official Video HD),https://www.youtube.com/watch?v=H5PReu-oPls,Kontor.TV,2017-08-16 14:33:40,2017-06-01 14:31:05
Gareth Emery feat. Lucy Saunders - Sanctuary (William Black Remix),https://www.youtube.com/watch?v=1dWkEYQyPE8,WaveMusic,2017-08-18 20:43:57,2017-02-02 18:31:56
Ott Lepland - Siin me kokku saime VIP Mix,https://www.youtube.com/watch?v=oZZduviJ5nc,Ott Lepland,2017-08-19 19:49:07,2017-06-27 20:25:40
SHANON - NaNaNaNaNa (Official Version),https://www.youtube.com/watch?v=lOjkBHFoSgo,SHANON (Official),2017-08-21 14:22:08,2017-04-21 13:42:29
Yellow Claw - Good Day ft. DJ Snake & Elliphant [OFFICIAL MUSIC VIDEO],https://www.youtube.com/watch?v=RyMqplmQ_fE,Yellow Claw,2017-08-21 17:05:13,2017-05-09 16:35:33
Liam Payne - Strip That Down ft. Quavo,https://www.youtube.com/watch?v=vSW2M-BB1NE,LiamPayneVEVO,2017-08-21 17:07:00,2017-06-02 06:30:00
Camila Cabello - Crying in the Club [The best Remix],https://www.youtube.com/watch?v=1ysc9xiv9HY,Felipe Lozano,2017-08-21 17:12:12,2017-05-20 20:54:30
Ran-D - Zombie (official videoclip),https://www.youtube.com/watch?v=8ga_tSyiRvQ,Ran-D,2017-08-21 17:22:28,2017-08-14 10:00:00
Taylor Swift - Look What You Made Me Do (Lyric Video),https://www.youtube.com/watch?v=3K0RzZGpyds,TaylorSwiftVEVO,2017-09-10 18:09:25,2017-08-25 03:44:23
Alan Walker - The Spectre,https://www.youtube.com/watch?v=wJnBTPUQS5A,Alan Walker,2017-09-25 16:08:33,2017-09-15 07:02:57
Imagine Dragons - Believer (Audio),https://www.youtube.com/watch?v=IhP3J0j9JmY,ImagineDragonsVEVO,2017-10-23 19:34:10,2017-02-01 23:58:45
Music is my Saviour - S3RL feat Mixie Moon,https://www.youtube.com/watch?v=w-Wc4lPCW9s,S3RL,2017-10-24 09:49:37,2017-09-07 00:00:43
Nightcore  - How Do You Do (Remix) ✕,https://www.youtube.com/watch?v=ZQKdayVotaI,NightcoreLounge,2017-10-24 10:44:06,2017-02-03 18:31:48
Mandy - RaggaDrop (Official Video Clip),https://www.youtube.com/watch?v=RhIgP2d7jVA,Dirty Workz,2017-10-24 12:41:24,2017-04-11 17:00:03
Nightcore - Sweet Dreams (Remix),https://www.youtube.com/watch?v=ylNucDjaWnM,NightcoreLounge,2017-10-26 12:33:59,2017-08-18 15:30:03
Nightcore  - Flying High (Remix) ✕,https://www.youtube.com/watch?v=uwGFBPpjDd8,NightcoreLounge,2017-10-27 11:54:39,2017-02-14 18:38:07
Alan Walker - All Falls Down (Lyrics / Lyric Video) feat. Noah Cyrus & Digital Farm Animals,https://www.youtube.com/watch?v=KJZsy_8Lyws,WaveMusic,2017-10-27 18:14:45,2017-10-27 17:30:01
San Holo - I Still See Your Face (Lyrics / Lyric Video) neutral remix,https://www.youtube.com/watch?v=SKgYY4TDzuk,WaveMusic,2017-11-01 12:30:54,2017-10-30 17:00:02
Whirlwind - S3RL feat Krystal,https://www.youtube.com/watch?v=ucvRjuF64tE,S3RL,2017-11-03 20:21:37,2017-11-01 22:40:09
Meiko - Leave The Lights On (ReliQium Hardstyle Bootleg) | HQ Videoclip,https://www.youtube.com/watch?v=7EUGClVXoMw,HardstyleUp2Datez [HU2Dz],2017-11-04 10:59:50,2017-08-07 16:30:00
Frenchcore Worldwide feat. Da Mouth of Madness (Official Video),https://www.youtube.com/watch?v=cDeuKXPejw0,Dr. Peacock,2017-11-05 12:00:38,2017-11-02 16:00:07
Barthezz - On The Move (Hard Editz Remix Bootleg) (Hardstyle),https://www.youtube.com/watch?v=0_PcW6u6BwU,Hardstyle Promotion,2017-11-05 20:52:49,2017-09-18 17:31:10
"Jebroer, DJ Paul Elstak & Dr Phunk - Engeltje",https://www.youtube.com/watch?v=1mbrXJRgbLE,ROQ 'N ROLLA Music,2017-11-05 21:05:14,2017-06-16 07:59:33
Dj Mangoo - Eurodancer (ProJex Edit) (Hardstyle),https://www.youtube.com/watch?v=Buucc3bMRhY,Hardstyle Promotion,2017-11-06 06:30:06,2017-03-24 19:45:31
DJ Gollum vs. Basslovers United - Narcotic (DJ Gollum Video Edit),https://www.youtube.com/watch?v=ER6KXhOx6_I,Zooland.TV,2017-11-08 18:46:13,2017-11-08 18:30:00
Sub Zero Project - Playing With Fire (Official Video Clip),https://www.youtube.com/watch?v=P7DIg4t0GOA,Dirty Workz,2017-11-17 17:07:38,2017-11-17 16:02:49
Shadisha - Cant Get You Out Of My Head (Original Mix) | #SOUNDOFSOUL,https://www.youtube.com/watch?v=2Z7ter00F3k,Sound Of Soul,2017-11-18 20:05:27,2017-11-18 19:51:23
"Coone - Young, Gifted & Proud (The Qontinent Anthem 2017)",https://www.youtube.com/watch?v=hjZ63epQAgo,Q-dance,2017-11-22 18:34:06,2017-07-20 17:29:31
Beyonce - Halo (Dj T.c  Euphoric Edit) (Hardstyle),https://www.youtube.com/watch?v=skTs-JZlWNQ,Hardstyle Promotion,2017-11-24 13:51:02,2017-05-13 08:17:18
D-Block & S-te-Fan - God Is A DJ (#EVO044),https://www.youtube.com/watch?v=Q_Vc4vu6Vrs,Scantraxx,2017-11-24 14:30:37,2017-11-24 08:50:49
Bass Modulators - Imagine (Official 4K Videoclip),https://www.youtube.com/watch?v=SRGtVx6j3Is,Scantraxx,2017-12-08 19:35:28,2017-12-01 13:57:29
Nightcore - My Life (Jinpachi Futushimo Edit) [Bounce Bro feat. Destiny],https://www.youtube.com/watch?v=4bid2avUYxE,CLuBLioNx,2017-12-08 21:40:32,2017-12-08 21:35:34
VIRTUAL SELF - EON BREAK (Official Music Video),https://www.youtube.com/watch?v=e7QeR0VxnlA,Porter Robinson,2017-12-09 21:17:25,2017-10-25 18:50:20
Coone & Wildstylez - Here I Come (Official Video Clip),https://www.youtube.com/watch?v=jqPVlp5OW0Q,Dirty Workz,2017-12-22 17:09:05,2017-10-06 16:00:04
Headhunterz - Takin It Back (Official Video),https://www.youtube.com/watch?v=t-601tSRnfE,Headhunterz,2017-12-22 17:12:11,2017-10-08 17:56:47
Xillions - Somebody Like Me (Mark With a K RMX)(Official Videoclip),https://www.youtube.com/watch?v=b6NCaD9LjrI,Mark With a K,2017-12-22 17:13:45,2017-10-20 13:31:52
Jessie M - Take Me Away (Chaoz Hardstyle Bootleg) | HQ Videoclip,https://www.youtube.com/watch?v=oAC_McL1SbU,HardstyleUp2Datez [HU2Dz],2017-12-22 17:16:25,2017-10-02 19:52:29
Mark With a K & Robert Falcon - Warrior (Official Videoclip),https://www.youtube.com/watch?v=sqUP1GdGwqA,Mark With a K,2017-12-22 17:38:34,2017-06-23 08:07:41
Nightcore - If I Could Be You (Neo Cortex Radio Mix) [DJ Dean],https://www.youtube.com/watch?v=bvarcRDhgNg,CLuBLioNx,2018-01-03 19:11:34,2017-11-10 22:21:47
"Martin Garrix, Matisse & Sadko - Forever (Official Music Video)",https://www.youtube.com/watch?v=ScNsBpQ8KIg,Martin Garrix,2018-01-16 16:14:21,2017-10-20 03:59:41
Nightcore  - Stamp On The Ground (Remix)  ✕,https://www.youtube.com/watch?v=hdk08CWJKV0,NightcoreLounge,2018-01-23 10:48:43,2017-06-19 15:00:04
All That I Need - S3RL feat Kayliana & MC Riddle,https://www.youtube.com/watch?v=bXSAVT8EjUo,S3RL,2018-01-23 20:21:51,2017-06-08 00:08:39
Nightcore  - Ring Dinge Ding ✕,https://www.youtube.com/watch?v=adlAL8JP6LM,NightcoreLounge,2018-01-23 20:45:04,2017-02-05 19:07:04
Nightcore - Day After Day (Millennium Edit) [Millennium],https://www.youtube.com/watch?v=gkIKQmEmnvw,CLuBLioNx,2018-02-10 21:23:21,2017-12-14 23:49:11
Nightcore - DJ Play This Song,https://www.youtube.com/watch?v=iziNZus8eoU,Shiko,2018-02-11 10:20:42,2017-05-03 13:00:07
ZAYN - Dusk Till Dawn (Official Video) ft. Sia,https://www.youtube.com/watch?v=tt2k8PGm-TI,ZaynVEVO,2018-02-23 15:40:24,2017-09-07 12:00:09
Janieck - Does It Matter (Official Music Video),https://www.youtube.com/watch?v=woJZvd7anq0,Spinnin' Records,2018-02-26 18:02:47,2017-12-08 19:59:39
Tove Lo - bitches (Áudio),https://www.youtube.com/watch?v=cAZk1rs8b0E,Iago Prado,2018-03-02 21:37:44,2017-11-19 04:56:57
David Guetta & Afrojack - Dirty Sexy Money feat. Charli XCX & French Montana (Lyric Video),https://www.youtube.com/watch?v=kkdLiA9J6LQ,David Guetta,2018-03-04 09:57:27,2017-11-02 19:42:39
"Selena Gomez, Marshmello - Wolves",https://www.youtube.com/watch?v=cH4E_t3m3xM,SelenaGomezVEVO,2018-03-12 19:46:51,2017-11-18 16:00:02
D-Block & S-te-Fan - Angels & Demons,https://www.youtube.com/watch?v=w8FgSWEpK5o,D-Block & S-te-Fan (DBSTF),2018-03-13 16:25:44,2017-06-26 16:49:01
Scooter & Jebroer - My Gabber (Official Video 4K),https://www.youtube.com/watch?v=OkCn70bXCBo,Kontor.TV,2018-03-16 19:55:43,2017-09-01 11:00:29
Jebroer - Kind Eines Teufels (Prod. by Paul Elstak & Dr.Phunk) (Official Video HD),https://www.youtube.com/watch?v=nZNLJeJNaOI,Kontor.TV,2018-03-18 20:03:35,2017-06-23 09:07:12
Scooter - Bora! Bora! Bora! (Official Video HD),https://www.youtube.com/watch?v=sK8eQWgGkKk,Kontor.TV,2018-03-26 17:46:21,2017-05-26 11:00:40
Imany - Don't Be So Shy (Filatov & Karas Remix) / Official Music Video,https://www.youtube.com/watch?v=b1_B-IKEufg,Think Zik !,2018-03-30 12:18:16,2017-01-30 18:02:49
ItaloBrothers - Summer Air (Official Video),https://www.youtube.com/watch?v=66v1qe98yJk,SteveAATW,2018-03-30 19:34:50,2017-07-25 14:14:30
R.I.O. - Headlong (Official Video HD),https://www.youtube.com/watch?v=d_11fwrn6Ow,Kontor.TV,2018-03-30 19:42:52,2017-03-20 16:40:49
ZATOX - FOR EVER ( OFFICIAL MUSIC VIDEO ),https://www.youtube.com/watch?v=Kt3Da1pXsaw,Zatox,2018-04-14 14:51:48,2017-09-11 17:02:49
One More Light [Official Music Video] - Linkin Park,https://www.youtube.com/watch?v=Tm8LGxTLtQk,Linkin Park,2018-04-26 14:16:12,2017-09-18 15:00:08
F. Noize - Cold As Ice (Bootleg) [Videoclip],https://www.youtube.com/watch?v=1WqM2UkZMLA,Frenchcore Hardcore,2018-05-01 15:13:10,2017-07-29 13:27:22
Dj Remx - Keep On Moving (DJ Gollum Remix HD),https://www.youtube.com/watch?v=Em1xuaXt4A4,Zooland.TV,2018-05-05 13:20:18,2017-07-06 11:13:40
Ran-D & Clockartz - Victorious [Endshow Q-Dance at Mysteryland 2017],https://www.youtube.com/watch?v=NAzgZ-x00h0,Ran-D,2018-05-10 18:43:09,2017-09-05 17:00:01
Headhunterz - Destiny (Radio Edit),https://www.youtube.com/watch?v=kGfc6mnjIzI,LOSERRANODE,2018-05-18 13:39:54,2017-07-01 15:50:51
Phuture Noize - The Temple (Official Videoclip),https://www.youtube.com/watch?v=z9CdSxjeWro,Dirty Workz,2018-05-18 13:42:54,2017-02-08 18:00:03
Adrenalize - Wherever The Light Ends (Official 4K Videoclip),https://www.youtube.com/watch?v=PMseApOmhqk,Scantraxx,2018-05-25 08:39:23,2017-02-01 15:29:18
Brennan Heart & Galactixx ft. Elle B - Dreamer (Official Videoclip),https://www.youtube.com/watch?v=S1xymW2cpYM,I AM HARDSTYLE,2018-05-25 09:07:39,2017-07-03 12:56:32
MYST - Fire And Ice (Official Music Video),https://www.youtube.com/watch?v=Yq39nPSlt2M,MYST,2018-05-25 09:34:07,2017-11-16 15:38:56
Sefa & Kyome - Losing Control (Frenchcore Videoclip),https://www.youtube.com/watch?v=XHhEv-u-FYU,Frenchcore Hardcore,2018-05-26 10:27:02,2017-06-02 18:52:21
Sefa - Stille Berg (Frenchcore Videoclip),https://www.youtube.com/watch?v=3BsGrnbl9Q8,Frenchcore Hardcore,2018-05-27 11:43:00,2017-04-13 17:44:09
Sefa & Crypton - Nobody Knows (Frenchcore Videoclip),https://www.youtube.com/watch?v=HWXLGzKrbF4,Frenchcore Hardcore,2018-05-27 11:52:02,2017-02-24 20:56:50
MYST - Never Look Back (Official Music Video),https://www.youtube.com/watch?v=3OgEh8n6p7A,MYST,2018-05-31 10:19:59,2017-06-20 17:56:12
MYST - Young And Reckless (Official Audio),https://www.youtube.com/watch?v=gRQVE0cmpKU,MYST,2018-05-31 11:30:41,2017-03-27 09:00:37
Sub Sonik & Villain - The One (OFFICIAL PREVIEW),https://www.youtube.com/watch?v=IrK1Wu6Jg3g,Sub Sonik,2018-05-31 12:36:08,2017-04-17 15:16:31
Project One - Luminosity,https://www.youtube.com/watch?v=0tqLaN8Egzg,Q-dance,2018-06-01 14:29:02,2017-11-10 14:47:22
Sub Sonik & Sub Zero Project - Ready For This (Official 4K Videoclip),https://www.youtube.com/watch?v=eX_xzXnSQpI,Sub Sonik,2018-06-04 15:55:14,2017-09-14 14:33:03
Noisecontrollers - Spirit Of Hardstyle,https://www.youtube.com/watch?v=-VoPJ7zIZ7U,Spirit Of Hardstyle,2018-06-10 18:04:15,2017-07-03 13:30:35
Defqon.1 Weekend Festival 2017 | Official Q-dance Anthem | Frequencerz - Victory Forever,https://www.youtube.com/watch?v=U9QMFyGInyE,Q-dance,2018-06-11 09:31:50,2017-05-14 10:00:10
Gunz For Hire - The Day That I Die [official videoclip],https://www.youtube.com/watch?v=QY_Yslqy_UU,Gunz For Hire,2018-06-11 17:28:45,2017-04-10 16:30:01
B-Front & ANDY SVGE - Beat The Darkness,https://www.youtube.com/watch?v=aUEB2V3nuK0,Mario De Martino,2018-06-17 19:17:19,2017-08-30 20:26:39
Keys In Tokyo - Chris Silvertune feat. Anja,https://www.youtube.com/watch?v=bZ6rQvToaMc,Desuvi Music,2018-06-18 19:40:03,2017-01-11 19:20:37
Sek-C-Raver (Hands Up Edit) - S3RL feat Jesskah,https://www.youtube.com/watch?v=4aiVvOgJyDY,Desuvi Music,2018-06-19 17:34:14,2017-01-11 19:21:01
Jaded AF - S3RL feat ChiyoKo & MC Riddle,https://www.youtube.com/watch?v=K32v3Tv59cE,S3RL,2018-06-20 15:08:53,2017-12-07 00:02:09
B-Front – Smells Likes Teen Spirit (Bootleg) [FREE DOWNLOAD],https://www.youtube.com/watch?v=jgrUaKeCsJ4,Go'Dak,2018-06-20 18:58:51,2017-08-18 23:09:19
Where Did You Go - S3RL feat Charlotte,https://www.youtube.com/watch?v=EhUQfwpgyGs,S3RL,2018-06-24 14:41:18,2017-03-01 21:58:33
MYST - Before You Go (Official Audio),https://www.youtube.com/watch?v=H7re3qenuv8,MYST,2018-06-28 19:20:06,2017-03-23 11:41:48
Ran-D & Phuture Noize - Suicidal Superstar [official videoclip],https://www.youtube.com/watch?v=IEaA4pU6X1Y,Ran-D,2018-06-28 19:22:45,2017-11-15 14:39:26
MYST feat. Snowflake - Hear My Breath (Official Audio),https://www.youtube.com/watch?v=HphuT1MgLbk,MYST,2018-06-28 19:26:34,2017-04-10 10:00:10
Phuture Noize - Chaos & Order (Official HQ Preview),https://www.youtube.com/watch?v=S4MpYK8SfIg,Dirty Workz,2018-06-28 19:37:48,2017-05-29 17:00:02
B-Front & Hard Driver - One By One | Preview,https://www.youtube.com/watch?v=dXAYeTUugkU,B-Front,2018-06-28 19:38:53,2017-12-06 10:02:52
Phuture Noize - Strike You Down (Official Video Clip),https://www.youtube.com/watch?v=VviAEHMyaRY,Dirty Workz,2018-06-28 19:40:06,2017-09-19 17:00:02
Phuture Noize - The Aftershock (Official HQ Preview),https://www.youtube.com/watch?v=Prk244f-RHA,Dirty Workz,2018-06-28 19:51:16,2017-06-08 17:00:01
Phuture Noize - I Got Noize (Official HQ Preview),https://www.youtube.com/watch?v=B08EX5dHJ8k,Dirty Workz,2018-06-28 19:54:10,2017-04-20 17:00:02
B-Front - Beyond Reality | Preview,https://www.youtube.com/watch?v=8CmOiWRWIl8,B-Front,2018-07-02 12:18:41,2017-04-07 11:22:30
"AronChupa, Little Sis Nora - Llama In My Living Room",https://www.youtube.com/watch?v=l-sZyfFX4F0,AronChupaVEVO,2018-07-02 19:13:38,2017-06-02 07:00:02
Toneshifterz - Boom Boom (Official Video),https://www.youtube.com/watch?v=C-trLLoBZRw,Toneshifterz,2018-07-04 17:56:39,2017-07-04 15:00:03
Toneshifterz - What You Got,https://www.youtube.com/watch?v=9ET-TeIX_EM,Toneshifterz,2018-07-04 18:11:51,2017-01-18 18:53:20
Furyan & Angerfist - HOAX (Official Music Video),https://www.youtube.com/watch?v=DE-DYdK6ISY,Angerfist,2018-07-04 18:19:25,2017-05-23 17:00:01
Brennan Heart aka Blademasterz - Melody of the Blade,https://www.youtube.com/watch?v=wDPX9ZEgA2w,I AM HARDSTYLE,2018-07-04 18:36:36,2017-06-19 14:00:24
AniMe - Call my name (Videoclip),https://www.youtube.com/watch?v=U1FWA86L7XI,DJ AniMe,2018-07-05 15:55:13,2017-07-12 10:19:37
Angerfist ft Nolz - Creed Of Chaos (Official Video),https://www.youtube.com/watch?v=t1uBfjlkkbo,Angerfist,2018-07-05 16:24:37,2017-11-21 16:00:08
Furyan & Korsakoff - Harmony (Official Video),https://www.youtube.com/watch?v=3ZtDOQAPj4Y,OfficialKorsakoff,2018-07-05 17:20:11,2017-11-08 17:49:27
Korsakoff & Re-Style - The Game,https://www.youtube.com/watch?v=pH2A6fUKbYY,OfficialKorsakoff,2018-07-05 18:33:15,2017-07-18 15:00:06
Unexist - Kings Never Die,https://www.youtube.com/watch?v=PK5uV7XQczs,Dogfight Rec,2018-07-06 17:58:36,2017-02-23 15:58:46
G-Eazy & Halsey - Him & I (Official Video),https://www.youtube.com/watch?v=SA7AIQw-7Ms,GEazyMusicVEVO,2018-07-08 18:38:30,2017-12-01 16:15:00
Eminem - River (Audio) ft. Ed Sheeran,https://www.youtube.com/watch?v=3BXDsVD6O10,EminemVEVO,2018-07-13 16:58:15,2017-12-15 05:00:00
DEEP.SPIRIT - Lonely (Original Video Edit) Official - 2004,https://www.youtube.com/watch?v=dR1DCclgLm0,ARCRecords,2018-07-19 09:20:42,2017-06-03 18:25:05
Angerfist & Mad Dog - From The Ashes,https://www.youtube.com/watch?v=TbP8R_S7Eow,Angerfist,2018-07-19 18:40:04,2017-11-27 19:08:10
Ecstatic - Underground (Video Clip),https://www.youtube.com/watch?v=RdomSLmuqfM,Dirty Workz,2018-07-20 13:29:34,2017-05-26 17:00:02
Miss K8 - St8ment (Official Videoclip),https://www.youtube.com/watch?v=eFAdAw90Dc4,Miss K8,2018-07-21 17:41:10,2017-03-25 15:00:04
DJ Isaac - Burn (Sub Zero Project Remix) (Official Video Clip),https://www.youtube.com/watch?v=2IqnucqExtA,Dirty Workz,2018-07-24 15:52:43,2017-08-03 18:30:01
Korsakoff - Tempest (Official Video),https://www.youtube.com/watch?v=5GrzSwpuVPI,OfficialKorsakoff,2018-07-27 07:32:50,2017-03-02 17:13:20
Max Enforcer - Back At 'Em (Official Video),https://www.youtube.com/watch?v=0szNPaZyR1I,Lose Control Music,2018-07-27 07:49:31,2017-03-02 16:01:53
Avancada vs. Darius & Finlay - Xplode (Darius & Finlay Hardstyle Mix),https://www.youtube.com/watch?v=jmRE3AWh7NM,Armada Trice,2018-07-28 19:22:26,2017-08-27 13:00:03
Refuzion - Follow Me (feat. Christian Carlucci) (Official Video Clip),https://www.youtube.com/watch?v=vKkqdUhpwIM,Dirty Workz,2018-07-28 19:26:59,2017-04-18 17:00:05
Mr. Ivex & Sefa - Losing Your Mind (Frenchcore Videoclip),https://www.youtube.com/watch?v=MfxOsm6ZcCQ,Frenchcore Hardcore,2018-07-30 07:13:20,2017-07-06 11:00:03
Radical Redemption - Until I Win (HQ Official),https://www.youtube.com/watch?v=pHb3PCXSilE,Radical Redemption,2018-07-30 07:14:16,2017-10-09 17:20:44
Angerfist - Send Me To Hell,https://www.youtube.com/watch?v=51-gbY4cSNM,Angerfist,2018-07-30 07:14:33,2017-11-17 17:00:00
Wave Pressure - The Ritual (Official Lyric Video),https://www.youtube.com/watch?v=-r5OdUSDVQE,Dirty Workz,2018-07-30 17:26:31,2017-03-06 18:00:00
TheFatRat ft. Laura Brehm - The Calling (Da Tweekaz Remix) (Official Video Clip),https://www.youtube.com/watch?v=g0xCVfwbCGg,Dirty Workz,2018-07-30 17:26:59,2017-03-09 18:00:05
Audiotricz & Demi Kanon - Fallen Horizon  (Official Music Video),https://www.youtube.com/watch?v=Tbb4aoANA3g,Audiotricz,2018-07-30 19:23:04,2017-04-17 15:53:10
Sefa & Dr. Peacock - Flowing River (Frenchcore Videoclip),https://www.youtube.com/watch?v=eihcvNhLGLM,Frenchcore Hardcore,2018-08-01 12:15:19,2017-07-10 12:00:04
Tha Playah & E-Force Feat. Nolz - Warfare (Official AIRFORCE 2017 anthem),https://www.youtube.com/watch?v=7YQYjqND1ms,AIRFORCE Festival,2018-08-01 14:22:23,2017-06-28 15:00:01
Zatox - The Godfather ( Midnight Mafia Anthem 2017 ),https://www.youtube.com/watch?v=UcHYI4X2k7Y,Zatox,2018-08-05 09:16:04,2017-05-04 07:19:14
Zeus - Perfect,https://www.youtube.com/watch?v=jOqYC6haisI,Yume,2018-08-05 18:41:38,2017-06-26 22:07:47
Maotai & Dr. Peacock - Gingerbeer (HQ+CLIP),https://www.youtube.com/watch?v=fYhICJESjFc,Dr. Peacock,2018-08-07 19:11:38,2017-07-31 18:48:12
AniMe - Insane Hardcore (Videoclip),https://www.youtube.com/watch?v=teaeGCPUA9U,DJ AniMe,2018-08-08 10:19:05,2017-11-09 16:54:46
Sefa - Be Free (Frenchcore Videoclip),https://www.youtube.com/watch?v=ect9ScsX-dQ,Frenchcore Hardcore,2018-08-09 15:11:12,2017-07-11 11:30:00
Zatox & Luca Antolini - Open Your Mind,https://www.youtube.com/watch?v=J3HHnC4L6XI,Zatox,2018-08-10 10:49:12,2017-04-10 17:34:58
Udex - Cosmic Battle | Official Videoclip,https://www.youtube.com/watch?v=nvbiokEM_Wc,Heart for Hard,2018-08-12 18:13:52,2017-10-09 11:24:53
Angerfist & Ophidian - Nothing Is Real,https://www.youtube.com/watch?v=9RxFO2vaUOQ,Angerfist,2018-08-13 20:54:16,2017-11-29 18:00:01
Korsakoff & Re-Style - Unconquered (2017 Edit),https://www.youtube.com/watch?v=lDfyjlRnt-M,Re-Style,2018-08-14 12:58:44,2017-12-20 15:23:28
Angerfist - The Law,https://www.youtube.com/watch?v=qfadYPqnjC0,Angerfist,2018-08-14 18:54:20,2017-12-04 12:40:45
DJ Mad Dog & Dave Revan  - Maze of Martyr (Official Dominator 2017 anthem),https://www.youtube.com/watch?v=DTdCk5jNKqg,Dominator Festival,2018-08-15 11:31:31,2017-06-19 15:00:01
Coone & Hard Driver - Showtime 2.0 (Official Video Clip),https://www.youtube.com/watch?v=MRMPlemeNCI,Dirty Workz,2018-08-15 11:31:58,2017-12-26 17:55:44
Sub Sonik - Infinity (Official 4K Videoclip),https://www.youtube.com/watch?v=rNWW0QRWWPQ,Sub Sonik,2018-08-15 11:34:23,2017-07-31 14:53:24
RVAGE - Drop The Bass (Official Videoclip),https://www.youtube.com/watch?v=MVdk6pGMZ3o,Scantraxx,2018-08-15 11:51:53,2017-07-31 13:57:17
Rob Mayth - Feel My Love (Sub Zero Project & Devin Wild Remix) (Official Video),https://www.youtube.com/watch?v=c7eG283AUGM,Sub Zero Project,2018-08-15 13:30:38,2017-07-13 16:55:34
Dr Rude - Atlantis (Official Video Clip),https://www.youtube.com/watch?v=wfNyZndBeCM,Dirty Workz,2018-08-15 15:00:45,2017-08-01 17:00:04
Ophidian - Running On Empty [Official Video],https://www.youtube.com/watch?v=W7W2-aVpjm0,Ophidian,2018-08-18 12:00:20,2017-06-12 08:22:05
Outblast & Angerfist feat. Tha Watcher - Die Hard,https://www.youtube.com/watch?v=kI0oyQCyOAY,Masters of Hardcore,2018-08-18 12:01:45,2017-07-12 15:00:40
Act of Rage & D-Sturb - Let The Games Begin (Official Videoclip),https://www.youtube.com/watch?v=4sVt1JQ20rc,Act of Rage,2018-08-18 13:10:42,2017-12-06 18:00:01
Ophidian - Love Is Digital [Official Video],https://www.youtube.com/watch?v=Z2uq7pYz0GY,Ophidian,2018-08-18 13:32:16,2017-02-14 21:08:38
Promo & Ophidian feat. Myréan - Born to Break,https://www.youtube.com/watch?v=tZDvv1Zj8C8,The Third Movement,2018-08-19 09:03:48,2017-09-06 21:06:17
Promo - Lord of Undow,https://www.youtube.com/watch?v=y9DNR7MhUjA,The Third Movement,2018-08-19 11:39:05,2017-09-07 17:00:05
Brennan Heart & TNT - Hard Knockin' Beats (Official I AM HARDSTYLE Anthem),https://www.youtube.com/watch?v=KYhwuLNKZl0,I AM HARDSTYLE,2018-08-20 18:56:03,2017-04-03 13:49:19
D-Sturb Ft. Emese - Legacy (Official Videoclip),https://www.youtube.com/watch?v=3hxITA7vcdw,D-Sturb,2018-08-22 09:42:11,2017-07-03 16:30:00
D-Sturb - Ancient (Official Videoclip),https://www.youtube.com/watch?v=U1pAWc6DJjY,D-Sturb,2018-08-22 09:42:32,2017-03-23 18:30:01
Lindsey Stirling - Lost Girls (Official Music Video),https://www.youtube.com/watch?v=pWn7PYm-W90,Lindsey Stirling,2018-08-22 17:20:11,2017-05-11 16:01:04
Sefa & Mr. Ivex - LSD Problem (Frenchcore Videoclip),https://www.youtube.com/watch?v=GxjZgyH0780,Frenchcore Hardcore,2018-08-23 08:42:08,2017-01-20 19:01:54
Dr. Peacock - Trip to Dreamland ft. Le Bask,https://www.youtube.com/watch?v=ype6UfGujQo,Dr. Peacock,2018-08-27 18:33:19,2017-01-03 20:03:54
Degos & Re-Done - Release Me (Official Videoclip),https://www.youtube.com/watch?v=bEx5gwkoQjQ,degosredone,2018-08-30 18:24:18,2017-05-03 16:30:25
Robert Miles - Children (Degos & Re-Done Remix),https://www.youtube.com/watch?v=Sz-z9qoWSeQ,degosredone,2018-08-31 18:55:04,2017-04-05 17:07:54
Degos & Re-Done & Malua  - Floating Through Time (Official Videoclip),https://www.youtube.com/watch?v=Z0tcd-sVKno,degosredone,2018-08-31 19:40:45,2017-06-15 19:19:45
Luca Testa - Last Weekend,https://www.youtube.com/watch?v=bZkEPHVOQsI,Luca Testa,2018-09-05 14:16:05,2017-11-22 16:20:43
D-Block & S-te-Fan - 2 Silhouettes,https://www.youtube.com/watch?v=aEHhz6_62Ec,D-Block & S-te-Fan (DBSTF),2018-09-05 14:16:24,2017-12-27 20:41:39
D-Block & S-te-Fan - Above Average,https://www.youtube.com/watch?v=4Er_ZCUVyyk,D-Block & S-te-Fan (DBSTF),2018-09-05 14:16:33,2017-12-05 15:38:34
Festuca - For The Music,https://www.youtube.com/watch?v=hGVzbUReyFs,HARD with STYLE,2018-09-08 11:39:15,2017-04-18 16:03:01
Miss Hysteria - Surround Me,https://www.youtube.com/watch?v=PcI4Q7OpAiY,enzymeofficial,2018-09-08 14:32:15,2017-12-08 17:23:33
The Prodigy - Run With The Wolves (Degos & Re-Done & MYST Bootleg),https://www.youtube.com/watch?v=76rOoH_WxxA,degosredone,2018-09-08 20:07:15,2017-06-28 17:00:01
Frequencerz & Bass Chaserz - Renegades [OUT NOW],https://www.youtube.com/watch?v=Nebhgnhk-Lg,Roughstate,2018-09-08 20:11:08,2017-02-17 20:18:47
Radical Redemption - America (Official Videoclip),https://www.youtube.com/watch?v=VzxSIZP3vJU,Radical Redemption,2018-09-08 20:11:21,2017-11-02 19:23:54
Crypsis & Sasha F - Get Hit (Alpha² Remix) (#A2REC156),https://www.youtube.com/watch?v=-wTWjvCVHn4,Scantraxx,2018-09-08 20:13:17,2017-01-20 08:54:51
Love For Life (Marious Vs. Bartek Bootleg Edit) - Dr. Shiver Vs Marc Typ feat. Christina Skaar,https://www.youtube.com/watch?v=k8ReK1qesPg,Desuvi Music,2018-09-15 19:17:00,2017-04-28 17:00:03
PPK - Resurrection (Dj Thera Remix) Official Video,https://www.youtube.com/watch?v=s1EgOG1G8QA,Dj Thera,2018-09-18 19:09:33,2017-09-04 14:40:07
Dj Thera - Strength To Justify (Official Videoclip),https://www.youtube.com/watch?v=PygvgXhtks0,Dj Thera,2018-09-18 19:18:57,2017-12-04 20:21:26
Dj Thera feat Yuna-X - Feel Alive (Official Videoclip),https://www.youtube.com/watch?v=e8L-q0UlEAg,Dj Thera,2018-09-18 19:20:30,2017-03-17 14:27:50
Adaro & E-Life - Black Rain (Official Hard Bass 2018 Anthem),https://www.youtube.com/watch?v=IG18POhnag8,B2S,2018-09-21 14:47:53,2017-12-23 17:58:18
B-Front - Deepest Wave (Official Hard Bass 2017 anthem),https://www.youtube.com/watch?v=lf7U1XsJrkU,B2S,2018-09-21 14:49:13,2017-01-20 15:35:49
Adaro - The Sky Is The Limit (official videoclip) [official single out now on all portals],https://www.youtube.com/watch?v=23yEsUkx1wg,Adaro,2018-09-21 18:17:15,2017-09-04 14:00:00
Malua -  Sonic Seizure (Official Videoclip),https://www.youtube.com/watch?v=Z8wan52s8gU,Scantraxx,2018-09-22 12:33:30,2017-10-11 16:30:36
Adaro - The Voice Of The Fire [official videoclip],https://www.youtube.com/watch?v=G9zqpiu2iiQ,Adaro,2018-09-22 12:41:42,2017-11-16 16:42:32
Regain & Sub Sonik - Game Over | Official Videoclip,https://www.youtube.com/watch?v=wO8mvDdAJKw,Heart for Hard,2018-09-22 13:47:39,2017-11-10 11:54:28
Unsenses - Standing in the Dark (Official Video Clip),https://www.youtube.com/watch?v=OwVlfoECWSY,Dirty Workz,2018-09-23 08:40:14,2017-10-12 17:00:03
Adaro & Jack of Sound - Disruption [official videoclip],https://www.youtube.com/watch?v=sQ9oQuOg8og,Adaro,2018-09-23 08:47:54,2017-04-20 17:00:04
Project One - Luminosity [HQ Edit],https://www.youtube.com/watch?v=dtnMKbt_QHA,EuphoricHardStyleZ,2018-09-28 21:01:34,2017-11-11 00:05:43
Drumsound & Bassline Smith - Close (ReliQium Hardstyle Bootleg) | HQ Videoclip,https://www.youtube.com/watch?v=h5_xEdRUPlA,HardstyleUp2Datez [HU2Dz],2018-09-30 18:10:56,2017-11-25 17:55:03
Nosferatu - And Died Again,https://www.youtube.com/watch?v=uXWL-zq2OwI,Neophyte Records,2018-10-05 15:09:13,2017-06-08 09:06:15
DJ Mad Dog - Bring the Hardcore (Videoclip),https://www.youtube.com/watch?v=4jIGk0GXS0A,DJ MAD DOG,2018-10-05 17:31:40,2017-06-26 15:30:34
DJ Mad Dog - Why me (Videoclip),https://www.youtube.com/watch?v=ebtbfvkdpLg,DJ MAD DOG,2018-10-06 15:43:02,2017-06-08 15:52:19
The Prophet - One Of Us (Official Videoclip),https://www.youtube.com/watch?v=xrloQs4tX3Q,Scantraxx,2018-10-23 08:09:29,2017-11-15 18:55:03
Luis Fonsi ft Daddy Yankee - Despacito (Hardstyle Bootleg),https://www.youtube.com/watch?v=lHQkaymgg7s,DJ RIXEX X,2018-10-28 08:38:21,2017-12-07 23:11:07
Partyraiser & Repix - Ode To The Godfather (Videoclip),https://www.youtube.com/watch?v=6qvjmjDiJ_k,Frenchcore Hardcore,2018-11-03 20:57:25,2017-11-18 14:54:14
Mattafix - Big City Life (Sghenny | Frenchcore Remix),https://www.youtube.com/watch?v=NC-O5DFH1WM,Frenchcore Hardcore,2018-11-18 10:35:45,2017-03-05 13:00:01
Alan Walker - Sing Me To Sleep (Sghenny | Frenchcore Remix),https://www.youtube.com/watch?v=2T4gmqoTVU0,Frenchcore Hardcore,2018-11-18 11:39:01,2017-01-07 15:24:33
Groove Coverage - Angeline (Cc.K Remix),https://www.youtube.com/watch?v=bmAO4lvsv_c,Hands Up Generation,2018-11-24 11:07:42,2017-07-24 19:21:54
Refuzion ft. LXCPR - Ride (Official Video Clip),https://www.youtube.com/watch?v=VLHlYnR1A2A,Dirty Workz,2018-12-02 11:30:16,2017-10-27 17:00:04
Dr Rude ft. Jesse Lyons - Out of Heaven (Official Video Clip),https://www.youtube.com/watch?v=fs0O9WrNkDo,Dirty Workz,2018-12-02 12:01:29,2017-05-02 17:00:02
Phuture Noize - Walls Crashin' Down (Official Videoclip),https://www.youtube.com/watch?v=O4JQWZgMkBs,Dirty Workz,2018-12-03 21:37:21,2017-01-09 18:00:31
Galactixx - Out of the Dark (Official Videoclip),https://www.youtube.com/watch?v=OlSQwU78f5E,Galactixx,2018-12-06 14:02:07,2017-10-09 15:55:07
Dark Pact - The Truth [Derailed Traxx],https://www.youtube.com/watch?v=3BkQeFPILZo,Derailed Traxx,2018-12-08 16:02:55,2017-11-20 09:30:01
【crossbeats REV. SUNRISE】 Light of my Life / S3RL,https://www.youtube.com/watch?v=LMQYovzYFiM,不知火,2018-12-10 18:41:15,2017-07-17 13:00:51
Cherry Pop - S3RL feat Gl!tch,https://www.youtube.com/watch?v=bk8uIa1ZNvE,S3RL,2018-12-10 18:41:24,2017-05-03 23:22:04
The DJ Producer - Feel You Now,https://www.youtube.com/watch?v=6eqy7IUIwDY,The Third Movement,2018-12-15 10:42:36,2017-01-11 16:39:51
Audiotricz - Let There Be Light (Official Music Video),https://www.youtube.com/watch?v=VnyAb0VbKdw,Audiotricz,2018-12-15 10:46:01,2017-02-27 16:05:41
Vazard - Zimmersion 2.0 [SPOON 100],https://www.youtube.com/watch?v=0cXnirql5xc,Spoontech Records,2018-12-15 10:46:15,2017-02-16 10:50:49
Project One - One Without A Second,https://www.youtube.com/watch?v=XpSwhV5sGPs,Q-dance,2018-12-15 10:51:58,2017-11-10 14:47:21
Donkey Rollers - Chaos (Radical Redemption Remix) (Official Videoclip),https://www.youtube.com/watch?v=8X8O9TOX4io,Radical Redemption,2018-12-15 10:53:20,2017-05-19 13:58:03
Major Lazer & Showtek - Believer (Frontliner Remix) [OUT NOW],https://www.youtube.com/watch?v=s3RRmw_Tt8k,Dutch Master Works,2018-12-29 11:03:15,2017-06-09 09:29:17
Sprinky - Still Waiting (Frenchcore Videoclip),https://www.youtube.com/watch?v=i_H_npXwiX4,Frenchcore Hardcore,2019-01-01 17:22:22,2017-09-07 11:00:04
Stonebank - Ripped To Pieces (feat. EMEL) [Monstercat Release],https://www.youtube.com/watch?v=y5SmBKDT98c,Monstercat Uncaged,2019-03-05 12:24:54,2017-03-22 17:58:33
A-Wak - System Activated (Devotion Remix) [HQ Free],https://www.youtube.com/watch?v=EuwWGQaQA84,EuphoricHardStyleZ,2019-03-06 10:19:34,2017-01-22 13:52:44
DJ Paul Elstak - Helium (Official Music Video),https://www.youtube.com/watch?v=En5so2G68Uo,Paul Elstak,2019-03-08 16:55:28,2017-08-22 09:22:53
Dr. Peacock - Frenchcore Worldwide (ft  Da Mouth of Madness),https://www.youtube.com/watch?v=GA3CnBNwVFw,Frenchcore Worldwide Recordings,2019-03-08 17:55:14,2017-11-02 10:49:03
Unproven - Tell Me (Bootleg),https://www.youtube.com/watch?v=LoekG-mGZGU,Uptempo Hardcore,2019-03-09 07:19:55,2017-12-28 11:52:36
Dowster & Gammer- Here We Go (2003 Mix),https://www.youtube.com/watch?v=m3qgLsTKE0c,OnlyTheOldRaveHere,2019-03-09 09:00:44,2017-11-30 22:26:21
"DJ Mad Dog - Drugs, Sex & Power",https://www.youtube.com/watch?v=ukejDpu8e7Q,DJ MAD DOG,2019-04-23 17:53:38,2017-06-12 15:57:14
Sephyx - Save Me (Official Video Clip),https://www.youtube.com/watch?v=Pwl21VGp-M0,Dirty Workz,2019-05-04 10:56:04,2017-04-12 17:00:03
Lindsey Stirling - Love's Just A Feeling (ft. Rooty) [Official Video],https://www.youtube.com/watch?v=AlYVNyq2i_0,Lindsey Stirling,2019-08-01 07:49:52,2017-03-06 11:01:59
Bulletproof & Partyraiser - Monster (Video Clip),https://www.youtube.com/watch?v=juHVdg6JxTQ,Ash Williams,2019-08-21 07:39:36,2017-11-03 18:02:17
【東方Hardstyle】 Blood Red Moon 「Alter Synth」,https://www.youtube.com/watch?v=BaB0e3O08I4,Kappashiro,2019-08-28 17:41:45,2017-11-22 17:57:25
Gigi D'Agostino - L'Amour Toujours (Zany Remake) (Original Mix) [FREE],https://www.youtube.com/watch?v=oIsA4T4ompE,The Best Hardstyle Of The Week,2019-12-07 20:04:59,2017-02-15 14:43:11
B-Freqz - Freedom (HQ Audio),https://www.youtube.com/watch?v=3F19kgzDeIU,Hyperion,2019-12-17 07:42:09,2017-05-04 13:05:38
Cosmic Gate & Emma Hewitt - Tonight (Official Music Video),https://www.youtube.com/watch?v=4tBbbIOMZSY,Black Hole Recordings,2020-01-01 23:11:40,2017-07-26 13:54:57
Andrew Rayel feat. Emma Hewitt - My Reflection (Official Music Video),https://www.youtube.com/watch?v=EuGUFkAxw88,Armada Music TV,2020-01-02 17:47:04,2017-10-14 19:10:57
Envine & Hypnose - Story Of Secrets (#SSL086),https://www.youtube.com/watch?v=PK8GAFf9rOM,Scantraxx,2020-01-11 09:49:06,2017-10-03 15:03:15
What Hurts The Most (Topmodelz Radio Edit),https://www.youtube.com/watch?v=gv4-CydArhI,Cascada - Topic,2020-01-31 09:39:04,2017-01-25 19:31:50
Gareth Emery & Standerwick - Saving Light (feat. HALIENE),https://www.youtube.com/watch?v=-cTijc95Bis,MrSuicideSheep,2020-02-22 08:45:25,2017-01-30 19:30:25
Wasted Penguinz - Magic (Official Videoclip),https://www.youtube.com/watch?v=uWqH9oWJCmg,Wasted Penguinz,2020-02-22 20:29:56,2017-02-24 17:31:20
The Dam - Miss Rave (Your Version),https://www.youtube.com/watch?v=30_TIK1-OgE,Gabryel Synth,2020-04-28 17:28:54,2017-09-21 18:19:05
Stephanie - Disco Bitch (Official Preview) - from Pink Beats -The Album-,https://www.youtube.com/watch?v=gQXBOf0Zcaw,deejaystephanie,2020-05-05 14:42:32,2017-02-09 17:30:00
"Stephanie, Proto Bytez - I'm Alive (Official Preview) - from Pink Beats -The Album-",https://www.youtube.com/watch?v=nmjANRpePq0,deejaystephanie,2020-05-05 14:42:54,2017-02-13 17:30:03
Sophie Ellis-Bextor - Murder On The Dancefloor,https://www.youtube.com/watch?v=hAx6mYeC6pY,SEllisBextorVEVO,2020-05-08 19:43:11,2017-08-08 17:00:04
DJ Gollum feat. DJ Cap - Death Camp,https://www.youtube.com/watch?v=6CKK94zaG7M,Zooland.TV,2020-05-11 22:07:02,2017-03-27 18:31:09
Rescue Me (Club Mix),https://www.youtube.com/watch?v=2uxhaQkwnLg,Megastylez vs. Ti-Mo - Topic,2020-05-20 08:33:20,2017-01-25 23:50:52
Seaside Clubbers & Martin Lindberg – Wir (P!crash Remix Video Edit),https://www.youtube.com/watch?v=Gnwk-xaLzYY,ViSiON ZiDER,2020-06-05 11:13:58,2017-03-21 15:40:21
Level Zero Vs. Tribune - Garden Of Fire (Radio Mix),https://www.youtube.com/watch?v=0ntjDuKYDt0,Hands Up Generation,2020-06-18 11:12:49,2017-04-28 16:53:46
Antares Vs Bigroom Society - Ride on A Meteorite (The Real Booty Babes Remix),https://www.youtube.com/watch?v=4cGK9wC1Nr0,Hands Up Generation,2020-06-18 12:24:38,2017-04-04 19:51:26
Masterboy - Feel The Heat Of The Night (Official Video),https://www.youtube.com/watch?v=IBnshjEceKA,MasterboyVEVO,2020-06-22 20:53:45,2017-11-03 07:02:39
Masterboy - Show Me Colours (Official Video),https://www.youtube.com/watch?v=rtVj-GImpZ8,MasterboyVEVO,2020-06-22 20:54:43,2017-12-22 07:44:30
Rob Mayth vs. Alphascan - Cant Stop,https://www.youtube.com/watch?v=18p-3-wUPQ4,Hands Up Generation,2020-06-23 09:39:11,2017-02-10 19:07:39
Koehne & Kruegel feat. Jasmiina - Go Solo (Alari Remix),https://www.youtube.com/watch?v=CVKKklUhN6Q,Alari,2020-07-01 13:25:31,2017-06-07 19:46:08
Rooler & Sefa - Survive The Street [GBO001],https://www.youtube.com/watch?v=csyL4S2lz4Y,Gearbox Digital,2020-07-23 07:11:45,2017-12-05 20:36:50
Words (Rave Mix),https://www.youtube.com/watch?v=OhmYoD4e0Tk,89ers - Topic,2020-08-04 18:13:45,2017-02-07 13:56:45
MoshTekk - TANZ AUF DEN WOLKEN,https://www.youtube.com/watch?v=lhovDkiYzcc,MOSHTEKK,2020-08-07 20:17:57,2017-07-17 17:51:33
Tove Lo - Bitches,https://www.youtube.com/watch?v=2bCy5wdvI6s,Djole90,2020-08-21 19:46:07,2017-11-17 22:18:27
Verano - Abfahrt! (Club Mix),https://www.youtube.com/watch?v=Dy3Nd92R6DM,rusin xls,2020-08-31 16:59:36,2017-09-17 18:21:12
Dj Thera - Welcome To The Valley (Dance Valley Hard Anthem 2017) (Official Video),https://www.youtube.com/watch?v=8GVHAWc01Qo,Dj Thera,2020-09-03 15:32:27,2017-07-26 11:00:26
Hold It Against Me (Funk Generation (Radio Remix)),https://www.youtube.com/watch?v=NwfMd9Ln6io,Britney Spears - Topic,2020-09-16 19:33:13,2017-01-25 19:33:43
The Hitmen - Neverending Light (Official Video HD),https://www.youtube.com/watch?v=rWkYFkb9xdQ,Kontor.TV,2020-10-03 18:23:49,2017-07-19 14:47:43
Wasted Penguinz & Adrenalize - Scandinavia (Official HQ Preview),https://www.youtube.com/watch?v=qI5MjTgoVf8,Dirty Workz,2020-10-22 18:21:06,2017-11-17 13:00:04
Sephyx - Sound of Sephyx (Official Video Clip),https://www.youtube.com/watch?v=0Kzbz4YUuh8,Dirty Workz,2020-10-23 21:45:13,2017-11-10 17:56:56
Somebody (Cc.K Remix),https://www.youtube.com/watch?v=KIUtBMVvTQk,Jens O. - Topic,2020-11-01 16:48:19,2017-01-25 20:12:09
Sephyx - Monster (Official Video Clip),https://www.youtube.com/watch?v=V4_cnx_6uGw,Dirty Workz,2020-11-25 04:55:16,2017-10-04 17:00:01
JNXD - A Broken Dawn (Official Video Clip),https://www.youtube.com/watch?v=NlWo5C_xea4,Dirty Workz,2020-11-25 16:18:43,2017-11-30 18:39:21
It Goes on & On (Club Mix),https://www.youtube.com/watch?v=2EJ_xD51oCc,Picco - Topic,2020-12-04 08:43:21,2017-02-07 06:18:36
Shine (Molella Radio Edit),https://www.youtube.com/watch?v=i5_DPORo8_I,Deal - Topic,2021-01-01 12:21:13,2017-10-23 21:51:59
Nadia - Lost (G4bby vs Sunset Project Remix - Video Cut) -- HandsUp,https://www.youtube.com/watch?v=QHvqQCDVHgU,KHB Music,2021-01-04 11:09:08,2017-03-12 08:30:46
Shaun Baker vs. Seaside Clubbers – DUP DUP (Es muss eskalieren!) Official Video,https://www.youtube.com/watch?v=z4qvBnqWYyc,You Love Dance.TV,2021-01-22 16:14:06,2017-01-27 11:29:10
Silver Nikan - Turn Up The Music (Danceboy Remix Edit),https://www.youtube.com/watch?v=bDxNV-G2Tb4,Hands Up Generation,2021-01-22 16:45:31,2017-02-23 17:38:07
Yuta Imai - The Blue (Official HQ Preview),https://www.youtube.com/watch?v=of_5b5OXWVs,VNTG Records,2021-02-20 08:00:08,2017-12-04 06:47:37
Martin Garrix & Dua Lipa - Scared To Be Lonely (Cyber Bootleg) [HQ Free],https://www.youtube.com/watch?v=u76MzHVodrE,EuphoricHardStyleZ,2021-03-03 15:41:52,2017-04-21 21:12:18
Hardwell & Dr Phunk - Here Once Again [OUT NOW!],https://www.youtube.com/watch?v=uAkugjNQ-4w,Revealed Music,2021-03-29 16:50:48,2017-08-25 12:41:31
Manian & Winter - Black Toys Vol. 4,https://www.youtube.com/watch?v=FlbNASqR7lw,Zooland.TV,2021-03-30 10:57:58,2017-03-19 20:05:51
Christopher S & NeoTune! - Beat & Lights (Megastylez vs. DJ Restlezz Remix Video Edit),https://www.youtube.com/watch?v=w-rnsPBlJ30,DJ Restlezz,2021-04-02 14:05:52,2017-10-09 10:03:20
DJ Restlezz feat. Marry - Herz Voraus (Megastylez Remix Official Video Edit),https://www.youtube.com/watch?v=0meFKkUGAHk,Central Stage of Music,2021-04-03 07:21:28,2017-11-29 22:21:04
Tim de Ville feat. Alessa - Love Is An Ocean (Alex Megane New Dance Mix Video Edit),https://www.youtube.com/watch?v=dD0cV2tnJa0,Mental Madness Records,2021-04-09 12:51:01,2017-05-15 09:59:13
Marco Van Bassken feat Richard Oliver - Holding Out (DJ THT Remix),https://www.youtube.com/watch?v=2ru9TD5UqII,Mateusz,2021-04-10 18:48:57,2017-09-24 21:20:25
Donkey Rollers - What We Are (Original Mix) [DR15YRS],https://www.youtube.com/watch?v=3oy8jO6Olb8,The Hardstyle Musicz,2021-04-27 08:58:19,2017-05-30 22:00:17
Warface - FTP (E-Force Remix),https://www.youtube.com/watch?v=9Fm7s6UMqj4,E-Force,2021-05-28 18:19:30,2017-04-12 14:33:36
T.H. EXPRESS feat MOE - I'm On Your Side  (Remix),https://www.youtube.com/watch?v=ZqmarK48pD4,DJEduPampos,2021-06-06 16:59:20,2017-08-23 19:20:38
Stupidisco,https://www.youtube.com/watch?v=GJfydUI2Hzs,Junior Jack - Topic,2021-06-30 11:45:11,2017-04-01 09:56:34
"Time Is Ticking (feat. FatFoont, Jakarta)",https://www.youtube.com/watch?v=G1f9rJx7r00,Viper - Topic,2021-07-12 15:28:16,2017-11-19 20:50:53
Bryan Kearney & Plumb - All Over Again,https://www.youtube.com/watch?v=GD0QM9f1bM4,Tranzation,2021-08-02 09:56:52,2017-06-10 18:52:50
Dozer - The Church Of The Darkside (Original Mix) #tbt [2008],https://www.youtube.com/watch?v=V22UnA3W0I4,The Hardstyle Musicz,2021-08-05 11:27:37,2017-08-31 12:15:32
Illuminating (Club Mix),https://www.youtube.com/watch?v=L125Kt7FutI,Jens O. - Topic,2021-09-28 20:07:38,2017-01-25 20:11:57
Maximum Spell - You & I (Alex K Remix),https://www.youtube.com/watch?v=cGhG1crMYAM,Scouse House & Bounce Classics,2021-10-16 08:43:36,2017-12-22 11:38:39
Sefa - Be Free,https://www.youtube.com/watch?v=AO-RxGz88pU,Frenchcore Worldwide Recordings,2021-11-19 19:31:37,2017-06-10 20:14:19
Deepest Wave (Official Hard Bass 2017 Anthem),https://www.youtube.com/watch?v=OAakfnE7HKA,B-Front - Topic,2021-11-30 20:05:33,2017-01-22 12:17:48
Turn It Around (Alari & Vane Remix),https://www.youtube.com/watch?v=DGOyFODjK38,Kate Maerz - Topic,2021-12-06 00:44:40,2017-01-26 12:33:12
Losing Love (Radio Edit),https://www.youtube.com/watch?v=fNjIFlzCR1Y,Milk Inc. - Topic,2021-12-29 11:41:46,2017-02-19 15:26:04
Hello! (Good to Be Back),https://www.youtube.com/watch?v=-RQQTJ_GIhM,Scooter - Topic,2022-01-14 15:54:04,2017-11-18 18:52:36
San Holo vs. Kanye West - Lights (Nitti Gritti Remix),https://www.youtube.com/watch?v=bJu3BtVl3Hc,Trap City,2022-04-02 20:11:37,2017-07-17 16:27:15
Axel Coon - Lamenting City (Club Mix),https://www.youtube.com/watch?v=sjYpQacJ_Ps,Hands Up Generation,2022-05-14 16:31:51,2017-06-20 18:05:10
Unsenses - All About U (Official Video Clip),https://www.youtube.com/watch?v=xaOgwuc918U,Dirty Workz,2022-05-25 22:54:34,2017-08-08 17:00:03
I Will Believe (Cascada Remix),https://www.youtube.com/watch?v=xqruU12QbDo,Siria - Topic,2022-06-28 14:19:58,2017-03-09 12:43:08
Exilium - Come Dance With Me [HQ Edit],https://www.youtube.com/watch?v=_R4Ag0W4088,EuphoricHardStyleZ,2022-10-11 19:17:56,2017-02-04 20:24:20
Outside World (Club Cut),https://www.youtube.com/watch?v=G0podCqksvA,Megara - Topic,2022-10-11 19:21:11,2017-11-28 01:35:33
Basslovers United - Stronger (Hands Up Mix),https://www.youtube.com/watch?v=oxMcBbTcObE,Hands Up Generation,2022-10-11 19:43:11,2017-04-03 17:14:46
Fischer & Fritz   Aloha Heja Hey (Timster Remix Video Edit),https://www.youtube.com/watch?v=EOeVUfTklWM,Mental Madness Records,2022-12-03 11:18:54,2017-07-31 08:59:04
Devin Wild - Revolve (Official 4K Videoclip),https://www.youtube.com/watch?v=Xgv3LGGehYo,Scantraxx,2022-12-10 19:36:50,2017-08-30 17:43:35
Sunset Bros X Mark McCabe - I'm Feeling It (Code Black Remix),https://www.youtube.com/watch?v=zAY4XIWh034,Dov,2023-01-26 18:56:39,2017-12-19 18:40:38
Sylver - Lay all your love on me,https://www.youtube.com/watch?v=_1hhjy_aPPg,The Dance Division,2023-02-24 10:29:18,2017-05-19 09:22:37
Marc Smith & Little Fella - Hardcore Crazy,https://www.youtube.com/watch?v=09M0r4AaHVI,StaminaRecordsUK,2023-07-30 04:52:13,2017-01-22 12:02:26
