ARTY feat. April Bender - Sunrise (Official Lyric Video),https://www.youtube.com/watch?v=uBHqQWrBYQo,Armada Music TV,2018-01-24 17:31:23,2018-01-20 16:00:04
Madness - The Door Of My Dreams (HQ Original Mix),https://www.youtube.com/watch?v=rMwZ1FdfnHw,NoiseAudio,2018-01-29 19:17:35,2018-01-28 15:31:35
Jason Mraz - I'm Yours (JVNA Remix) | Melodic Dubstep,https://www.youtube.com/watch?v=s_0fkBEARrE,Arctic Empire,2018-02-23 22:27:01,2018-02-22 17:05:20
Virtual Self - Ghost Voices (Official Music Video),https://www.youtube.com/watch?v=HPc8QMycGno,Porter Robinson,2018-03-01 16:01:41,2018-02-28 17:00:13
Marasco & DJ Nessen feat. Giang Pham - Lighthouse,https://www.youtube.com/watch?v=I-4w_X4c-qg,Zooland.TV,2018-03-08 20:45:45,2018-03-08 20:22:27
W&W and Groove Coverage - God Is A Girl (Official Video),https://www.youtube.com/watch?v=ucs1af3Ntf8,W&W,2018-03-15 14:41:02,2018-03-12 10:59:20
「Nightcore」→ Whiteline Fever (Radio Mix) || Megastylez,https://www.youtube.com/watch?v=yNy8aIb5XhQ,NMusic,2018-03-16 16:11:50,2018-03-16 16:00:07
Nightcore - Infected (Lyrics),https://www.youtube.com/watch?v=Ncd4gKmZImw,Chino,2018-03-21 20:53:04,2018-03-21 19:32:19
「Nightcore」→ Kinder Des Mondes (Hands Up Remix) ✕,https://www.youtube.com/watch?v=_CScxfRYQcc,NightcoreBone,2018-03-25 17:34:41,2018-03-25 16:00:08
D-Block & S-te-Fan - Twilight Zone,https://www.youtube.com/watch?v=-CdzhtNqaEk,D-Block & S-te-Fan (DBSTF),2018-03-26 03:43:52,2018-03-23 13:35:24
Blasterjaxx - 1 Second (Official Music Video),https://www.youtube.com/watch?v=RUuMAmyO5Ag,Spinnin' Records,2018-03-26 16:52:58,2018-03-26 15:00:02
KELTEK - Through The Night (Official Videoclip),https://www.youtube.com/watch?v=6dtNX43W3tw,Scantraxx,2018-03-30 19:29:05,2018-03-15 17:45:58
The Chainsmokers - Sick Boy (Official Video),https://www.youtube.com/watch?v=eACohWVwTOc,ChainsmokersVEVO,2018-04-01 17:44:29,2018-01-17 15:00:02
TNT x Zatox x Dave Revan - Still Screaming (Official Video Clip),https://www.youtube.com/watch?v=3zXnzc6GUFM,Dirty Workz,2018-04-02 18:51:40,2018-01-21 11:56:23
Brennan Heart ft. Trevor Guthrie - Won't Hold Me Down (Gravity)(Official Videoclip),https://www.youtube.com/watch?v=rFcV76Oz2Tk,I AM HARDSTYLE,2018-04-03 13:38:37,2018-02-15 14:58:56
Wildstylez feat. Michael Jo – Colours Of The Night (Official Video),https://www.youtube.com/watch?v=ie3Ls0ZAvBQ,wildstyleznl,2018-04-03 13:42:05,2018-01-07 15:14:16
Now That I've Found You - S3RL ft Déja,https://www.youtube.com/watch?v=YTV_wwkhu9E,S3RL,2018-04-09 16:53:56,2018-04-05 00:10:08
Re-Style - Get It Crackin (Sefa Remix) (Official Videoclip),https://www.youtube.com/watch?v=Npb_a8SvW6Y,Re-Style,2018-04-12 13:47:54,2018-04-06 17:59:34
Re-Style x Broken Minds x Alee - Basshead (Official Videoclip),https://www.youtube.com/watch?v=69fCFNfpyqQ,Re-Style,2018-04-12 13:49:29,2018-02-05 18:32:21
Element Zero - Dance (Hardstyle) | HQ Videoclip,https://www.youtube.com/watch?v=xD4bR_h5yjc,HardstyleUp2Datez [HU2Dz],2018-04-12 16:10:15,2018-04-12 16:00:07
Playahitty - The Summer Is Magic (TCM Hardstyle Bootleg) | HQ Videoclip,https://www.youtube.com/watch?v=oZ9XPfsE_yM,HardstyleUp2Datez [HU2Dz],2018-04-14 14:47:39,2018-04-01 16:00:09
Nightcore - Snow (Hey Oh) [HBz Bounce Remix] | Lyrics,https://www.youtube.com/watch?v=kgjvZzSoLZI,Mega Unity,2018-04-14 14:52:06,2018-03-28 12:09:21
Sefa - Leven is Lijden (Official Clip),https://www.youtube.com/watch?v=GAeCB3-NqX4,Sefa,2018-04-29 18:03:23,2018-03-12 17:32:30
Illusion & Mindrockerz - Easy Come,https://www.youtube.com/watch?v=yz36toXElIY,HardstyleMUSIC™,2018-04-30 11:53:33,2018-04-30 09:45:37
Sefa - Suffering Matters,https://www.youtube.com/watch?v=ROAGDUvLYJ8,Sefa,2018-04-30 15:36:49,2018-04-25 17:00:02
Xoss - Oh My! (Hardstyle) | HQ Videoclip,https://www.youtube.com/watch?v=2neK7tm5cBE,HardstyleUp2Datez [HU2Dz],2018-04-30 16:13:13,2018-04-30 16:00:01
FAVRO - Live Your Dreams (Hardstyle) | HQ Videoclip,https://www.youtube.com/watch?v=0_zpaKOysiw,HardstyleUp2Datez [HU2Dz],2018-05-02 15:17:00,2018-05-02 15:00:00
Sefa - Wat Zullen We Drinken (Sefa ft. MC Focus Bootleg) [LIVE VERSION],https://www.youtube.com/watch?v=hbEXuM8Ia3o,Sefa,2018-05-03 20:05:25,2018-05-03 17:19:45
B-Freqz - The Eclipse | Official Video,https://www.youtube.com/watch?v=0o2HkCeyaN8,B-Front,2018-05-04 10:57:25,2018-05-04 10:00:00
ODK Vs Relakztek - Revolution (Frenchcore),https://www.youtube.com/watch?v=4uX6IEJ0UX4,Frenchcore Hardcore,2018-05-07 14:01:45,2018-05-07 13:36:34
D-Frek - Another Round (Frenchcore),https://www.youtube.com/watch?v=atbg1OfH8f0,Frenchcore Hardcore,2018-05-08 12:54:36,2018-05-08 12:45:02
Mandy - Gimme Your Love (Official Video),https://www.youtube.com/watch?v=wnBAX_45Ke8,Dirty Workz,2018-05-09 15:19:45,2018-05-08 16:48:28
Low-E & Zero Sanity feat. Maia - Crusade [Official Music Video],https://www.youtube.com/watch?v=pzSEWDW0paI,Low-E & Zero Sanity,2018-05-09 17:37:36,2018-01-29 11:00:04
QUINTINO & NERVO - Lost In You (Spirit Slammer Bootleg) [Free Release],https://www.youtube.com/watch?v=Cw_5HPpDr9U,EuphoricHardStyleZ,2018-05-09 20:11:02,2018-05-09 19:59:58
2 Brothers On The 4th Floor - Never Alone (Re-Style Remix) (Official Videoclip),https://www.youtube.com/watch?v=8yFLyrx1XZo,Re-Style,2018-05-10 18:18:47,2018-05-10 18:13:03
Smash - My Story (Official Video HD),https://www.youtube.com/watch?v=3mAHpKBuKMc,Kontor.TV,2018-05-11 14:50:00,2018-05-11 14:31:27
SHANON - Nüüd on see käes (Official Video),https://www.youtube.com/watch?v=rSuksWQRhC0,SHANON (Official),2018-05-12 18:16:41,2018-04-20 06:00:01
K-391 & Alan Walker - Ignite (feat. Julie Bergan & Seungri),https://www.youtube.com/watch?v=Az-mGR-CehY,K-391,2018-05-12 19:10:21,2018-05-12 07:29:58
Bougenvilla - Utami (Official Music Video),https://www.youtube.com/watch?v=XWWpxCo3ObA,Spinnin' Records,2018-05-12 19:18:39,2018-05-07 15:00:02
Brennan Heart & Toneshifterz - Define Yourself (Official I AM HARDSTYLE 2018 Video),https://www.youtube.com/watch?v=in5vw-AQAZ0,I AM HARDSTYLE,2018-05-14 10:24:34,2018-03-22 14:51:47
Brennan Heart & Jonathan Mendelsohn - Coming Back To You (Official Video),https://www.youtube.com/watch?v=gJlltwIXjQ8,I AM HARDSTYLE,2018-05-14 15:34:07,2018-04-12 13:57:43
Madness - Die Or Survive (Original Mix HQ),https://www.youtube.com/watch?v=4fEaSzZHzoI,NoiseAudio,2018-05-15 18:30:26,2018-05-07 14:04:24
"AronChupa, Little Sis Nora - Rave in the Grave",https://www.youtube.com/watch?v=Zokn4WDPcHE,AronChupaVEVO,2018-05-17 18:17:45,2018-05-04 07:00:04
MYST - The Wickedest One (Official Audio),https://www.youtube.com/watch?v=Ol1fROVhE0Y,MYST,2018-05-18 13:01:11,2018-02-27 12:55:17
Demi Kanon - Closer (Official 4K Videoclip),https://www.youtube.com/watch?v=QLBuUu117mY,Scantraxx,2018-05-18 13:31:07,2018-01-31 15:52:40
"Headhunterz, Wildstylez & Noisecontrollers - No One Can Stop Us Now (Official Videoclip)",https://www.youtube.com/watch?v=2kAyR6sOyb4,Art of Creation,2018-05-22 18:39:44,2018-05-22 17:09:04
French Tagada,https://www.youtube.com/watch?v=g_7sbDYJTpw,Nareku,2018-05-22 18:52:27,2018-05-22 16:09:11
W&W & Darren Styles feat. Giin - Long Way Down (Official Music Video),https://www.youtube.com/watch?v=YzgWC8QD7jk,Armada Music TV,2018-05-23 15:13:56,2018-05-23 15:00:02
Noize Freakz - Take It Original (Hardstyle) | HQ Videoclip,https://www.youtube.com/watch?v=rjSVnNXBYV0,HardstyleUp2Datez [HU2Dz],2018-05-24 08:05:18,2018-05-23 17:00:05
Headhunterz & Sub Zero Project - Our Church (Official Videoclip),https://www.youtube.com/watch?v=rqVDx2zRSyg,Art of Creation,2018-05-25 08:32:25,2018-03-01 11:46:02
Audiotricz - Discover The New (Official Music Video),https://www.youtube.com/watch?v=AIYDLweZMks,Audiotricz,2018-05-26 15:41:42,2018-05-03 15:02:57
Sefa & Crypton - Lastig (Frenchcore Videoclip),https://www.youtube.com/watch?v=ICrjoBYplwI,Frenchcore Hardcore,2018-05-27 10:50:36,2018-05-27 10:36:10
Sefa - Calling (Frenchcore Videoclip),https://www.youtube.com/watch?v=7dY3jim6BNs,Frenchcore Hardcore,2018-05-28 13:01:41,2018-05-28 12:27:33
Manian - Welcome To The Club (RELOADED) (Official Video HD),https://www.youtube.com/watch?v=uxouPyGwg94,Zooland.TV,2018-05-28 20:46:18,2018-05-28 20:30:30
Sefa - Saudade (Frenchcore Videoclip),https://www.youtube.com/watch?v=h5B_iKVehes,Frenchcore Hardcore,2018-05-30 13:14:28,2018-05-30 12:45:00
HALIENE - Dream In Color (Official Music Video),https://www.youtube.com/watch?v=o70HaIPGFUo,WaveMusic,2018-05-30 17:05:41,2018-05-30 17:00:04
MYST & Sound Rush & Elyn - Echo (Official Audio),https://www.youtube.com/watch?v=NWY-ZWPhS1g,MYST,2018-05-31 09:37:15,2018-03-27 12:00:03
MYST - Opinions Of Me (Official Audio),https://www.youtube.com/watch?v=m7ZbEeycVC4,MYST,2018-05-31 09:39:50,2018-03-13 12:51:26
Arozin Sabyh - Fall In Love,https://www.youtube.com/watch?v=8iZTb9NWbz8,Arozin Sabyh,2018-05-31 13:15:06,2018-04-29 09:05:59
B2A & Anklebreaker & Dypression - May It Be (ft. Julia Westlin) [Free Release],https://www.youtube.com/watch?v=JidMEulIQ1I,EuphoricHardStyleZ,2018-06-01 10:34:08,2018-05-04 04:34:38
Dr Rude - SNPR (2018 Refixx) (Official Video),https://www.youtube.com/watch?v=hCNwhAhp-MM,Dirty Workz,2018-06-05 17:31:02,2018-06-05 16:49:22
Virtual Self - Particle Arts (Official Music Video),https://www.youtube.com/watch?v=b06pKMxF6h8,Porter Robinson,2018-06-06 08:19:37,2018-01-11 20:14:04
KELTEK - Dark Sun (Official Audio),https://www.youtube.com/watch?v=IZLPWIeYW00,Scantraxx,2018-06-08 13:41:30,2018-06-07 13:59:12
Evil Activities & Endymion feat. E-Life - Broken (Wildstylez Remix),https://www.youtube.com/watch?v=3mwkRX7XG34,Art of Creation,2018-06-08 13:46:58,2018-06-07 17:00:00
Snavs & WiDE AWAKE - Turn Left (Official Lyric Video),https://www.youtube.com/watch?v=fGpP-BxfUHY,Spinnin' Records,2018-06-08 14:15:45,2018-06-08 12:00:04
Justin OH - She's A Killer [Monstercat Lyric Video],https://www.youtube.com/watch?v=gfR2cvDPC10,Monstercat Uncaged,2018-06-08 15:13:48,2018-06-07 17:40:06
Helene Fischer - Atemlos Durch Die Nacht  (Black Noize Remix) (Hardstyle),https://www.youtube.com/watch?v=JN1wDDi4Xzc,Hardstyle Promotion,2018-06-08 15:39:10,2018-02-20 20:23:16
DJ Antoine ft The Beat Shakers - Ma Chrie (NoizeSound Hard mix) (Hardstyle),https://www.youtube.com/watch?v=chor6B5PRLM,Hardstyle Promotion,2018-06-08 15:42:56,2018-02-20 20:49:57
Harris & Ford - Für Immer Jung (Hardstyle Edit),https://www.youtube.com/watch?v=qhJVNCbqej8,Harris & Ford,2018-06-10 18:48:02,2018-03-17 17:10:07
Gunz for Hire ft. Nikki Milou - We Will Be Immortal (official videoclip),https://www.youtube.com/watch?v=eH3Oca-XT3Y,Gunz For Hire,2018-06-11 14:12:03,2018-06-11 13:04:09
N3bula & Twisted Melodiez - Infinite [HQ Edit],https://www.youtube.com/watch?v=PtHKcNxwdSw,EuphoricHardStyleZ,2018-06-12 09:29:14,2018-06-09 10:32:53
Phuture Noize - Drift Away (Official Video),https://www.youtube.com/watch?v=V0XOvCovt4U,Q-dance,2018-06-14 09:18:18,2018-06-01 11:51:24
Phuture Noize - Black Mirror Society (Official Video),https://www.youtube.com/watch?v=PhUqWjCZbSU,Q-dance,2018-06-15 08:27:05,2018-05-18 16:53:57
Sefa & Hyrule War - Doomed (Frenchcore Videoclip),https://www.youtube.com/watch?v=3NYHwpK0UPk,Frenchcore Hardcore,2018-06-17 13:35:06,2018-06-17 13:09:55
Re-Jector - Vanity (Hardstyle) | HQ Videoclip,https://www.youtube.com/watch?v=SGu19AFj0AE,HardstyleUp2Datez [HU2Dz],2018-06-18 06:57:47,2018-05-29 17:00:02
PRDX - Tonight [Derailed Traxx],https://www.youtube.com/watch?v=yg7H5NHUago,Derailed Traxx,2018-06-18 18:15:04,2018-06-18 10:07:22
Harris & Ford - Live Is Life (Offizielles Video) ft. Ena,https://www.youtube.com/watch?v=yUPtDiRKMNY,Club Sounds,2018-06-18 21:42:19,2018-04-20 10:06:48
Dj T.c. - My Story (HQ Free),https://www.youtube.com/watch?v=eB1OCeP_4qE,HardTune Uploaderz [HTuZ],2018-06-19 08:55:08,2018-06-19 08:00:03
Code Black & Toneshifterz feat. Insali - Smoke & Flame (Official Video),https://www.youtube.com/watch?v=AJp8v1SY6GQ,Code Black,2018-06-19 15:11:32,2018-04-04 15:48:50
DJ Thera ft. Marissa - Far Away,https://www.youtube.com/watch?v=CQCeVA9lZnM,Theracords,2018-06-19 16:07:53,2018-05-28 16:30:00
Endymion & MC Jeff - Losing Myself,https://www.youtube.com/watch?v=TvMDG275d2M,Endymion,2018-06-19 16:33:17,2018-05-08 15:00:01
Wasted Penguinz x Crisis Era - Can't Stay (Official Audio),https://www.youtube.com/watch?v=IsjlnH2hKwA,Dirty Workz,2018-06-19 16:34:05,2018-05-14 16:43:38
Endymion & Art of Fighters feat. Lilly Julian - A New Today (ANDY SVGE Remix),https://www.youtube.com/watch?v=LG1jxbYvLr4,Endymion,2018-06-19 17:17:48,2018-06-19 16:00:03
Endymion - Rock The Part-E (DJ Mad Dog Remix),https://www.youtube.com/watch?v=lmVf71Agoi4,Endymion,2018-06-19 17:20:33,2018-06-18 14:30:02
Bass Modulators & Max Enforcer - Our Soul (Official videoclip),https://www.youtube.com/watch?v=bX9ubug78w0,Bass Modulators,2018-06-19 17:35:49,2018-06-01 12:00:08
Planet Rave - S3RL ft Renee & Slendy,https://www.youtube.com/watch?v=yKy1tmA_TvM,S3RL,2018-06-20 15:07:21,2018-02-28 22:46:31
Basto - Gregory's Theme (Spectralizers Hardstyle Bootleg),https://www.youtube.com/watch?v=IHpGWFOhIAc,Zooland.TV,2018-06-22 06:31:49,2018-06-21 21:33:49
DJ Paul Elstak feat. Jantine - Demons (Official Music Video),https://www.youtube.com/watch?v=C7bmCVyQ00M,Cloud 9 Music,2018-06-26 17:05:02,2018-03-02 09:00:19
MYST - From The Ashes (Official Audio),https://www.youtube.com/watch?v=uR-Fm5RQjzI,MYST,2018-06-28 19:24:34,2018-02-13 13:00:07
Markus Schulz ft. Emma Hewitt - Safe From Harm (In Between Bootleg) [Free Release],https://www.youtube.com/watch?v=PCArlIBj8XU,EuphoricHardStyleZ,2018-06-28 20:15:37,2018-06-28 20:12:56
Coone ft. Jelle van Dael - Superman (Official Video),https://www.youtube.com/watch?v=lfL_szg-bOU,Dirty Workz,2018-06-30 18:53:18,2018-06-14 13:51:30
Da Tweekaz x Sephyx - This is Special (Official Video),https://www.youtube.com/watch?v=eljs-hmmuqs,Dirty Workz,2018-07-02 10:20:35,2018-03-29 17:00:04
Atmozfears & Sub Sonik - Enya (HQ),https://www.youtube.com/watch?v=NhWFAZJlAD8,Hard View,2018-07-02 17:42:54,2018-03-17 21:47:36
Super8 & Tab feat. Hero Baldwin - Burn (Official Lyric Video),https://www.youtube.com/watch?v=-lHpCFvaGDM,Armada Music TV,2018-07-03 18:28:04,2018-07-03 17:00:01
"Zatox, Toneshifterz & Villain - Ready For The Bass",https://www.youtube.com/watch?v=YGw7aT1px68,Toneshifterz,2018-07-04 18:12:47,2018-01-09 10:43:30
Toneshifterz ft. Bodhi Jones - Don't Walk Away (Official Lyric Video),https://www.youtube.com/watch?v=gwhRwG7Q5yk,Toneshifterz,2018-07-04 18:21:06,2018-04-26 05:16:49
Sub Zero Project x MC Diesel - March Of The Rebels (Official Video Clip),https://www.youtube.com/watch?v=lzvz7Fi3PJo,Dirty Workz,2018-07-04 18:45:40,2018-03-21 17:56:30
AniMe - Listen To Me (Official Preview),https://www.youtube.com/watch?v=a-vxW4v6GFw,DJ AniMe,2018-07-05 16:08:05,2018-05-15 17:48:40
AniMe & Noize Suppressor - Stand Your Ground,https://www.youtube.com/watch?v=RKnxlcit780,DJ AniMe,2018-07-05 16:10:05,2018-05-11 16:54:27
Korsakoff & Never Surrender Feat. Alee - Salvation (Official Video),https://www.youtube.com/watch?v=ETSWGWR0tM0,OfficialKorsakoff,2018-07-05 18:32:16,2018-05-16 17:15:13
D-Block & S-te-Fan and Villain - We Don't Stop (Lights Out),https://www.youtube.com/watch?v=77DVm0ssQ0I,D-Block & S-te-Fan (DBSTF),2018-07-07 20:16:16,2018-06-22 09:59:00
D-Sturb - On Your Mark (Official Videoclip),https://www.youtube.com/watch?v=ekQi-4pu4yg,D-Sturb,2018-07-07 20:16:45,2018-03-15 16:00:37
D-Sturb & Alee - Party At My Place (Official Preview),https://www.youtube.com/watch?v=T2MF3y8rnh8,D-Sturb,2018-07-07 20:17:00,2018-03-27 16:30:00
Rejecta - Deserve To Die [Official Preview],https://www.youtube.com/watch?v=eNr7ZuJ1Up4,Rejecta,2018-07-07 20:17:20,2018-03-22 18:11:11
Rebelion ft John Harris - Empire,https://www.youtube.com/watch?v=nzGd_l7gLwk,Rebelion,2018-07-07 20:17:51,2018-03-21 16:59:43
Wildstylez - Children Of Drums (Official Video),https://www.youtube.com/watch?v=5Fsopu0wW2s,Art of Creation,2018-07-07 20:18:50,2018-05-17 19:59:01
Noisecontrollers & Atmozfears - This Is Our World,https://www.youtube.com/watch?v=9_jcLOtGOqA,Spirit Of Hardstyle,2018-07-07 20:19:06,2018-06-15 12:59:03
E-Force - Do or Die (Official 4K Videoclip),https://www.youtube.com/watch?v=Rrv33jPZqKY,Scantraxx,2018-07-09 17:27:57,2018-06-21 12:56:07
Endymion - The Rhythm,https://www.youtube.com/watch?v=Jpy9uw4g_Ns,Endymion,2018-07-09 17:29:52,2018-05-21 17:00:01
Sub Sonik & Bodyshock - Prove Me Wrong (Official Video),https://www.youtube.com/watch?v=e3XzH4RbEw8,Sub Sonik,2018-07-09 17:30:24,2018-03-30 14:01:46
JNXD - Live For Today (Official Video),https://www.youtube.com/watch?v=Hn3S78LEmwY,Dirty Workz,2018-07-09 17:36:13,2018-06-12 17:10:07
Andy The Core & The Melodyst - Italian psycho (Official Videoclip) [HD],https://www.youtube.com/watch?v=mAINeTw-sFQ,Traxtorm Records,2018-07-09 18:54:43,2018-06-26 16:17:08
RUBIKA - Lost In The Moment ft. Kat Adamou (Syntax Hardstyle Bootleg) | HQ Videoclip,https://www.youtube.com/watch?v=f-pY0VeBfd8,HardstyleUp2Datez [HU2Dz],2018-07-10 18:08:07,2018-07-10 17:00:03
Dr. Peacock & Sefa - The Universe (Official Video),https://www.youtube.com/watch?v=krfbdCWOo-A,Dr. Peacock,2018-07-10 19:22:34,2018-07-05 16:44:01
Dr. Peacock & Sefa - Atlantico (Pain is Everywhere) (Official Video),https://www.youtube.com/watch?v=qDNxFOIWd-o,Dr. Peacock,2018-07-10 19:24:18,2018-07-10 18:56:04
atmozfears Λ devin wild - POPO,https://www.youtube.com/watch?v=M0b1pG63WlY,ATMOZFEARS,2018-07-11 17:52:12,2018-07-11 15:56:53
Dillytek - Fight For You (Official Audio),https://www.youtube.com/watch?v=8MjRbLKiLno,Dirty Workz,2018-07-11 18:04:55,2018-06-19 14:00:01
Hypnose - One More Time,https://www.youtube.com/watch?v=dC7yafqG3JQ,Scantraxx,2018-07-11 18:06:31,2018-07-11 13:56:14
Orian & Bass Instinct ft. Mc Komplex - This is Core (Official CoreVol.1 2018 Anthem),https://www.youtube.com/watch?v=wkCL7nShsio,Uptempo Hardcore,2018-07-11 18:50:49,2018-07-10 20:09:23
Bass-D - Like A Dream (Re-Style Remix) (Official Videoclip),https://www.youtube.com/watch?v=v_BGoHQ648c,Re-Style,2018-07-11 19:03:53,2018-07-10 19:10:02
Sefa & Dr. Peacock - The Human Mind (Official Video),https://www.youtube.com/watch?v=Z3IyCXpidBw,Dr. Peacock,2018-07-12 16:53:34,2018-07-12 15:58:59
Da Tweekaz ft. HALIENE - Bring Me To Life (Official Video),https://www.youtube.com/watch?v=H7hSQZDUjzA,Q-dance,2018-07-13 10:24:54,2018-05-09 14:20:49
Ecstatic ft. Krigarè - Dead to Life (Official Video),https://www.youtube.com/watch?v=a7qeH8xgnUI,Dirty Workz,2018-07-13 10:26:25,2018-03-27 17:00:00
Psyko Punkz x DJ Isaac x Sound Rush - Unbreakable (Official Video),https://www.youtube.com/watch?v=tuWGAphbeMM,Dirty Workz,2018-07-13 10:35:55,2018-04-20 12:49:07
Dillytek & Dave Revan ft. Natski - It Never Ends (Official Video),https://www.youtube.com/watch?v=8x_KTBfLV5w,Dirty Workz,2018-07-13 10:37:41,2018-05-24 16:47:18
Sprinky & Death Faction - Kryptonite (Official Video),https://www.youtube.com/watch?v=GLrTjuSBi2I,Peacock Records,2018-07-14 11:21:32,2018-07-14 11:12:52
Sound Rush x LXCPR - We Live Dreams (Official Dreamfields Anthem 2018),https://www.youtube.com/watch?v=LfYCja8xin0,Sound Rush,2018-07-14 16:19:26,2018-06-18 15:44:07
B-Front & Phuture Noize - The Enigma | Preview,https://www.youtube.com/watch?v=9QaE6XT8VzY,B-Front,2018-07-16 11:32:59,2018-07-16 10:06:15
Access One - Jiiieehaaaa x BAM (Mash-Up),https://www.youtube.com/watch?v=r_CrEWigICo,Uptempo Hardcore,2018-07-16 19:40:31,2018-07-16 19:19:15
Markus Schulz & Emma Hewitt - Safe From Harm | Official Music Video,https://www.youtube.com/watch?v=jVbyExKtbUI,Markus Schulz,2018-07-16 19:59:04,2018-04-12 17:47:25
Refuzion - Crash And Burn (Official Video),https://www.youtube.com/watch?v=waut7F4ZZrQ,Dirty Workz,2018-07-17 21:00:12,2018-07-13 13:49:02
Dj T.c. Feat. Rubber Tunes - Tear In The Dark (Alternative Version) (HQ Free),https://www.youtube.com/watch?v=NfDWBdT6kZQ,HardTune Uploaderz [HTuZ],2018-07-18 10:03:29,2018-07-18 09:00:02
Beatfreak - Slick Talk (Dj Thera Remix),https://www.youtube.com/watch?v=LbJHzF_YJdM,Theracords,2018-07-18 10:09:26,2018-07-18 07:59:02
D-Block & S-te-Fan ft. MC Villain - Part of the hard,https://www.youtube.com/watch?v=b7LkqokhGe0,hard dance world,2018-07-18 10:36:14,2018-07-18 10:33:16
Sound Rush & Villain - One (Official Music Video),https://www.youtube.com/watch?v=NFpQLJO0RTc,Q-dance,2018-07-18 10:58:55,2018-07-18 10:56:21
Lucas & Steve - Home (Official Music Video),https://www.youtube.com/watch?v=dbOXVhaMPEs,Spinnin' Records,2018-07-20 19:05:56,2018-07-20 19:00:05
VIRTUAL SELF - ANGEL VOICES (Official Audio),https://www.youtube.com/watch?v=hfPnq3i4Udw,Porter Robinson,2018-07-20 19:09:26,2018-07-20 18:55:24
Husman - Rise Of The Mad King - Chapter 4 (Mad King),https://www.youtube.com/watch?v=43XcWLjm4L8,Armada Music TV,2018-07-21 13:01:32,2018-07-21 11:00:00
Phuture Noize - World Of Distortion [HQ],https://www.youtube.com/watch?v=3OpylHFG2LA,Hard View,2018-07-23 17:03:29,2018-06-09 14:32:13
Rawframez - Make It Loud (XTRA RAW) [MONKEY TEMPO],https://www.youtube.com/watch?v=iVGjSeCxLBM,RAW MONKEY,2018-07-23 18:31:20,2018-05-18 15:30:03
Rawframez - Radar 2.0 (MELODIC RAW) [MONKEY TEMPO],https://www.youtube.com/watch?v=PhFSo7FXABg,RAW MONKEY,2018-07-23 18:48:51,2018-07-16 16:00:02
Greazy Puzzy Fuckerz & Mind Compressor - Spaghetti Love (Album Preview),https://www.youtube.com/watch?v=rnBCKzCoyhc,GPF,2018-07-23 19:25:17,2018-03-16 10:43:56
RVAGE & Level One - Moment Of Truth (Official Lyric Video),https://www.youtube.com/watch?v=DyOFaAe_Skw,Scantraxx,2018-07-24 15:29:29,2018-07-24 14:56:35
Endymion - Coming At Ya,https://www.youtube.com/watch?v=S0WlwQimpu4,Endymion,2018-07-24 15:38:23,2018-06-08 13:00:02
Borgeous - They Don't Know Us (LUM!X Hardstyle Bootleg) | HQ Videoclip,https://www.youtube.com/watch?v=TrTzZHNYSCM,HardstyleUp2Datez [HU2Dz],2018-07-24 15:56:06,2018-06-01 17:00:06
AniMe feat. Dave Revan - The Third Invasion (Official Masters of Hardcore Austria 2018 Anthem),https://www.youtube.com/watch?v=ut5mKtRKYac,Masters of Hardcore,2018-07-27 07:45:17,2018-01-17 16:00:03
Endymion & MYST & Démira - Waiting For Treason,https://www.youtube.com/watch?v=zd4fEt5VMKs,Nightbreed,2018-07-27 17:01:21,2018-07-27 09:32:03
Sub Zero Project x LXCPR - Unity (Official Video Clip),https://www.youtube.com/watch?v=9wSQt9QD9ik,Dirty Workz,2018-07-28 18:48:52,2018-02-08 17:58:29
Headhunterz - The Sacrifice (Max Enforcer Remix),https://www.youtube.com/watch?v=fv7i3fOMaqk,Art of Creation,2018-07-30 15:54:36,2018-07-30 15:42:05
Deetox & MYST & LXCPR - Feel The Force,https://www.youtube.com/watch?v=ynbopYYFXMU,Bring The Riot,2018-07-30 19:16:08,2018-02-15 22:05:05
Psyko Punkz - Teleportation (Official Video Clip),https://www.youtube.com/watch?v=zczNVKirdYg,Dirty Workz,2018-07-31 09:12:12,2018-03-08 17:55:04
DJ AniMe -  In The End (Official Videoclip),https://www.youtube.com/watch?v=el8icM3EPBM,DJ AniMe,2018-07-31 15:42:45,2018-07-16 18:02:50
Jay Reeve & Xense - Don't Give Up (Official Video),https://www.youtube.com/watch?v=8OEotJNHs7U,Lose Control Music,2018-08-01 07:17:51,2018-05-29 14:00:01
Deetox & Sound Rush ft. Elyn - Inferno (Official Music Video),https://www.youtube.com/watch?v=nlRhQ59-hiY,Q-dance,2018-08-01 08:34:18,2018-07-30 15:12:14
Udex - Push | Official Album Preview,https://www.youtube.com/watch?v=GbhI8krfTG0,Heart for Hard,2018-08-01 10:11:50,2018-05-14 13:31:05
B-Front - Illusion | Preview,https://www.youtube.com/watch?v=VyqBD8g7FIM,B-Front,2018-08-01 11:04:43,2018-07-25 12:00:05
Shockwave & Anklebreaker - Live Today,https://www.youtube.com/watch?v=5mhH8nQGkmQ,Scantraxx,2018-08-01 14:02:58,2018-08-01 13:49:42
Shockwave - So Free,https://www.youtube.com/watch?v=fiiohvJ-FQ0,Scantraxx,2018-08-01 14:03:18,2018-08-01 13:48:50
Unsenses - Colors (Sunrise Festival 2018 Anthem) (Official Video),https://www.youtube.com/watch?v=b2bpkFvmnSI,Dirty Workz,2018-08-01 14:05:02,2018-06-15 16:43:30
Rebelion - Another Day,https://www.youtube.com/watch?v=eCUgMrnZn7Y,Rebelion,2018-08-01 14:18:37,2018-02-21 16:28:04
Rebelion & Sub Sonik ft LXCPR - Bring It On (Official Videoclip),https://www.youtube.com/watch?v=XChb4t2ohGI,Rebelion,2018-08-01 14:19:34,2018-01-30 15:00:03
Cultur Code - Heaven (Nick Novity Hardstyle Bootleg) | HQ Videoclip,https://www.youtube.com/watch?v=JpCHLVW9RQw,HardstyleUp2Datez [HU2Dz],2018-08-01 17:06:36,2018-08-01 17:00:04
"Dynoro, Gigi D'Agostino - In My Mind (Official Audio)",https://www.youtube.com/watch?v=q0pdLCQy8l8,Dynoro,2018-08-01 17:15:28,2018-07-16 14:00:51
Access One - Brutal Behaviour,https://www.youtube.com/watch?v=5RJTacktlD0,Dogfight Rec,2018-08-02 18:02:29,2018-08-02 18:00:01
Cheat Codes X DVBBS - I Love It (N3bula X Dark Rehab Bootleg) [Free Release],https://www.youtube.com/watch?v=_JSUDAbPkS8,EuphoricHardStyleZ,2018-08-03 18:46:55,2018-08-03 17:43:17
Dimitri Vegas & Like Mike vs W&W & Moguai -  Arcade Mammoth (Official Music Video),https://www.youtube.com/watch?v=3Qq7kNjg-KY,Dimitri Vegas & Like Mike,2018-08-04 11:07:14,2018-08-03 11:57:17
Devin Wild - It Feels So Good (Official Videoclip),https://www.youtube.com/watch?v=MgFR-0T7RQU,Scantraxx,2018-08-05 09:09:48,2018-04-26 13:46:07
Unicorn ft. KIA - Scar (YL Hardstyle Remix) | HQ Videoclip,https://www.youtube.com/watch?v=BYtoyeB1RE0,HardstyleUp2Datez [HU2Dz],2018-08-05 15:17:36,2018-08-05 15:00:01
Infuzion - Master Of The Bass (Video Clip),https://www.youtube.com/watch?v=errPez3Mdjc,Axelade,2018-08-06 09:07:12,2018-08-05 15:21:42
Dr Phunk - SKRRR (Official Audio),https://www.youtube.com/watch?v=ib9_ummAFgA,Dirty Workz,2018-08-07 19:45:40,2018-08-07 16:52:59
DJ AniMe -  Playing Terror (Official Videoclip),https://www.youtube.com/watch?v=9nDqyu_7EaM,DJ AniMe,2018-08-08 10:19:30,2018-08-06 17:48:04
Toneshifterz - Become One (Official Audio),https://www.youtube.com/watch?v=EZFqwd3BCcA,WE R Music,2018-08-08 15:32:17,2018-04-23 09:00:01
Toneshifterz & Atmozfears - You & Me (Official Video Clip),https://www.youtube.com/watch?v=BKET_s2yMsk,Toneshifterz,2018-08-08 15:32:33,2018-02-28 18:30:01
Endymion - Pussy Motherfuckerz (Official Videoclip),https://www.youtube.com/watch?v=G_kOHzxIs5I,Endymion,2018-08-08 15:41:26,2018-08-08 15:00:05
Udex - Humanoid | Official Video,https://www.youtube.com/watch?v=TDvjf0A7XR4,Heart for Hard,2018-08-08 15:48:08,2018-08-08 14:38:59
Udex - Nano | Official Album Preview,https://www.youtube.com/watch?v=1Wz2-PShhc0,Heart for Hard,2018-08-08 15:48:22,2018-06-18 16:02:44
Broken Element & LXCPR - Evolve (official videoclip),https://www.youtube.com/watch?v=_-LbAaaoffE,Scantraxx,2018-08-08 15:54:23,2018-08-08 13:54:21
Partyraiser & Destructive Tendencies - Sound Becomes Two (Official Videoclip),https://www.youtube.com/watch?v=4Bn8GpV3HtQ,Masters of Hardcore,2018-08-08 18:43:38,2018-08-08 17:00:00
Zatox - Hero ( Official Music Video ),https://www.youtube.com/watch?v=8lUvygoR9qY,Zatox,2018-08-08 18:45:43,2018-08-08 16:55:05
Galactixx - Become the Future (Official Videoclip),https://www.youtube.com/watch?v=ntKp1PE-uRE,Galactixx,2018-08-09 09:35:56,2018-07-12 15:59:07
The Pitcher & Slim Shore ft. Mc D - When The Kick Comes [Official Video],https://www.youtube.com/watch?v=JFWO831CJcg,The Pitcher,2018-08-09 09:36:17,2018-05-09 15:00:02
Endymion & MYST & Démira - Waiting For Treason,https://www.youtube.com/watch?v=qU-iuHW4Gas,Endymion,2018-08-09 15:10:39,2018-06-14 16:00:07
Hard Driver - No Rest For The Wicked (Official Video),https://www.youtube.com/watch?v=zbqo8RhflAI,Dirty Workz,2018-08-09 17:41:00,2018-08-09 16:53:10
LNY TNZ - We Go Up (Da Tweekaz Remix) (Official Video),https://www.youtube.com/watch?v=oMnZeJGv3T0,Da Tweekaz,2018-08-09 21:23:26,2018-08-08 17:00:10
Headhunterz - Leap Of Faith (Official Videoclip),https://www.youtube.com/watch?v=ApfptgJZ0e8,Art of Creation,2018-08-10 12:08:50,2018-07-12 15:30:16
Zany - Feel The Sun (Official 4K Video),https://www.youtube.com/watch?v=fQ2ZGwQvMkI,Zany,2018-08-10 13:16:48,2018-08-10 13:10:37
Ressurectz & Deimos - Hell,https://www.youtube.com/watch?v=ycZvANPxcD8,Theracords,2018-08-10 15:32:35,2018-08-09 06:00:04
Never Surrender - Never Surrender,https://www.youtube.com/watch?v=zDcFE53gdfY,Neophyte Records,2018-08-10 17:56:10,2018-07-30 11:00:06
AniMe & D-Fence - Italia (Official Preview),https://www.youtube.com/watch?v=TDN1FgMyQwI,DJ AniMe,2018-08-10 19:34:36,2018-05-08 18:02:12
Udex - Tears | Official Album Preview,https://www.youtube.com/watch?v=8Zu0jr2xpPc,Heart for Hard,2018-08-12 18:09:29,2018-04-30 14:49:08
Ran-D - Hurricane (Official Videoclip),https://www.youtube.com/watch?v=65ARYmqvTBI,Ran-D,2018-08-13 09:57:34,2018-08-13 09:47:31
Rebelion - On The Run (Official 4K Videoclip),https://www.youtube.com/watch?v=UQAIN0dqV6o,Rebelion,2018-08-13 10:12:07,2018-08-10 09:25:41
D-Block & S-te-Fan - Ghost Stories,https://www.youtube.com/watch?v=QAT9GPg2ES8,D-Block & S-te-Fan (DBSTF),2018-08-13 14:37:20,2018-08-13 12:42:59
DJ Mad Dog - Babylon Dead (Videoclip),https://www.youtube.com/watch?v=RD5nazJROVE,DJ MAD DOG,2018-08-14 12:51:17,2018-02-22 16:20:47
D-Sturb & Warface - Drown (Official Videoclip),https://www.youtube.com/watch?v=ufNersdGCCo,D-Sturb,2018-08-14 14:02:39,2018-08-14 14:00:04
Will Sparks & Toneshifterz - Home To You,https://www.youtube.com/watch?v=Z90BmluCLxA,WE R Music,2018-08-15 11:29:39,2018-02-26 10:53:46
Emphasis feat. Capelli - Broken [NEXT043],https://www.youtube.com/watch?v=zpmHTJh8H-E,Q-dance Music,2018-08-15 11:30:04,2018-04-06 14:47:36
Riot Shift - Extasis,https://www.youtube.com/watch?v=wr_gOXlMR2s,Theracords,2018-08-15 11:51:31,2018-05-15 12:27:33
Legion - Make Up Your Mind [NEXT037],https://www.youtube.com/watch?v=oJEB5ZMeR7Y,Q-dance Music,2018-08-15 11:52:49,2018-01-26 14:40:51
Dj Thera & Delete - Welcome (Riot Shift Remix) Official Preview,https://www.youtube.com/watch?v=PzzTKyoL2YM,Theracords,2018-08-15 12:07:34,2018-01-01 16:27:48
D-Charged ft. Elizsabeth - Calling (Official Videoclip),https://www.youtube.com/watch?v=ryb3Cr4XAG0,Scantraxx,2018-08-15 13:32:35,2018-08-15 12:49:03
Rooler - YES! [GBD240],https://www.youtube.com/watch?v=Tgasmw3BTL0,Gearbox Digital,2018-08-15 15:00:11,2018-07-16 16:59:06
Sub Sonik x Rebelion x LXCPR - Bring It On (Official Videoclip),https://www.youtube.com/watch?v=VE39dM4FfDY,Sub Sonik,2018-08-16 10:09:02,2018-01-30 15:02:54
The Viper & LXCPR - Partystep,https://www.youtube.com/watch?v=pa6VuA6VQqc,The Viper,2018-08-16 19:21:10,2018-03-07 21:28:38
Demi Kanon - Together (Official 4k Videoclip),https://www.youtube.com/watch?v=fZttUO7uXsQ,Scantraxx,2018-08-16 19:26:48,2018-07-19 17:04:02
Audiotricz - Enlightenment (Extended),https://www.youtube.com/watch?v=djN5uNlHBDQ,Hardstyle Zone Music,2018-08-17 11:56:45,2018-08-17 00:46:59
KELTEK - Valkyries (Official Video),https://www.youtube.com/watch?v=Zj_qML8CFsg,Q-dance,2018-08-17 11:59:16,2018-08-17 10:50:57
MINUS MILITIA - PESSIMAL EVIL (Official Videoclip),https://www.youtube.com/watch?v=mgh7zzfGXLI,Minus Militia,2018-08-17 12:44:46,2018-08-16 15:07:03
Wasted Penguinz x Adrenalize - This Is The One (Official Videoclip),https://www.youtube.com/watch?v=Loj8J8f5hYU,Wasted Penguinz,2018-08-17 15:57:14,2018-08-17 14:52:35
Rooler - Domination (Official Video),https://www.youtube.com/watch?v=KB2Mn0n699g,Gearbox Digital,2018-08-17 17:34:30,2018-04-23 16:27:40
Angerfist & Tha Watcher - Tournament of Tyrants (Official Masters of Hardcore 2018 anthem),https://www.youtube.com/watch?v=sv-dRs05ZVg,Masters of Hardcore,2018-08-17 19:05:04,2018-03-05 16:15:56
D-Sturb - Losing Myself (Official Videoclip),https://www.youtube.com/watch?v=y-zsx1iyMaY,D-Sturb,2018-08-18 13:14:48,2018-07-19 17:57:42
Tatanka - The Process,https://www.youtube.com/watch?v=kKZUcidNUG8,DJ Tatanka,2018-08-20 10:17:03,2018-08-20 09:15:01
NeoX vs The Empire - Hurricane,https://www.youtube.com/watch?v=eeSQJUMtD58,enzymeofficial,2018-08-20 15:49:53,2018-08-20 15:00:08
Amentis - Revelation (Official Video Clip),https://www.youtube.com/watch?v=TXWISM6YYKc,Dirty Workz,2018-08-21 17:32:42,2018-08-21 16:46:32
Dj Thera - The Art Of Magic (Magic Festival 2018 Anthem),https://www.youtube.com/watch?v=llUW_qS2kzE,Theracords,2018-08-21 17:51:50,2018-08-21 17:25:29
Wildstylez - Heartbeat,https://www.youtube.com/watch?v=gp5rxLrThYA,Art of Creation,2018-08-21 18:08:12,2018-08-21 16:34:33
Lindsey Stirling - First Light (Official Music Video),https://www.youtube.com/watch?v=ScVWkYZkZFk,Lindsey Stirling,2018-08-22 10:37:01,2018-06-28 15:27:01
Re-Style Ft. Alee & Diesel - Ultimate Hardcore Feeling (Hatred Edit),https://www.youtube.com/watch?v=z5CxPQkrLjU,Uptempo Hardcore,2018-08-22 17:19:48,2018-08-21 09:45:13
Radical Redemption - Brutal 7.0 (HQ Official),https://www.youtube.com/watch?v=n-Y3s_IDzb4,Radical Redemption,2018-08-22 18:27:51,2018-08-22 15:49:59
Andy The Core - About The Rage (BRU051),https://www.youtube.com/watch?v=fhn6GPBzwqE,Brutale Music,2018-08-22 19:09:00,2018-04-03 16:51:00
Level One - Take It's Course (Raw Destiny 2018 Anthem),https://www.youtube.com/watch?v=hE55N_SdsJc,Scantraxx Prospexx,2018-08-23 14:05:50,2018-08-23 14:00:04
Seven Lions & Blastoyz - After Dark (ft. Fiora) [Ophelia Records],https://www.youtube.com/watch?v=Q5drTYTEHBo,SEVENLIONSofficial,2018-08-23 16:52:30,2018-08-10 15:24:26
Tweekacore - Ready 4 The Tweekend (Official Video),https://www.youtube.com/watch?v=V-GssmI9zx8,Dirty Workz,2018-08-23 16:55:46,2018-08-23 16:52:24
Dr. Peacock & Billx - Gipsy Love (Official Video),https://www.youtube.com/watch?v=GOL7vE_NowQ,Dr. Peacock,2018-08-24 11:30:37,2018-07-17 12:11:23
Billx & Dr. Peacock - Dance Of The Dead,https://www.youtube.com/watch?v=2B1po-oukmg,Dr. Peacock,2018-08-24 11:30:45,2018-02-24 09:00:02
Neophyte & Zany feat. Alee & Diesel - Gas Erop! (Angernoizer Remix),https://www.youtube.com/watch?v=IHHE8ioicWc,Neophyte Records,2018-08-24 12:52:01,2018-08-24 12:37:59
JNXD - We Are Assassins (Official Video),https://www.youtube.com/watch?v=Wxg-dMvOedw,Dirty Workz,2018-08-24 16:33:31,2018-08-24 15:59:03
Bass Modulators - Change The World (Official Video),https://www.youtube.com/watch?v=qdWA8Yqw-YA,Bass Modulators,2018-08-25 09:35:45,2018-08-24 14:05:46
Sefa & Dr. Peacock - World Of The Dream (Official Video),https://www.youtube.com/watch?v=QGKhmxcMh3A,Dr. Peacock,2018-08-25 12:16:24,2018-08-25 11:19:59
Miss K8 - Out Of The Frame,https://www.youtube.com/watch?v=a6kx-sXAad0,Miss K8,2018-08-28 10:57:50,2018-08-28 10:00:00
Skull Demon - Voices From Heaven (Frenchcore Videoclip),https://www.youtube.com/watch?v=V81ip79Ezlo,Frenchcore Hardcore,2018-08-28 13:40:57,2018-08-28 13:29:06
Owl City - Fireflies (Rawframez Remix),https://www.youtube.com/watch?v=5w1JfN6XbrA,Rawframez,2018-08-29 08:12:09,2018-08-28 23:53:28
Da Tweekaz - Back And Forth (Official Video Clip),https://www.youtube.com/watch?v=HIqA5EZNGn8,Dirty Workz,2018-08-29 17:44:18,2018-08-29 16:46:01
Dr. Peacock - Muzika (Sefa Remix),https://www.youtube.com/watch?v=FNiaQynpNWU,Dr. Peacock,2018-08-29 20:21:42,2018-03-27 13:17:29
Rawframez - Tear The Roof Off (Videoclip),https://www.youtube.com/watch?v=xiEt61TXP7o,Rawframez,2018-08-30 09:16:01,2018-08-29 18:41:17
Ncrypta - SCARS (Official Fatality Recap),https://www.youtube.com/watch?v=6T1wgvaRdSE,Gearbox Digital,2018-08-30 09:22:18,2018-08-29 16:26:01
Now It's Over - Fracus & Darwin [LYRIC VIDEO],https://www.youtube.com/watch?v=UFvxklKyEo0,Desuvi Music,2018-08-30 09:43:04,2018-08-29 15:37:24
Sefa - In De Hemel (Official Video),https://www.youtube.com/watch?v=1IgtxOas6vc,Sefa,2018-08-30 14:12:47,2018-08-30 14:00:00
Riot Shift - Pulsar,https://www.youtube.com/watch?v=Po5sxeSzEj0,Theracords,2018-08-30 17:26:58,2018-08-14 09:57:49
Degos & Re-Done - I Am Lost (Official Music Video),https://www.youtube.com/watch?v=XGMXG2saLiE,degosredone,2018-08-30 17:27:05,2018-07-19 16:24:21
Degos & Re-Done - Risk The Dark (Official Videoclip),https://www.youtube.com/watch?v=FDGzp1SZXJM,degosredone,2018-08-30 17:29:48,2018-02-14 18:43:52
Audiotricz - Enlightenment,https://www.youtube.com/watch?v=MhAjV-s-yJk,Spirit Of Hardstyle,2018-08-30 17:31:25,2018-08-17 16:42:13
Degos & Re-Done & Endymion - Strike As Thunder,https://www.youtube.com/watch?v=bPwbi6vrUbo,Endymion,2018-08-30 18:13:54,2018-08-30 14:24:19
"Manian - Hold Me Tonight (Toneshifterz, Suae & Pulsar Remix) Official Video",https://www.youtube.com/watch?v=a4mDmg1j29w,Zooland.TV,2018-08-31 05:49:38,2018-08-31 05:22:02
"Eminem, Linkin Park, Alan Walker & Against The Current - Legends Never Die (2018)",https://www.youtube.com/watch?v=ubYGDDIuuh0,Echale Mojo Remix,2018-08-31 19:27:54,2018-07-06 15:34:22
Degos & Re-Done & Digital Punk - Flames Rising (Ft. MC Diesel),https://www.youtube.com/watch?v=gd6uOnnfw_Q,degosredone,2018-09-03 16:25:55,2018-07-30 16:45:00
Psyko Punkz - New Earth (Official Video),https://www.youtube.com/watch?v=zVlsLaAoXvQ,Q-dance,2018-09-03 16:39:50,2018-09-03 16:36:22
Digital Punk ft. Sabacca - Toxic (Official Videoclip),https://www.youtube.com/watch?v=hhbwTs7yptY,Scantraxx,2018-09-04 15:41:43,2018-09-04 15:05:11
Destructive Tendencies & Bulletproof - Night Must Fall (Official Preview),https://www.youtube.com/watch?v=_KcOsK5PCwM,Masters of Hardcore,2018-09-05 13:09:35,2018-09-05 13:00:05
AP Girl - Lame Shit (Free Release),https://www.youtube.com/watch?v=Feex6FKdpeI,Hard Recordzz,2018-09-05 13:11:23,2018-09-05 13:00:03
Phrantic - Time (Official Audio),https://www.youtube.com/watch?v=BcH4RCOm-sY,Dirty Workz,2018-09-05 17:29:59,2018-09-05 16:41:45
Code Black & Darren Styles - Sparks (Official Video),https://www.youtube.com/watch?v=aS4zmhQXJ_g,Code Black,2018-09-06 13:21:40,2018-09-06 09:51:23
D-Attack ft. Jonjo - Power Of The Gods (Official Videoclip),https://www.youtube.com/watch?v=-o3Cf2FE0DA,D-Attack,2018-09-06 15:43:55,2018-09-06 15:25:38
Ransom - Hit The Sky,https://www.youtube.com/watch?v=kwW0zqDw7s8,ROQ 'N ROLLA Music,2018-09-07 12:30:26,2018-09-07 08:00:07
"Thyron, Luminite, Physika & Mc Focus - Full Force [GBD248]",https://www.youtube.com/watch?v=sBUAMCHLEFI,Gearbox Digital,2018-09-07 13:22:49,2018-09-06 17:09:57
Degos & Re-Done & MYST - Ready 4 Madness,https://www.youtube.com/watch?v=V9RCsfbTFlo,degosredone,2018-09-07 14:28:31,2018-08-28 17:08:40
Degos & Re-Done & Furyan - Blame God,https://www.youtube.com/watch?v=GpOR_0SmvKE,degosredone,2018-09-07 14:28:45,2018-08-21 16:52:18
Degos & Re-Done & RVAGE - Never Break Me,https://www.youtube.com/watch?v=H0kjIC-DlFE,degosredone,2018-09-07 14:29:00,2018-08-14 17:06:48
Degos & Re-Done & B-Front - Inner Strength,https://www.youtube.com/watch?v=pq_vBm2dvmE,degosredone,2018-09-07 14:29:13,2018-08-07 16:44:34
AniMe & DJ Mad Dog - Symmetry (Official Preview),https://www.youtube.com/watch?v=Ov3UvdrsayQ,DJ AniMe,2018-09-07 17:34:53,2018-04-24 16:09:19
Coco's Revenge - Partyraiser & Bulletproof (The Official Videoclip),https://www.youtube.com/watch?v=TnqSR8CTevI,Partyraiser Recordings,2018-09-08 08:33:36,2018-08-02 16:45:01
Partyraiser vs F. Noize vs Hyrule War - Legends Never Die (BKJN vs Partyraiser anthem) Ft. MC Syco,https://www.youtube.com/watch?v=1JkyrNJpEy0,Official Partyraiser,2018-09-08 08:40:38,2018-06-27 16:45:00
Dogfight Clan & Alee - Live & Direct (Official Free Festival 2018 Hardcore Anthem),https://www.youtube.com/watch?v=s1EC1P5SDX8,Art of Dance,2018-09-08 09:21:10,2018-05-23 15:00:09
Digital Punk - Nothing Can Hold Us Back (Official Unleashed Soundtrack) (Official Videoclip),https://www.youtube.com/watch?v=0u5wHHt1dz0,Scantraxx,2018-09-08 12:52:09,2018-02-07 18:27:32
Degos & Re-Done ft. MC Diesel – Living The Life,https://www.youtube.com/watch?v=txWgtzDV5DM,Hardstyle Zone Music,2018-09-08 20:07:34,2018-08-24 18:53:01
Degos & Re-Done - The Drums,https://www.youtube.com/watch?v=hv9mSy5aI7Q,degosredone,2018-09-08 20:11:30,2018-07-24 16:40:45
Opus - Live is Life (Lost Melodies Bootleg) (Hardstyle,https://www.youtube.com/watch?v=RGp65560XQ4,Hardstyle Promotion,2018-09-09 10:10:41,2018-09-08 21:53:40
Men At Work - Down Under (Ex Infinium Hardstyle Bootleg) | HQ Videoclip,https://www.youtube.com/watch?v=m6s2SOSYVL0,HardstyleUp2Datez [HU2Dz],2018-09-09 11:15:45,2018-09-09 11:00:03
The Pretty Reckless - Heaven Knows (Sghenny | Frenchcore Remix),https://www.youtube.com/watch?v=RMkOlJFN5YU,Frenchcore Hardcore,2018-09-09 11:17:27,2018-09-09 10:57:01
Erraticz ft. Daniel Thomas - Out Of Reasons [Free Release],https://www.youtube.com/watch?v=1YSiEyZ8sDs,EuphoricHardStyleZ,2018-09-09 13:53:17,2018-09-09 13:06:26
Hyperion - Forever,https://www.youtube.com/watch?v=WvJCzg6x5UE,Dutch Master Works,2018-09-10 14:11:59,2018-09-10 09:19:05
Spectralizers - Activation (Hardstyle) | Official Videoclip,https://www.youtube.com/watch?v=ukTpwRrQMco,HardstyleUp2Datez [HU2Dz],2018-09-10 15:41:54,2018-09-09 15:00:09
Ummet Ozcan x Coone x Villain - Trash Moment (Official Music Video),https://www.youtube.com/watch?v=_5bK3ABjg_s,Spinnin' Records,2018-09-11 12:19:59,2018-09-11 12:00:03
Sub Zero Project x Phuture Noize - We Are The Fallen (Official Video Clip),https://www.youtube.com/watch?v=vAqroKLZ3_U,Dirty Workz,2018-09-12 07:22:02,2018-08-30 16:45:12
Degos & Re-Done & Sub Sonik - Lost Connection,https://www.youtube.com/watch?v=aUMnDBAw3vs,degosredone,2018-09-12 08:58:16,2018-09-11 16:46:10
Reigin - Summer Shenanigans (Hardstyle),https://www.youtube.com/watch?v=PxgsQtEhNhY,Hardstyle Promotion,2018-09-12 16:55:29,2018-09-12 16:28:38
Devin Wild & KELTEK - In My Mind (Official Videoclip),https://www.youtube.com/watch?v=woMsIc2eAnQ,Scantraxx,2018-09-12 17:14:29,2018-09-12 16:59:37
Crypsis -The E (Official Video Clip),https://www.youtube.com/watch?v=krG56ZucSVI,Crypsis,2018-09-13 12:25:05,2018-09-12 18:00:07
DJ Mad Dog - Laughing Loud,https://www.youtube.com/watch?v=ezIQ0dIfNLU,Dogfight Rec,2018-09-13 12:39:56,2018-09-13 10:17:56
DJ Mad Dog - Bust Your Chest,https://www.youtube.com/watch?v=ED9mB9Q_-B0,Dogfight Rec,2018-09-13 12:40:18,2018-09-13 10:17:44
Mystical Mind & Crowd - To The One,https://www.youtube.com/watch?v=0R9eBpNJESw,Scantraxx Prospexx,2018-09-13 16:19:48,2018-09-13 14:00:00
Adaro Ft. Ellie - One More Time (OUT NOW),https://www.youtube.com/watch?v=57MUj0jPJMQ,Roughstate,2018-09-14 12:56:17,2018-09-14 10:00:00
Waveleaderz - Find My Way Back (Hardstyle),https://www.youtube.com/watch?v=OW0T0yZeN9E,Hardstyle Promotion,2018-09-14 12:57:35,2018-09-14 09:27:58
Outsiders & Dutch Movement feat. Emy Perez - Cocaina,https://www.youtube.com/watch?v=eLJxbwv8AUw,ROQ 'N ROLLA Music,2018-09-14 12:59:34,2018-09-14 08:39:47
Envine ft. Chad Kowal - Feeling Again (Official Videoclip),https://www.youtube.com/watch?v=vs8XCDupzqM,Scantraxx,2018-09-14 14:58:33,2018-09-14 14:43:57
Re-Style - Spring (Official Videoclip),https://www.youtube.com/watch?v=Nzdm96tolmw,Re-Style,2018-09-18 13:58:59,2018-09-18 13:46:23
ReliQium - I'm Coming Home (Hardstyle) | Official Videoclip,https://www.youtube.com/watch?v=e9VYCvnGhA8,HardstyleUp2Datez [HU2Dz],2018-09-18 14:07:16,2018-09-17 18:00:03
Kit Hype - In My Head (Hardstyle) | HQ Videoclip,https://www.youtube.com/watch?v=1rbJ0eoRVt0,HardstyleUp2Datez [HU2Dz],2018-09-18 16:18:59,2018-09-18 16:00:00
W&W & Kizuna AI - Together,https://www.youtube.com/watch?v=OFhN367QXyo,ID-ID ELECTRO MUSICS 5.0,2018-09-18 18:50:39,2018-09-18 17:49:22
Degos & Re-Done & Bass Chaserz & Crystal Mad - The Takeover,https://www.youtube.com/watch?v=mxdKDi5Pt6E,degosredone,2018-09-18 18:54:01,2018-09-18 17:07:42
Devin Wild & Sub Sonik & Alee - Execution (Official Videoclip),https://www.youtube.com/watch?v=5re3iMFQHxE,Scantraxx,2018-09-20 06:28:38,2018-09-19 17:00:16
Bass Modulators - Limitless (Official Video),https://www.youtube.com/watch?v=yU3HSdEF-os,Spirit Of Hardstyle,2018-09-20 10:50:06,2018-09-20 10:00:13
Atmozfears & Demi Kanon ft. David Spekter - Yesterday (Official 4K Videoclip),https://www.youtube.com/watch?v=qz9j49CFyTU,Scantraxx,2018-09-20 15:22:14,2018-09-20 15:04:42
Act of Rage - Grown Up (Official Video),https://www.youtube.com/watch?v=AhUt1o7lChI,Act of Rage,2018-09-21 19:46:19,2018-09-20 16:04:08
Digital Punk - Die Trying,https://www.youtube.com/watch?v=dVTn8e24iww,Scantraxx,2018-09-21 20:07:26,2018-09-21 18:02:32
Adaro - The Otherside [official videoclip],https://www.youtube.com/watch?v=YOeuXAP3Uzs,Adaro,2018-09-22 12:00:02,2018-04-09 17:00:05
Broken Minds - Reborn (Official Videoclip),https://www.youtube.com/watch?v=j_ylIVSeA3U,Dogfight Rec,2018-09-23 07:20:39,2018-05-17 09:28:17
Dr. Peacock - Fool,https://www.youtube.com/watch?v=-oU9UsMCW8o,Peacock Records,2018-09-24 13:47:50,2018-09-24 13:17:39
Zerox - Symbols [HQ Edit],https://www.youtube.com/watch?v=YdvN3I6pjbY,EuphoricHardStyleZ,2018-09-24 17:38:25,2018-08-20 19:39:04
Radical Redemption - The Darkest Moment (Official Videoclip),https://www.youtube.com/watch?v=rRV1QtCe38o,Radical Redemption,2018-09-26 14:48:07,2018-09-26 14:00:06
Ecstatic ft. Krigarè - Rise Up (Official Video Clip),https://www.youtube.com/watch?v=km58YBCf81M,Dirty Workz,2018-09-26 14:50:56,2018-09-25 17:03:21
Destructive Tendencies & Warface - Release The Kraken (Sefa Remix) (Official Videoclip),https://www.youtube.com/watch?v=v7FRYrol9hw,Masters of Hardcore,2018-09-27 11:25:50,2018-09-27 11:05:53
Koozah feat. Killer MC - Time to detonate - Traxtorm 0201 [Hardcore],https://www.youtube.com/watch?v=HWXklI53ufw,Traxtorm Records,2018-09-27 13:50:40,2018-09-27 07:45:54
Statiuz - Stormwind (Hardstyle) | Official Videoclip,https://www.youtube.com/watch?v=MVyE68sDe3s,HardstyleUp2Datez [HU2Dz],2018-09-27 14:22:56,2018-09-26 16:00:02
Rebelion - Revelation (Official 4K Videoclip),https://www.youtube.com/watch?v=pMy6gz6n99o,Rebelion,2018-09-28 13:40:14,2018-09-27 17:00:05
Alexez & Spectralizers - The Right Side (Hardstyle) | Official Lyric Videoclip,https://www.youtube.com/watch?v=qBNYPKjbWRs,HardstyleUp2Datez [HU2Dz],2018-09-28 16:52:47,2018-09-28 16:00:10
The Killers - Human (Dark Rehab Hardstyle Bootleg) | HQ Videoclip,https://www.youtube.com/watch?v=ByP3VJAtxo0,HardstyleUp2Datez [HU2Dz],2018-09-29 15:52:01,2018-09-29 15:00:00
DJ AniMe - So Cold,https://www.youtube.com/watch?v=ga8pDmvlm8A,DJ AniMe,2018-09-30 18:01:50,2018-09-30 14:00:07
Hyperion - Forever (Hardstyle) | HQ Videoclip,https://www.youtube.com/watch?v=86U9245f6BU,HardstyleUp2Datez [HU2Dz],2018-10-01 16:23:29,2018-10-01 16:00:00
Starstylers - Keep On Moving (Raveboiz Happy Hardcore Bootleg) | HQ Videoclip,https://www.youtube.com/watch?v=zMKzeTwek98,HardstyleUp2Datez [HU2Dz],2018-10-02 11:37:08,2018-10-01 18:00:03
Sefa - Follow (Frenchcore),https://www.youtube.com/watch?v=XbQx8M2SD6w,Jardel Camargo,2018-10-03 13:49:30,2018-02-27 17:21:29
The Pitcher - Forever And Ever (Official Video),https://www.youtube.com/watch?v=FYpJQThAOa8,The Pitcher,2018-10-03 16:18:38,2018-09-20 16:21:03
Sound Rush - Look At Us Now (Official Videoclip),https://www.youtube.com/watch?v=dk6vnXtPpsU,Art of Creation,2018-10-03 16:18:47,2018-09-13 15:02:54
Devin Wild & Psyko Punkz - Never Surrender (Official Videoclip),https://www.youtube.com/watch?v=aPQMOubqTkM,Scantraxx,2018-10-03 16:56:51,2018-10-03 16:45:00
Adaro - Flame Up High [official videoclip],https://www.youtube.com/watch?v=ZGT_IbXhiOc,Adaro,2018-10-04 14:08:40,2018-10-04 14:00:09
Bass Modulators ft. Envy Monroe - Chemical (Official Videoclip),https://www.youtube.com/watch?v=OsHho-nFGOs,Scantraxx,2018-10-04 14:12:48,2018-10-04 13:45:00
Tweekacore & Darren Styles - Down With The E (Official Video Clip),https://www.youtube.com/watch?v=TxWoyFmP5Mw,Dirty Workz,2018-10-05 11:36:53,2018-10-04 16:43:34
Manian - Welcome To The Club (Da Mayh3m Hardstyle Remix) | HQ Lyric Videoclip,https://www.youtube.com/watch?v=Dq43TrgM3aA,HardstyleUp2Datez [HU2Dz],2018-10-05 17:13:07,2018-10-05 16:00:01
Billx - Tree of Life (Psy to Hard)[Official video] ☯️,https://www.youtube.com/watch?v=HM-zIwaZr1A,Billx Official,2018-10-06 17:46:13,2018-08-27 09:03:12
Fallen Superhero - Horror Night,https://www.youtube.com/watch?v=2LxH3RqMpCk,FallenSuperheroSG,2018-10-08 13:54:27,2018-10-08 13:10:40
W&W - Rave Culture (Official Video),https://www.youtube.com/watch?v=9M1Aly5jDTw,W&W,2018-10-08 14:14:15,2018-10-08 10:00:08
Sia - The Greatest (Reckless | Frenchcore Remix),https://www.youtube.com/watch?v=-0vbjvqJ0Vs,Frenchcore Hardcore,2018-10-09 19:42:45,2018-09-18 19:46:09
Partyraiser & Furyan - We Just Dont Stop (Official video clip),https://www.youtube.com/watch?v=gIBeaKKg8Tk,Official Partyraiser,2018-10-10 13:08:19,2018-10-10 09:34:32
Project One - Resurrection (Official Videoclip),https://www.youtube.com/watch?v=Q3XYeaWc1L0,Art of Creation,2018-10-10 14:27:11,2018-10-09 15:00:08
RVAGE ft. Diandra Faye - Free Fall (Official Videoclip),https://www.youtube.com/watch?v=2_u2McV9KD4,Scantraxx,2018-10-10 14:34:23,2018-10-09 13:29:39
MYST - I'm Falling (Official Music Video),https://www.youtube.com/watch?v=KJQ5_f5e_0k,MYST,2018-10-10 14:35:56,2018-10-09 10:00:48
Oliver Nelson Ft. Guy Sebastian - Feel Alright (Manicoel Hardstyle Bootleg) | HQ Videoclip,https://www.youtube.com/watch?v=TwwDmUgLztw,HardstyleUp2Datez [HU2Dz],2018-10-10 16:20:20,2018-10-08 18:00:02
Megalodon (Dimatik Remix),https://www.youtube.com/watch?v=1B683l4hNb8,MaRLo - Topic,2018-10-10 16:25:52,2018-09-04 12:42:43
Illuminize - Reality,https://www.youtube.com/watch?v=_74Ef9aYOgs,Scantraxx Prospexx,2018-10-11 14:04:03,2018-10-11 14:00:02
Crystal Lake - Chosen Ones,https://www.youtube.com/watch?v=kYvt5hc01ys,Zooland.TV,2018-10-12 11:52:51,2018-10-12 09:00:10
Desm - Eclipse (Hardstyle) | HQ Videoclip,https://www.youtube.com/watch?v=MJcXI7xu2fo,HardstyleUp2Datez [HU2Dz],2018-10-13 16:46:32,2018-10-13 15:00:01
IOI - What If I Pretend (Giorno & Critical Strikez Remix),https://www.youtube.com/watch?v=8DE3wIHtvP4,Zooland.TV,2018-10-16 05:15:20,2018-10-15 21:22:27
DJ Salle - Space (Hardstyle),https://www.youtube.com/watch?v=mgNU81WMJr0,Hardstyle Promotion,2018-10-17 11:33:52,2018-10-16 20:03:22
Degos & Re-Done - Living The Life (Ft. MC Diesel),https://www.youtube.com/watch?v=ZVtgoxSY-fs,degosredone,2018-10-17 15:04:14,2018-10-16 17:50:13
Da Tweekaz - Forever (Official Video Clip),https://www.youtube.com/watch?v=yfi2E0X9_8o,Dirty Workz,2018-10-17 15:04:56,2018-10-16 16:53:56
Jack of Sound - The Eternal Beginning (Official Video),https://www.youtube.com/watch?v=q4TzAz_8VuA,Scantraxx,2018-10-17 16:48:32,2018-10-17 16:30:00
D-Sturb & Sefa - Nothing Like The Oldschool,https://www.youtube.com/watch?v=MnH03XLqeRs,Sefa,2018-10-18 11:54:19,2018-10-18 11:00:03
Lacuna - Celebrate The Summer (Patmak & Beatbreakazz Hardstyle Bootleg) | HQ Videoclip,https://www.youtube.com/watch?v=KAuLqqaWt7A,HardstyleUp2Datez [HU2Dz],2018-10-18 12:54:34,2018-10-17 18:00:01
Requiem - Only One (Official Videoclip),https://www.youtube.com/watch?v=67oWcneaGMU,Scantraxx,2018-10-18 14:29:50,2018-10-18 14:00:01
Manian & Winter - 5th Symphony (E-legal Hardstyle Bootleg) | HQ Videoclip,https://www.youtube.com/watch?v=XtsB_qsLofE,HardstyleUp2Datez [HU2Dz],2018-10-20 08:14:32,2018-08-17 17:00:06
Project One - The Art of Creation (Sefa Remix) | Official Video,https://www.youtube.com/watch?v=StVvEFhiP0A,Q-dance,2018-10-20 15:18:19,2018-10-20 14:30:01
The Chainsmokers - Don't Let Me Down (Hozinotik | Frenchcore Remix),https://www.youtube.com/watch?v=1ws8qS2IEO4,Frenchcore Hardcore,2018-10-21 14:40:15,2018-10-21 11:45:00
Zombie Nation - Kernkraft 400 (TCM Hardstyle Bootleg) | HQ Videoclip,https://www.youtube.com/watch?v=KrsIdvdEhhY,HardstyleUp2Datez [HU2Dz],2018-10-21 14:54:48,2018-05-25 17:00:02
Project One - The Zero Hour (Phuture Noize Remix) | Official Video,https://www.youtube.com/watch?v=RrmAcE0sg-M,Q-dance,2018-10-21 17:22:13,2018-10-17 11:03:21
Valido - Dusk and Dawn [Official Vizualizer],https://www.youtube.com/watch?v=IP6YlZt2Tiw,Theracords,2018-10-22 10:35:40,2018-10-22 10:20:16
Auroz - The Dreamer (Hardstyle) | HQ Videoclip,https://www.youtube.com/watch?v=el75OypaEec,HardstyleUp2Datez [HU2Dz],2018-10-23 10:07:23,2018-06-28 17:00:10
Wasted Penguinz - Evergreen (Official Videoclip),https://www.youtube.com/watch?v=ua58j36vf1w,Wasted Penguinz,2018-10-24 08:29:35,2018-10-22 15:45:12
Hyrule War - Magical Voice,https://www.youtube.com/watch?v=PKVhvPvbbNM,Nareku,2018-10-24 08:37:57,2018-10-24 08:36:36
Nick Skitz & Basslouder - In My Mind,https://www.youtube.com/watch?v=lhYXoOW785A,Zooland.TV,2018-10-25 09:53:48,2018-10-25 08:34:06
Radical Redemption & Nolz - Command & Conquer (Official Videoclip),https://www.youtube.com/watch?v=0Xq7bQwrlfU,Radical Redemption,2018-10-25 12:04:56,2018-10-25 11:57:50
Enemy Contact - Earth In Me (Official Videoclip),https://www.youtube.com/watch?v=6UqA0TpxGt0,Scantraxx,2018-10-25 19:36:10,2018-10-25 17:00:01
Emphasis - Centre [NEXT051],https://www.youtube.com/watch?v=3bhl49ahdVk,Q-dance Music,2018-10-26 13:30:01,2018-10-26 13:00:29
Delete - Take It Back (Official Video),https://www.youtube.com/watch?v=e2tFAxMnBQk,Delete,2018-10-26 13:54:29,2018-01-03 17:29:35
High Sequencerz - Reverze (Hardstyle) | HQ Videoclip,https://www.youtube.com/watch?v=YSZCDKmm0zM,HardstyleUp2Datez [HU2Dz],2018-10-26 19:18:10,2018-10-26 17:00:03
Korsakoff & Tears of Fury - Follow Me [MOHDIGI253],https://www.youtube.com/watch?v=J3nTksJ6IpQ,Masters of Hardcore,2018-10-27 18:29:23,2018-10-02 16:00:01
Re-Style ft Tha Watcher - Toxicator (Official Videoclip),https://www.youtube.com/watch?v=LkxLS4hZP_U,Re-Style,2018-10-28 10:07:24,2018-10-26 13:58:32
Rejecta - Move My Body [Official Preview],https://www.youtube.com/watch?v=rBK5ETu8RKM,Rejecta,2018-10-29 10:47:39,2018-10-29 10:10:01
Kronos ft. MC Coppa - The Future (Official Video),https://www.youtube.com/watch?v=XRtbH4MQyqY,Scantraxx,2018-10-30 16:30:01,2018-10-30 15:00:05
Skull Demon - Lost Melody,https://www.youtube.com/watch?v=ox3IjesrrXI,Nareku,2018-10-30 17:00:23,2018-10-30 11:51:51
Repix - The Ultimate Neophyte Tribute (Official Videoclip),https://www.youtube.com/watch?v=mPCCfRES45I,Neophyte Records,2018-10-31 14:26:11,2018-10-24 11:00:16
Fear Factor - Ghosts,https://www.youtube.com/watch?v=9eo8ZSDqcsY,enzymeofficial,2018-11-01 14:27:31,2018-10-11 15:00:00
Titan - Still I Rise (Official Music Video),https://www.youtube.com/watch?v=fAR8oX3zAg0,Titan,2018-11-01 14:27:51,2018-08-30 17:00:05
Devin Wild & Demi Kanon - Flames (Official Videoclip),https://www.youtube.com/watch?v=Byq_nzPBii4,Scantraxx,2018-11-01 14:28:42,2018-10-10 16:45:00
Udex - Return (Official 4K Videoclip),https://www.youtube.com/watch?v=95mJvE_tksc,Heart for Hard,2018-11-01 14:28:56,2018-10-30 11:37:20
Project One - Life Beyond Earth (KELTEK Remix) | Official Video,https://www.youtube.com/watch?v=afDg6StvRL0,Q-dance,2018-11-01 14:30:07,2018-10-24 18:00:01
Coone - Evolution Is Here (Official Video Clip),https://www.youtube.com/watch?v=qsJ8Ux9_G9g,Dirty Workz,2018-11-01 14:30:45,2018-10-15 16:48:51
Silicon XX - S3RL ft Nikolett,https://www.youtube.com/watch?v=G27o4yJC79A,S3RL,2018-11-01 15:05:22,2018-10-31 20:51:15
Radical Redemption & D-Sturb - Testarossa (Official Video),https://www.youtube.com/watch?v=HQhZnSkNndo,Radical Redemption,2018-11-03 13:14:02,2018-11-03 11:00:03
Cellrock - Lake Of Pain,https://www.youtube.com/watch?v=Jw5fLz3Wp_k,Theracords,2018-11-04 15:31:56,2018-11-04 15:00:01
Crystal Lake - Feels (Official Video Clip),https://www.youtube.com/watch?v=FAH9I-Qvb3g,Dirty Workz,2018-11-07 15:03:36,2018-11-06 17:58:45
Mauro Picotto - Komodo (OsEraN Bootleg) (Hardstyle),https://www.youtube.com/watch?v=ArQ3RMLs1OE,Hardstyle Promotion,2018-11-08 16:26:50,2018-11-08 14:33:52
DJ Gollum feat. DJ Cap vs. Zoe VanWest - Dancefloor,https://www.youtube.com/watch?v=3yJkFX_qYMk,Zooland.TV,2018-11-09 14:19:28,2018-11-09 14:00:00
Jebroer - Heartcore (prod. Brennan Heart),https://www.youtube.com/watch?v=f-3rkJv-PBM,ROQ 'N ROLLA Music,2018-11-09 14:39:25,2018-11-08 23:00:05
Pulserz - Sunrise (Hardstyle) | Official Videoclip,https://www.youtube.com/watch?v=TV1ifp0TC9g,HardstyleUp2Datez [HU2Dz],2018-11-09 17:59:21,2018-11-05 17:58:25
Rob GEE & Mr. Bassmeister - Paint it Black (Frenchcore),https://www.youtube.com/watch?v=d4kyiESjZoM,Frenchcore Hardcore,2018-11-11 16:04:08,2018-11-11 11:45:01
Adaro & B-Front ft. Dawnfire - Touch A Star | Official Video,https://www.youtube.com/watch?v=U4xJoUCcOJE,Q-dance,2018-11-12 14:55:56,2018-11-12 12:00:03
ColFearz - Love Is The Key (Hardstyle) | HQ Videoclip,https://www.youtube.com/watch?v=8b2sUGwBbRE,HardstyleUp2Datez [HU2Dz],2018-11-12 19:37:34,2018-11-12 19:00:01
ATB - Ecstasy (Untraceable Bootleg),https://www.youtube.com/watch?v=OfO5NJBCp3E,Hardstyle Promotion,2018-11-12 19:39:12,2018-11-12 18:57:17
Basslovers United & Grrtz - Light Up The Night (Hands Up Edit),https://www.youtube.com/watch?v=DkkhYwacW9c,Zooland.TV,2018-11-12 20:13:14,2018-11-12 20:03:29
Hard Driver ft. Szen - Get It Started (Official Audio),https://www.youtube.com/watch?v=RYmWTrgbnJ4,Dirty Workz,2018-11-13 19:52:33,2018-11-13 17:47:25
Jebroer & Dr Phunk - Leben Nach Dem Tod (Official Video HD),https://www.youtube.com/watch?v=TVyBL9UH2Os,Kontor.TV,2018-11-14 14:32:36,2018-11-14 14:11:09
Endymion - The Last Generation (Defqon.1 Australia) - Video,https://www.youtube.com/watch?v=cWY2fX58yfg,Endymion,2018-11-14 15:55:34,2018-09-20 08:46:01
Warface ft. Sovereign King - We All Live For This (Official anthem),https://www.youtube.com/watch?v=r86kjg7Cdg8,Art of Dance,2018-11-14 16:11:34,2018-11-14 16:00:11
Sun Kidz - Leave (Cloud Seven Remix),https://www.youtube.com/watch?v=CfOu-nM15DM,Hands Up Generation,2018-11-14 16:16:42,2018-09-24 18:39:56
Psyko Punkz & KELTEK - The Apex (Official Video Clip),https://www.youtube.com/watch?v=cI2CsaYin74,Dirty Workz,2018-11-14 17:57:02,2018-11-14 17:43:37
The Prophet - Listen To Your Heart (Official 4k Videoclip),https://www.youtube.com/watch?v=wZEtCpIzU3E,Scantraxx,2018-11-16 12:25:00,2018-11-15 17:45:01
Paris Blohm feat. Paul Aiden - Alive,https://www.youtube.com/watch?v=-GGJLcVZHG8,Revealed Music,2018-11-16 16:49:56,2018-11-16 16:00:00
B2A & Anklebreaker - Enlightened (Hardstyle) | Official Videoclip,https://www.youtube.com/watch?v=xdMqsToHbBk,HardstyleUp2Datez [HU2Dz],2018-11-16 19:37:21,2018-11-16 18:58:24
Lunatics - Lost City (Hardstyle) | HQ Videoclip,https://www.youtube.com/watch?v=POFsby5yayk,HardstyleUp2Datez [HU2Dz],2018-11-17 16:36:00,2018-11-17 16:00:02
Da Tweekaz x TNT ft. Matthew Steeper - Together (Official Video Clip),https://www.youtube.com/watch?v=bvXan8a2iPM,Dirty Workz,2018-11-17 19:22:07,2018-11-08 17:58:16
Avaryze - Come Alive (Hardstyle) | Official Videoclip,https://www.youtube.com/watch?v=dl1cPxU4a44,HardstyleUp2Datez [HU2Dz],2018-11-18 10:39:36,2018-05-30 17:00:03
Dr. Peacock & The Sickest Squad - Lose Your Mind (Official Video),https://www.youtube.com/watch?v=-0l4lA7JANI,Dr. Peacock,2018-11-19 17:03:16,2018-11-19 17:00:38
Miss Hysteria -  Unlock The Gate,https://www.youtube.com/watch?v=YqT1PCO4eGc,enzymeofficial,2018-11-19 17:24:31,2018-11-19 17:00:03
Tweekacore & Darren Styles ft. Giin - Crash & Burn (Official Video Clip),https://www.youtube.com/watch?v=1c9-qrkqskw,Dirty Workz,2018-11-21 13:53:14,2018-11-20 17:47:48
Frequencerz - Mindbenders (Stealth Mode),https://www.youtube.com/watch?v=b96ALqNWwuw,Frequencerz,2018-11-21 15:39:51,2018-11-21 13:52:48
Rebourne - Still Here,https://www.youtube.com/watch?v=5W_3w8KWHmQ,WE R Music,2018-11-22 14:46:18,2018-11-22 14:30:00
Partyraiser & Bulletproof - Coco's Revenge (Official Videoclip),https://www.youtube.com/watch?v=sv2wyZ1zG-E,Bulletproof Official,2018-11-22 14:52:12,2018-08-06 13:46:41
Sub Sonik - Dance With The Devil,https://www.youtube.com/watch?v=P0U00JMmg-o,Sub Sonik,2018-11-22 17:25:39,2018-11-22 15:51:53
Phrantic - Break The Silence (Official Video Clip),https://www.youtube.com/watch?v=sD-OebPsG5o,Dirty Workz,2018-11-22 19:34:43,2018-11-22 17:56:41
Atmozfears & Devin Wild ft. David Spekter - Breathe (Official 4K Videoclip),https://www.youtube.com/watch?v=sNVOoBdaWvY,Scantraxx,2018-11-22 19:50:53,2018-11-22 17:58:26
Adrenalize - On The Edge (Official 4K Videoclip),https://www.youtube.com/watch?v=NVb7CZ-72Rc,Scantraxx,2018-11-22 20:58:06,2018-11-21 18:00:06
Endymion - Rebels At Night | Official Video,https://www.youtube.com/watch?v=BstuLX3b8DE,Q-dance,2018-11-23 13:15:28,2018-11-23 13:00:02
Phuture Noize - A New Day | Official Video,https://www.youtube.com/watch?v=Mk-9OfqbtzA,Q-dance,2018-11-23 13:15:40,2018-11-21 17:58:27
Frequencerz - Earthquake (Stealth Mode Version),https://www.youtube.com/watch?v=98X2aGHiwh4,Frequencerz,2018-11-23 14:09:04,2018-11-22 15:24:58
D-Block & S-te-Fan - Gave U My Love,https://www.youtube.com/watch?v=einxirKWhiM,D-Block & S-te-Fan (DBSTF),2018-11-23 18:01:49,2018-11-23 15:08:46
Zatox - Fall Down ( Free Release ),https://www.youtube.com/watch?v=smoeCkCZPdo,Zatox,2018-11-24 09:47:13,2018-10-06 17:05:04
Spring Fever - Give Me More (DJ Manian vs. Tune Up! Remix),https://www.youtube.com/watch?v=vWspsksEshQ,Hands Up Generation,2018-11-24 10:50:24,2018-11-22 17:48:29
Martin Garrix & Dua Lipa - Scared To Be Lonely (Akidaraz Bootleg) (Hardstyle),https://www.youtube.com/watch?v=IrDkF7g0V_4,Hardstyle Promotion,2018-11-24 21:02:10,2018-11-24 20:00:01
B-Freqz - The Eclipse [Official Videoclip],https://www.youtube.com/watch?v=hXrW1C6iKoY,B-Freqz,2018-11-25 12:14:30,2018-04-25 16:00:04
Eternize - Who Are You,https://www.youtube.com/watch?v=434P0fExErY,Eternize,2018-11-25 17:29:43,2018-11-25 16:07:15
PRDX - Lighting Fires [Derailed Traxx],https://www.youtube.com/watch?v=eI92rP3E6wE,Derailed Traxx,2018-11-26 10:51:37,2018-11-26 09:57:49
Blasco ft. Elizsabeth - Stars (Official Video Clip),https://www.youtube.com/watch?v=f-grR39oZkk,Dirty Workz,2018-11-26 17:53:47,2018-11-26 17:45:00
Frontliner - Silence (Official Preview),https://www.youtube.com/watch?v=L6Mqb4Qci_8,Frontliner,2018-11-26 19:51:52,2018-11-26 18:58:32
TNT X DJ Isaac - The Realm,https://www.youtube.com/watch?v=RTGydo5098A,DJ ISAAC,2018-11-27 14:02:21,2018-07-11 12:23:13
Sound Rush - Guide You,https://www.youtube.com/watch?v=p0dA0-QAoVA,Art of Creation,2018-11-27 15:20:20,2018-09-11 14:58:52
The Pitcher ft. Sam LeMay - Music In Me (Official Video),https://www.youtube.com/watch?v=R4xrlW40lfA,The Pitcher,2018-11-29 15:16:40,2018-11-29 14:45:01
Master Blaster & Norda - Now You're Gone,https://www.youtube.com/watch?v=eQIxhE-T9-k,Zooland.TV,2018-11-30 11:09:15,2018-11-30 11:00:10
JNXD - F.S.U (Official Video Clip),https://www.youtube.com/watch?v=9X-suy9tFgU,Dirty Workz,2018-11-30 11:16:46,2018-11-29 21:03:56
Dr. Peacock - Vive la Volta (Sefa Remix) (Official Video),https://www.youtube.com/watch?v=HG5lNk-4R6c,Dr. Peacock,2018-11-30 11:20:36,2018-11-29 18:07:17
Demi Kanon - Another Day (Official Videoclip),https://www.youtube.com/watch?v=8owdDUzfvig,Scantraxx,2018-11-30 11:21:13,2018-11-29 17:58:19
Qlimax 2018 | Official Q-dance Anthem | Sub Zero Project - The Game Changer,https://www.youtube.com/watch?v=JzBUGARFC4k,Q-dance,2018-11-30 12:52:38,2018-10-29 14:58:29
Act of Rage & MC Jeff - Subject Hostile (Official Shockerz 2018 Anthem),https://www.youtube.com/watch?v=mOvcJV21dBI,Act of Rage,2018-11-30 13:03:55,2018-11-29 17:01:44
Sub Sonik - One (Always Hardcore),https://www.youtube.com/watch?v=NT9s6N2DX4c,Sub Sonik,2018-11-30 13:57:44,2018-11-08 13:22:38
Jonski - Nocturnal (Frenchcore),https://www.youtube.com/watch?v=dmJNa3TaGDc,Frenchcore Hardcore,2018-11-30 14:07:38,2018-11-30 14:00:07
GVBBZ -  What It's All About (MasterBasCut) (Hardstyle),https://www.youtube.com/watch?v=I7kP948kNYA,Hardstyle Promotion,2018-11-30 18:47:55,2018-11-30 17:00:03
Retrospect - Take You There (Official Videoclip),https://www.youtube.com/watch?v=tDssIX0dRNo,Scantraxx,2018-11-30 19:05:15,2018-11-30 16:00:06
MYST - Where I Shine (Official Audio),https://www.youtube.com/watch?v=vDnGqttcuP8,MYST,2018-12-03 14:49:58,2018-12-03 13:58:22
Gunz For Hire - Sicknezz (official videoclip),https://www.youtube.com/watch?v=yqShANT-szs,Gunz For Hire,2018-12-03 14:56:41,2018-12-03 13:00:07
Headhunterz & Sound Rush featuring Eurielle - Rescue Me,https://www.youtube.com/watch?v=FJhHiFb-yOA,Art of Creation,2018-12-03 15:14:06,2018-03-28 13:47:28
W&W x Darren Styles feat. Giin - Long Way Down (Da Tweekaz Remix),https://www.youtube.com/watch?v=u0qgj_FREHE,Da Tweekaz,2018-12-03 15:25:43,2018-11-29 18:00:05
BLXW x ilMago - I Will Survive Remix (Hardstyle),https://www.youtube.com/watch?v=A5eZEwNkyBM,Hardstyle Promotion,2018-12-03 19:08:12,2018-12-03 17:00:01
Phuture Noize - We Are The Future,https://www.youtube.com/watch?v=y9O4QCb2U3o,MY.Necron,2018-12-03 21:37:02,2018-06-12 11:30:48
Hands Up Freaks - This Dream Is Over,https://www.youtube.com/watch?v=WC4Tn7OKHdw,Zooland.TV,2018-12-05 13:50:03,2018-12-05 11:06:27
Ran-D - Nirvana (Official Videoclip),https://www.youtube.com/watch?v=XF45J-Gd9tQ,Ran-D,2018-12-06 13:20:40,2018-12-06 11:00:04
Phuture Noize - Edge of Glory | Official Video,https://www.youtube.com/watch?v=zelWdDJjavE,Q-dance,2018-12-06 13:31:45,2018-12-06 12:00:08
Phuture Noize - Hyperspace | Official Video,https://www.youtube.com/watch?v=qfefLsx-7WI,Q-dance,2018-12-06 13:34:06,2018-12-06 12:00:06
Galactixx ft. Weldon - Stronger In The End (Official 4K Videoclip),https://www.youtube.com/watch?v=ArGB-nLKYy4,Galactixx,2018-12-06 14:00:54,2018-12-06 13:47:50
Low-E & Zero Sanity - The Hunt,https://www.youtube.com/watch?v=YGbHXxgA7P8,Derailed Traxx,2018-12-06 14:05:07,2018-12-06 08:49:47
The Prophet & Sub Sonik - No Stopping Us! (Official 4k Videoclip),https://www.youtube.com/watch?v=Tga-qtRZwcE,Scantraxx,2018-12-06 19:32:17,2018-12-06 18:00:03
Phuture Noize & B-Front - The Solution (OUT NOW),https://www.youtube.com/watch?v=9eaL9Dkn61Y,Roughstate,2018-12-06 20:04:00,2018-11-14 11:00:02
Radical Redemption & D Sturb - Ride On Our Enemies (HQ Official),https://www.youtube.com/watch?v=tm73-0Pb3HI,Radical Redemption,2018-12-06 20:13:12,2018-11-02 12:00:07
Warface & Max Enforcer - Sundown (Original),https://www.youtube.com/watch?v=MJ0POzafzKE,Hardstyle Zone Music,2018-12-06 20:13:34,2018-11-28 00:46:23
Nosferatu & Ophidian - Eyes Closed To The Dark,https://www.youtube.com/watch?v=l87VXMOYCsw,Neophyte Records,2018-12-07 11:45:50,2018-12-06 15:00:05
Hardcharger vs. Aurora & Toxic - U,https://www.youtube.com/watch?v=10YvcdxUrAA,Zooland.TV,2018-12-07 11:48:36,2018-12-07 10:29:09
Christina Novelli & Attila Syah - This Is The Sound (Official Lyric Video),https://www.youtube.com/watch?v=nVB6xOvkTL4,2Dutch Music Group,2018-12-07 11:50:54,2018-12-07 09:27:36
Malua - Aurora,https://www.youtube.com/watch?v=ZD0atQVOhss,Scantraxx,2018-12-07 17:04:57,2018-05-09 14:50:02
Rawframez - I'm A Playa (Raw Hardstyle) | Videoclip,https://www.youtube.com/watch?v=VnuIqS6ZkEU,HardstyleUp2Datez [HU2Dz],2018-12-09 17:22:57,2018-12-09 16:00:01
Through the Years (2018) - S3RL & Zero-2 ft Yurino,https://www.youtube.com/watch?v=4GLngC0aTbs,S3RL,2018-12-10 18:41:02,2018-01-03 23:42:33
Beat all the Odds - S3RL ft Kitty & Lovely,https://www.youtube.com/watch?v=2P_KqFUEsDc,S3RL,2018-12-10 18:41:32,2018-08-01 23:43:34
Earth B♭ - S3RL ft Lexi,https://www.youtube.com/watch?v=95YLslorEHw,S3RL,2018-12-10 18:41:46,2018-09-05 23:38:20
It's This Again - S3RL ft Jamie-Rose,https://www.youtube.com/watch?v=ASW38HVbZls,S3RL,2018-12-10 18:42:26,2018-07-04 23:10:09
Darren Styles - The Dragon (Official Video),https://www.youtube.com/watch?v=Nws-fth5A6E,Dirty Workz,2018-12-10 18:45:07,2018-08-02 17:01:49
Dr. Peacock & Mr. Ivex – Forgotten Souls (Official Video),https://www.youtube.com/watch?v=Oe2pxnb6yVI,Dr. Peacock,2018-12-10 21:29:13,2018-12-10 20:47:33
Nightcore - Listen To Your Heart,https://www.youtube.com/watch?v=idExqcrXPlA,Maikel6311's Nightcore,2018-12-11 10:24:15,2018-12-10 22:49:34
Dr. Peacock & Andy The Core - We Control You (Official Video),https://www.youtube.com/watch?v=PTW-MWuQFX8,Dr. Peacock,2018-12-11 17:09:55,2018-12-11 17:09:02
Sub Zero Project - The XPRMNT (Official Video),https://www.youtube.com/watch?v=odTty6lOepo,Dirty Workz,2018-12-11 19:43:30,2018-04-19 16:51:52
Headhunterz - Path Of The Hunter,https://www.youtube.com/watch?v=ICzJvJpbALk,Art of Creation,2018-12-11 19:44:35,2018-03-28 13:47:42
Hard Driver - Thank Me Later (Official Audio),https://www.youtube.com/watch?v=Yotg9xlPTO0,Dirty Workz,2018-12-11 19:49:51,2018-12-11 17:49:30
Hypnose - Insomnia (Official Videoclip),https://www.youtube.com/watch?v=db8OVJ1NxIc,Scantraxx,2018-12-12 14:47:52,2018-12-12 14:00:07
Outsiders feat. MC GEE - W.A.F.O.,https://www.youtube.com/watch?v=Gn61_yxHIoI,ROQ 'N ROLLA Music,2018-12-12 14:52:36,2018-12-12 09:10:05
Nosferatu & Never Surrender - We Run This Shit,https://www.youtube.com/watch?v=vbchkSc1KoM,Neophyte Records,2018-12-13 16:31:06,2018-12-13 15:00:06
DJ Gollum feat. DJ Cap - Don't Look Back,https://www.youtube.com/watch?v=FcyRCHyCGRE,Zooland.TV,2018-12-13 16:31:26,2018-12-13 15:00:04
Zatox - Rock Da House ( 4k Videoclip ),https://www.youtube.com/watch?v=Aq74MQGsAtA,Zatox,2018-12-14 12:49:59,2018-12-13 17:59:45
Rät N FrikK & Billy The Kit - Zero Fucks Given (Lyric Video),https://www.youtube.com/watch?v=KjSdjEaNOlI,ROQ 'N ROLLA Music,2018-12-14 12:50:31,2018-12-14 09:00:36
Gareth Emery & Emma Hewitt - Take Everything,https://www.youtube.com/watch?v=k9CgRWKE8cs,Armada Music TV,2018-12-14 13:41:50,2018-12-14 12:00:05
Jesse Jax - The Virtual World (Official Video Clip),https://www.youtube.com/watch?v=RVoptHxjxjI,Dirty Workz,2018-12-14 13:54:58,2018-12-13 17:49:58
Crystal Lake - Message From Space (Official Video),https://www.youtube.com/watch?v=8eMoYcKn2jQ,Crystal Lake,2018-12-14 15:06:30,2018-12-14 14:24:41
Hardwell & Kaaze ft. Loren Allred - This Is Love (Strekzz Hardstyle Bootleg),https://www.youtube.com/watch?v=lNs3VSj2LQo,Hard Recordzz,2018-12-14 18:33:32,2018-12-14 17:33:26
Juliëx & Sjammienators - Ease My Mind,https://www.youtube.com/watch?v=oNQt-sjrezA,Uptempo Hardcore,2018-12-14 18:33:58,2018-12-14 17:28:16
Juliëx - Bodies To Be Buried,https://www.youtube.com/watch?v=KYah7BOiU8U,Uptempo Hardcore,2018-12-14 18:34:15,2018-12-14 17:27:28
Juliëx - Pump It Up,https://www.youtube.com/watch?v=3FBSy2rzTP4,Uptempo Hardcore,2018-12-14 18:34:29,2018-12-14 17:27:04
Nightcore - Underground Resistance [Basslovers United],https://www.youtube.com/watch?v=MsCFAEqne7A,CLuBLioNx,2018-12-15 21:10:24,2018-02-22 19:33:38
What is a DJ? - S3RL ft Jimni Cricket,https://www.youtube.com/watch?v=kR9dhvpBKhc,S3RL,2018-12-15 21:15:14,2018-05-03 00:30:02
Nosferatu & Sefa - Killer Beat,https://www.youtube.com/watch?v=s9i0Ms3dNzc,Neophyte Records,2018-12-17 16:26:31,2018-12-17 16:13:15
Deepack - Fly Away (Official Audio),https://www.youtube.com/watch?v=B5eLlw7trzc,Dirty Workz,2018-12-17 18:07:08,2018-12-17 18:00:01
Exproz - Make It Happen (PREMIERE) (MELODIC RAW) [MONKEY TEMPO],https://www.youtube.com/watch?v=BgLF1oJSIMc,RAW MONKEY,2018-12-17 18:15:16,2018-12-17 18:05:34
Dr. Peacock & Ohmboy - Trip to the Wild West (The Mastery & Serum Remix) (Official Video),https://www.youtube.com/watch?v=xdk68bBI1kM,Dr. Peacock,2018-12-17 18:43:26,2018-12-17 18:03:34
Jeipster - Unknown Experiments (Hardstyle) | HQ Videoclip,https://www.youtube.com/watch?v=cFVSYtheNuw,HardstyleUp2Datez [HU2Dz],2018-12-18 17:22:45,2018-12-18 17:00:04
Wasback & Maeva Carter - Fatal (feat. Drew Ryn) [Official Lyric Video],https://www.youtube.com/watch?v=qnhsWoUF-Do,Spinnin' Records,2018-12-18 17:25:01,2018-12-18 16:00:05
Wasted Penguinz - Wide Awake (Official Audio),https://www.youtube.com/watch?v=PXJHY34Ecsg,Dirty Workz,2018-12-18 17:31:34,2018-12-18 15:00:06
T.C.C. - The Reason,https://www.youtube.com/watch?v=_4uVlSubf0U,Theracords,2018-12-18 20:35:39,2018-06-14 16:30:00
Prefix & Density - Time Travel [OUT NOW],https://www.youtube.com/watch?v=Yy_5hJm5L94,Roughstate,2018-12-18 20:35:58,2018-01-31 11:00:02
Hypnose & Airtunes - Shaman (Official Videoclip),https://www.youtube.com/watch?v=j6LIiGkxiN0,Scantraxx,2018-12-18 20:36:31,2018-03-01 15:46:06
Jay Reeve - The Blackbird,https://www.youtube.com/watch?v=VL_DcMKM0qo,Lose Control Music,2018-12-18 20:36:46,2018-02-16 12:00:03
Rebourne - Split Second VIP,https://www.youtube.com/watch?v=5C7Y4yW0oDE,WE R Music,2018-12-18 20:48:51,2018-10-02 14:00:01
X-Pander - Lion,https://www.youtube.com/watch?v=9VViPhlZhKo,Scantraxx,2018-12-18 20:50:45,2018-04-25 13:55:38
Uncaged - Partystarter (Official Videoclip),https://www.youtube.com/watch?v=s8YqB6dODrc,Uncaged,2018-12-18 20:51:00,2018-06-18 15:36:11
The Overminds - First Mission (Cellrock Remix),https://www.youtube.com/watch?v=_3QMbfKgmrY,Theracords,2018-12-18 20:51:35,2018-11-07 15:00:08
Deepack - Other Half Of Me (Official Audio),https://www.youtube.com/watch?v=RDATza5vVJ4,Dirty Workz,2018-12-19 19:53:42,2018-12-19 18:00:02
Funkomaticz - Connected,https://www.youtube.com/watch?v=lbsIImxP_WQ,Derailed Traxx,2018-12-20 10:39:20,2018-12-20 08:28:00
Wasted Penguinz - Simulation (Official Audio),https://www.youtube.com/watch?v=Ju2TVuOExIw,Dirty Workz,2018-12-20 17:11:03,2018-12-20 15:00:04
Bass Modulators ft. Bram Boender - Who Wants To Live Forever (Official Video),https://www.youtube.com/watch?v=EAODPyXegAY,Q-dance,2018-12-21 13:14:19,2018-12-21 12:00:01
Thyron & Physika  - Time Of Your Life [GBD255],https://www.youtube.com/watch?v=w8Mb1ZWa2fw,Gearbox Digital,2018-12-21 15:05:57,2018-12-21 13:36:00
Just Be 2.0 - Technikore feat Emi,https://www.youtube.com/watch?v=YAFeJqJuNqA,Desuvi Music,2018-12-21 15:20:12,2018-12-21 14:55:30
Deepack - Be Alright (Official Audio),https://www.youtube.com/watch?v=Y25gE33tds0,Dirty Workz,2018-12-21 17:46:09,2018-12-21 17:00:04
Anything - Alaguan,https://www.youtube.com/watch?v=lYD4FzgcE3Q,Desuvi Music,2018-12-22 19:29:04,2018-12-22 18:30:01
Black Sense - Blow Away,https://www.youtube.com/watch?v=0FSrq-4uCTg,KeepItUpMusic,2018-12-23 15:46:41,2018-12-19 18:28:28
Stereotype - Out Of This World (Official Videoclip),https://www.youtube.com/watch?v=0Kv2kVIjGqs,Dogfight Rec,2018-12-23 18:00:18,2018-06-28 16:00:01
Empyre One - Dangerous (Cherry Inc. vs. Black Noize Remix),https://www.youtube.com/watch?v=ghlbGScQKWY,Zooland.TV,2018-12-24 08:49:34,2018-12-24 08:41:49
Bass Modulators - Warrior (Live at Defqon.1),https://www.youtube.com/watch?v=ijmTXXAidEg,Spirit Of Hardstyle,2018-12-24 09:06:59,2018-09-07 18:26:54
Darude - Sandstorm (Sub Sonik 2018 Remix),https://www.youtube.com/watch?v=XQS5qLkHH7g,Sub Sonik,2018-12-24 14:30:02,2018-12-24 13:15:41
Wasted Penguinz - Stranger Things (Official Audio),https://www.youtube.com/watch?v=C6n5bEOAEyw,Dirty Workz,2018-12-24 16:43:32,2018-12-24 15:00:00
Angerfist  - Critter (Official Video),https://www.youtube.com/watch?v=-Y3BiQF8xDg,Angerfist,2018-12-26 16:15:34,2018-12-26 15:58:15
Sound Rush - House Music,https://www.youtube.com/watch?v=UuSmEjXisV8,Sound Rush,2018-12-28 18:45:38,2018-12-28 17:44:54
Re-Style - Forever Young (ft Dune) (Official Videoclip),https://www.youtube.com/watch?v=-CRuq8HikPE,Re-Style,2018-12-30 12:15:49,2018-12-29 14:54:19
ANDY SVGE ft. Mark Vayne - Better Off Alone (Official Audio),https://www.youtube.com/watch?v=2qiT-IOlCTQ,WE R Music,2018-12-31 09:49:46,2018-12-10 14:00:00
Hot Butter - Popcorn Song (Malua Bootleg),https://www.youtube.com/watch?v=5E_n9WctSdE,Malua,2018-12-31 10:14:36,2018-02-08 18:05:51
Deepack - Answers Unknown (Official Audio),https://www.youtube.com/watch?v=9uk-jQ012es,Dirty Workz,2019-01-01 11:27:12,2018-12-31 18:00:00
Paul Elstak x Ransom x Boogshe – Flipside (Official Videoclip),https://www.youtube.com/watch?v=u9ZPQosyddo,Paul Elstak,2019-01-01 21:00:12,2018-11-30 11:00:15
Q-BASE 2018 | Sefa - The Future (BKJN OST),https://www.youtube.com/watch?v=Y2cOB_W9-W8,Q-dance,2019-01-03 05:46:34,2018-08-27 18:08:15
D-Fence & Deadly Guns - Wall Of Bass,https://www.youtube.com/watch?v=AceuH8AG7p0,Neophyte Records,2019-01-03 05:46:58,2018-04-05 08:40:06
AniMe & Deetox - Smash (Official Preview),https://www.youtube.com/watch?v=Qu0iTRmG-9o,DJ AniMe,2019-01-03 05:49:05,2018-04-26 14:56:55
Bloodfire - Redemption (A-Side),https://www.youtube.com/watch?v=mBNUBdpW2ZA,Dogfight Rec,2019-01-03 05:49:27,2018-06-07 16:00:09
KEIJI - Can't Wait [Free Release],https://www.youtube.com/watch?v=EchNMnt_Eqw,EuphoricHardStyleZ,2019-01-13 19:12:31,2018-12-11 22:40:40
Nickelback - If Today Was Your Last Day (Akidaraz Bootleg) (Hardstyle),https://www.youtube.com/watch?v=VAJaTJeux58,Hardstyle Promotion,2019-01-30 16:50:35,2018-11-28 20:00:03
D-Sturb feat. Nolz - Aiming For The Top (Official Supremacy 2018 anthem),https://www.youtube.com/watch?v=kMy4BGahvUc,Art of Dance,2019-02-04 19:38:50,2018-08-23 15:00:06
Rejecta - Followed [Official Preview],https://www.youtube.com/watch?v=0fhcBmUuotU,Rejecta,2019-02-04 19:39:31,2018-01-26 18:36:12
Dj Scofield - The Sky,https://www.youtube.com/watch?v=fX95RQU_rnE,Maciej Hardstaljowy,2019-03-06 10:20:00,2018-07-01 20:47:27
Crystal Lake - Chosen Ones (Official Video),https://www.youtube.com/watch?v=9n3mMdYvEV4,Dirty Workz,2019-03-06 16:20:07,2018-07-27 13:57:46
Phuture Noize - Circles And Squares (Official Video),https://www.youtube.com/watch?v=IxL5YoC-gQk,Q-dance,2019-03-06 20:03:06,2018-06-29 11:59:09
I Got Summer On My Mind - Remix,https://www.youtube.com/watch?v=IZkliCtzG1c,Mathew_258,2019-03-07 19:53:09,2018-01-04 16:49:35
"Harris & Ford feat. Addnfahrer - Hard, Style & Volksmusik",https://www.youtube.com/watch?v=q40S2qvGYSI,Harris & Ford,2019-03-08 16:57:12,2018-10-12 12:00:01
04. Unproven - Put The Record On [THE ALBUM],https://www.youtube.com/watch?v=q2m3fPPTrZI,Unproven,2019-03-28 07:31:49,2018-10-18 06:00:05
02. Unproven -  Gods Girl [THE ALBUM],https://www.youtube.com/watch?v=T7r8nPGRkeo,Unproven,2019-03-28 07:33:50,2018-10-18 06:00:00
Dee-Block & S-te-Pack - Blade Me Now (Hardwell Mashup),https://www.youtube.com/watch?v=rqSBrBk_oA4,FIELDZ,2019-04-01 03:41:31,2018-09-05 15:32:17
Zatox - Survive (official video clip),https://www.youtube.com/watch?v=GwmgrUsGcEU,Zatox,2019-04-06 20:11:34,2018-05-03 18:02:34
Robert Miles - Faded Children (Degos & Re-Done Bootleg) FREE RELEASE,https://www.youtube.com/watch?v=HqnRd4L6HA4,degosredone,2019-04-11 19:22:59,2018-07-05 16:34:19
Armin van Buuren - Blah Blah Blah (Brennan Heart & Toneshifterz Remix),https://www.youtube.com/watch?v=kdRNiIEGT1Q,Armin van Buuren,2019-04-17 13:21:14,2018-07-06 13:30:04
DJ Mad Dog - Laughing Loud,https://www.youtube.com/watch?v=euMWqq1kMwg,DJ MAD DOG,2019-04-20 20:39:16,2018-09-13 16:14:01
Cyclon - Messed Up (Sefa Remix),https://www.youtube.com/watch?v=7seCc2p3fsA,Sefa,2019-05-24 09:00:29,2018-03-16 16:00:01
Unproven - In My Mind (Bootleg),https://www.youtube.com/watch?v=E6jmUM3ZbFM,Uptempo Hardcore,2019-06-05 19:49:12,2018-08-15 08:15:05
Dr. Peacock & N-Vitral - Disorder (Official Video),https://www.youtube.com/watch?v=lVeMCNvV94Q,Dr. Peacock,2019-06-19 08:01:22,2018-12-06 16:00:07
Bulletproof & Partyraiser - Monster (Sefa Remix),https://www.youtube.com/watch?v=cgCFxzTgVZI,Partyraiser Recordings,2019-08-21 07:38:45,2018-08-02 16:45:00
4 Strings - Take Me Away (Darren Porter Remix),https://www.youtube.com/watch?v=kmjiUMs5EaA,DatDankGamer,2019-08-28 17:28:32,2018-04-18 15:47:04
Jebroer & Dr Phunk - Leven Na De Dood,https://www.youtube.com/watch?v=LTpJyTShHWw,ROQ 'N ROLLA Music,2019-10-18 18:13:54,2018-01-19 14:59:54
Vertex - Imagination,https://www.youtube.com/watch?v=IKTlfgkXozc,Vertex,2019-11-15 18:55:17,2018-11-07 14:39:03
Vertex - Breaking The Habit (Frenchcore),https://www.youtube.com/watch?v=PkOaQ_1-pqA,Frenchcore Hardcore,2019-12-09 17:59:14,2018-09-01 13:37:25
D-Charged - Lose Yourself (#SSL090),https://www.youtube.com/watch?v=kQlmT0jp6XY,Scantraxx,2019-12-21 17:27:14,2018-01-19 10:30:09
Sonique - Sky (Official Video),https://www.youtube.com/watch?v=HwRQ4Jd_SHk,Altra Moda Music,2020-01-01 23:06:55,2018-11-08 14:35:00
Darren Porter - Inertia,https://www.youtube.com/watch?v=kUhT1V-rYRs,Future Sound Of Egypt,2020-02-20 18:41:35,2018-10-08 18:00:03
Stian K - Be Alive! (Raaban Inc Remix),https://www.youtube.com/watch?v=sz518vcjOSs,Hands Up Generation,2020-03-16 16:45:59,2018-11-14 18:30:19
E-Force & Luna - Running The Streets,https://www.youtube.com/watch?v=u_VqhWb1jAg,E-Force,2020-03-21 08:00:27,2018-03-21 14:50:17
Just Can’t Get Enough,https://www.youtube.com/watch?v=e6ztG5kjUZo,Black Eyed Peas - Topic,2020-04-26 17:00:58,2018-07-23 17:24:48
Wonders (Radio Edit),https://www.youtube.com/watch?v=G4JjK5vK1lI,Korsakoff - Topic,2020-05-01 16:17:10,2018-08-22 19:56:13
Mirrors (Radio Edit),https://www.youtube.com/watch?v=reKkF5oT0cs,Empyre One - Topic,2020-05-11 19:45:07,2018-06-20 06:48:57
I've Got the Key (Radio Edit),https://www.youtube.com/watch?v=fVb6PoLgOvw,DJ Gollum - Topic,2020-05-11 21:09:51,2018-06-22 22:05:43
Like a Prayer (Cascada Radio Edit),https://www.youtube.com/watch?v=uIpD3kpUb6A,Manian - Topic,2020-05-11 21:19:51,2018-07-09 13:23:07
I can´t dance (Short Club Mix),https://www.youtube.com/watch?v=hodlshhNFQo,Basslovers - Topic,2020-05-18 09:54:08,2018-06-26 02:31:35
Highway To Disco (Empyre One Radio Edit),https://www.youtube.com/watch?v=SIlr-8AndOA,Dave Santo - Topic,2020-05-19 19:41:41,2018-06-17 12:08:24
Lost in the Discotheque (Radio Edit),https://www.youtube.com/watch?v=6Ovsg4Eq5-0,Empyre One - Topic,2020-05-20 13:28:19,2018-06-22 20:44:23
Seaside Clubbers and Roman Jauk - Unendlichkeit (Timster & Ninth Remix Edit),https://www.youtube.com/watch?v=5tARs6l-tfE,Hands Up Generation,2020-05-20 19:25:29,2018-08-17 16:19:06
Bad Blood,https://www.youtube.com/watch?v=d2_FwIIQvWQ,Taylor Swift - Topic,2020-05-25 08:08:02,2018-11-21 08:34:33
HARDSTYLE ◉ Lady Faith - PLUR [Harsh Records],https://www.youtube.com/watch?v=S2fd_r77_NY,Harsh Records,2020-06-01 08:57:20,2018-05-15 21:04:03
Like Flames (Pulsedriver Edit),https://www.youtube.com/watch?v=naIQWB_Y9FI,Twenty 4 Seven - Topic,2020-06-02 08:10:41,2018-06-14 19:44:53
D-tune - Around The World (Radio Edit),https://www.youtube.com/watch?v=ARGv53qiI4c,Hands Up Generation,2020-06-07 12:04:37,2018-02-10 18:30:39
Unproven - Demons,https://www.youtube.com/watch?v=vhM4oW9uCPk,Unproven,2020-06-08 10:31:28,2018-12-03 06:58:34
Freedom (Sunset Project Radio Mix),https://www.youtube.com/watch?v=nbjol6VnJtY,Beatbreaker - Topic,2020-06-09 12:01:08,2018-07-05 15:37:39
FiNCH - ABFAHRT (prod. Dasmo & Mania Music),https://www.youtube.com/watch?v=bfVK9z7BlUM,FiNCH,2020-06-11 06:55:30,2018-12-14 11:00:05
DJ Cap feat. Scarlet - Thinking Of You (Phillerz Radio Edit),https://www.youtube.com/watch?v=mlx_4CdsGCs,Hands Up Generation,2020-06-13 12:20:33,2018-08-11 18:00:04
Harris & Ford - Ein Tag Unendlichkeit (Hardstyle),https://www.youtube.com/watch?v=PWw_8I2J4gw,Harris & Ford,2020-06-16 18:00:30,2018-07-20 09:25:32
I've Got the Love (Radio Edit),https://www.youtube.com/watch?v=H08PHGauf8s,DJ Fait - Topic,2020-06-19 07:47:42,2018-06-09 06:46:23
Masterboy & Beatrix Delgado - Are You Ready (We Love the 90s) [2018],https://www.youtube.com/watch?v=XxcsAs_vLb0,Masterboy,2020-06-23 15:20:41,2018-04-17 15:01:22
Get on the Floor (Radio Edit),https://www.youtube.com/watch?v=NxBdIOymiNI,DJ Gollum - Topic,2020-06-28 15:43:30,2018-06-20 04:32:09
Freak Girl (Dan Winter Remix),https://www.youtube.com/watch?v=_pkp3pRxa9M,CvB - Topic,2020-07-01 17:33:06,2018-06-23 17:31:18
Sometimes My Heart (Radio Edit),https://www.youtube.com/watch?v=T2jO0kP2LFY,DJ Da Rock - Topic,2020-07-26 19:02:25,2018-06-14 05:01:51
My Radio (Radio Edit),https://www.youtube.com/watch?v=ugNHs4UQAik,Empyre One - Topic,2020-07-27 15:24:02,2018-06-20 06:12:56
korsakoff fightr,https://www.youtube.com/watch?v=3EzWky2hfNg,Rocky Yamaha,2020-08-04 04:53:12,2018-12-01 09:49:27
Raver Raver Raver (S3RL Remix),https://www.youtube.com/watch?v=dmkVmRCjuGA,EFM-7 - Topic,2020-08-28 18:49:42,2018-08-10 18:39:51
Mirror Of My Memory (feat. Elles De Graaf),https://www.youtube.com/watch?v=UykmpYYexMU,Priority Q - Topic,2020-09-14 17:28:10,2018-03-15 15:16:17
Stan,https://www.youtube.com/watch?v=HIqQ0PfuPo8,Eminem - Topic,2020-09-14 17:32:20,2018-07-31 11:57:42
Giorno & Critical Strikez vs. Sun Kidz - Bros (Official Video),https://www.youtube.com/watch?v=zAUJTz9qx2g,You Love Dance.TV,2020-09-15 08:07:05,2018-09-14 07:00:05
Nick Kingswell - Summer Snow (Rocco Remix),https://www.youtube.com/watch?v=irlWAZ53gKA,Hands Up Generation,2020-09-15 08:08:38,2018-02-14 18:03:26
Basic Element - Leave It Behind (Eurodance Remix),https://www.youtube.com/watch?v=BCch_MHhd2E,Gjefs,2020-10-04 16:16:45,2018-12-17 00:06:19
Advertising Space (Extended Mix),https://www.youtube.com/watch?v=wuPcYSw2E5w,DJ Gollum - Topic,2020-11-04 05:26:17,2018-06-20 04:33:48
Andreas Gabalier - Hallihallo (Harris & Ford Remix),https://www.youtube.com/watch?v=dZr_eSsBRZs,Harris & Ford,2020-11-05 15:44:34,2018-11-08 20:01:30
Wat Zullen We Drinken (Koningsdag DJ Tool),https://www.youtube.com/watch?v=fLzLaS0jse4,Sefa - Topic,2020-11-07 13:33:19,2018-08-08 01:07:55
Greazy Puzzy Fuckerz & Mind Compressor - Spaghetti Love,https://www.youtube.com/watch?v=-XLXr2bAMKo,Uptempo Hardcore,2020-11-15 08:14:09,2018-04-01 12:40:35
Because of You (Original Mix),https://www.youtube.com/watch?v=2pLhzPJcG4Q,DJ Fait - Topic,2020-12-25 15:22:54,2018-06-09 13:35:39
DJ Dean - It's a Dream (DJ Manian Vs. Yanou Extended Vocal Mix),https://www.youtube.com/watch?v=_E28r-bmLh8,Hands Up Generation,2021-01-08 17:29:48,2018-05-22 16:44:22
Heaven (Bootleg Mix),https://www.youtube.com/watch?v=XxJGl8ixZVU,Manian - Topic,2021-01-08 18:24:40,2018-07-03 15:47:38
Azurity - Leave The World (Official HQ Preview),https://www.youtube.com/watch?v=7sOpT65YL9E,VNTG Records,2021-02-20 19:34:02,2018-12-06 23:59:31
Julia Buchner - Für Immer Und Jetzt (DJ Restlezz vs. Chris Diver Remix Edit),https://www.youtube.com/watch?v=4Ck6GeuCyQs,DJ Restlezz,2021-04-02 17:33:00,2018-03-01 16:53:51
Base Attack - Nobody Listen To Techno,https://www.youtube.com/watch?v=dybFzWjfHrY,Zooland.TV,2021-05-12 06:35:11,2018-11-26 12:30:02
Flying High (Dj Splash Speed Remix),https://www.youtube.com/watch?v=TTzjzATDCzU,DCX - Topic,2021-05-12 06:39:08,2018-08-07 23:53:00
Valido - A New Dream,https://www.youtube.com/watch?v=rnVou_eJzpc,Theracords,2021-06-13 13:36:58,2018-07-12 07:00:03
Retaliation feat. Lhoraine S - Fire,https://www.youtube.com/watch?v=U-7o6bkpa9U,Theracords,2021-06-13 13:47:32,2018-07-04 14:28:18
Pandora 2012 (Extended Mix),https://www.youtube.com/watch?v=aedShrJrLgw,ItaloBrothers - Topic,2021-06-17 11:16:11,2018-07-08 15:48:24
Keine wie Du (Keine wie unsere Radio Edit),https://www.youtube.com/watch?v=fjy_79V4FU8,Robkay - Topic,2021-06-25 09:19:23,2018-06-09 12:48:16
Turn Around (Sioux Remote Mix),https://www.youtube.com/watch?v=OpNp3-1gXjE,Sioux Deejays - Topic,2021-07-09 19:27:13,2018-07-09 15:32:39
The Reason Is You (Tranceformer Extended Mix),https://www.youtube.com/watch?v=NO7kPnALE4A,Nina - Topic,2021-08-03 07:56:30,2018-06-21 05:33:36
Waves (Original),https://www.youtube.com/watch?v=3becyddcmQI,Ambassador Inc. - Topic,2021-08-06 14:10:32,2018-08-11 03:56:15
"Alphazone ""Flashback"" (Original Club Mix)",https://www.youtube.com/watch?v=6s5kpiD9MUw,Alphazone - Topic,2021-10-05 08:04:53,2018-04-30 11:00:03
Reloaded,https://www.youtube.com/watch?v=lCP5ef5aacs,Jim Noizer - Topic,2021-10-06 18:51:28,2018-06-15 12:32:48
Tell Me Where You Are (Empyre One Remix),https://www.youtube.com/watch?v=jyeF6w6b14U,A2B feat. Fara - Topic,2021-11-22 09:24:30,2018-06-20 03:22:54
Breathing (AlejZ Remix),https://www.youtube.com/watch?v=E6H69Xm2-ho,Sashman - Topic,2021-12-06 00:43:30,2018-04-19 10:00:10
Black Velvet (Gollum vs Jan Wayne Remix),https://www.youtube.com/watch?v=BtvWK-4Q4fU,Gorgeous X - Topic,2021-12-06 00:45:47,2018-07-09 17:37:41
Wherever You Will Go (Handz Up Edit),https://www.youtube.com/watch?v=Nrq4hNAUus8,Jan Wayne - Topic,2021-12-26 09:49:15,2018-07-02 01:16:46
Ella Elle L A (Radio Version),https://www.youtube.com/watch?v=jqw4g3QaHWY,Kate Ryan - Topic,2022-01-06 20:46:04,2018-09-16 11:38:19
If I Were You (Original Mix),https://www.youtube.com/watch?v=MhKmBsUkQ3Q,Mark Breeze - Topic,2022-01-14 14:25:39,2018-08-11 10:03:46
Omegatypez - Wanna Feel (Faizar Remix) [HQ Edit],https://www.youtube.com/watch?v=PjpuJvOlN3M,EuphoricHardStyleZ,2022-01-14 15:45:16,2018-05-24 21:29:03
Blast thet Shit (The Machine Remix),https://www.youtube.com/watch?v=AbXEFx9k1xA,Various Artists - Topic,2022-01-14 15:45:32,2018-06-14 08:42:49
Schrei nach Liebe (Harris & Ford Remix) / Die Ärzte Cover,https://www.youtube.com/watch?v=_i4bs2liXB4,Harris & Ford,2022-02-16 18:52:14,2018-09-06 10:31:26
Taking Drugs? (Original Mix),https://www.youtube.com/watch?v=kxKo0zEC6R0,Scott Brown - Topic,2022-03-13 11:35:43,2018-08-11 08:07:01
Neckbreaker (Original Mix),https://www.youtube.com/watch?v=sykSK4J3NjY,Plus System - Topic,2022-03-13 12:05:15,2018-08-11 01:21:41
This Is How We Do It (Intro Mix),https://www.youtube.com/watch?v=OWw_7KnQgIM,Plus System - Topic,2022-03-13 13:06:12,2018-08-10 21:24:16
Flashlight,https://www.youtube.com/watch?v=MdzK7bfntvI,Darren Styles - Topic,2022-03-14 12:44:49,2018-08-14 19:00:15
Show Me The Sunshine,https://www.youtube.com/watch?v=iOsR0F6tOIA,Darren Styles - Topic,2022-03-14 13:48:40,2018-08-14 19:00:58
Feel The Rhythm (Original),https://www.youtube.com/watch?v=kBf-GPs9D_Q,Psyko Punkz - Topic,2022-03-18 11:11:04,2018-08-11 06:24:52
Brennan Heart - Fuelled by Fanatics (Official Decibel Outdoor 2018 Anthem),https://www.youtube.com/watch?v=Y-4TErG4QlM,I AM HARDSTYLE,2022-03-18 11:25:04,2018-07-05 15:14:32
Die Show beginnt,https://www.youtube.com/watch?v=PQWfz1R1iVI,Rob & Chris - Topic,2022-03-18 11:26:16,2018-06-19 18:08:00
Help 4 Japan (Raindropz! Sunshine Remix),https://www.youtube.com/watch?v=_o9D7y4QHWU,United Dance Allstars - Topic,2022-03-18 11:30:07,2018-08-11 04:37:08
I WIll Believe (Cascada Remix),https://www.youtube.com/watch?v=WCQCxmcgL7k,Siria - Topic,2022-03-18 15:07:19,2018-08-16 23:26:40
Hyrule War - Frenchcore Survivor,https://www.youtube.com/watch?v=rtQUFWeMvEo,Uptempo Hardcore,2022-04-16 07:08:40,2018-10-29 19:39:09
Et Uus Saaks Alguse (Estonian Eurovision Entry 2013),https://www.youtube.com/watch?v=oY98nV0MnUI,Birgit - Topic,2022-04-18 20:16:49,2018-06-27 15:53:12
On Fire (Hixxy Mix),https://www.youtube.com/watch?v=sfQG98Pxoj8,Dreadhed - Topic,2022-06-10 08:30:52,2018-08-11 00:13:05
Wasted Penguinz - Not That Easy (Official Audio),https://www.youtube.com/watch?v=k7n5vmizuiU,Dirty Workz,2022-07-05 14:44:13,2018-12-22 15:00:09
Because of You (Original Mix),https://www.youtube.com/watch?v=mOiT9klhi6M,DJ Fait - Topic,2022-09-17 11:37:29,2018-06-09 08:32:44
Raumpatrouille (25 Style Remix),https://www.youtube.com/watch?v=Sp_t1o02Y3o,Disco Cell - Topic,2022-10-04 13:15:57,2018-06-09 08:33:00
Spring (Gith Remix),https://www.youtube.com/watch?v=oD8Q2Bdgbos,Mike Nero - Topic,2022-10-04 18:34:29,2018-06-09 08:33:19
Reach For The Sky (Original Mix),https://www.youtube.com/watch?v=DLw94RfPj9A,Various Artists - Topic,2022-10-11 19:23:59,2018-08-16 23:53:52
Blasco ft. Anklebreaker - It Must Be (Official Audio),https://www.youtube.com/watch?v=FoqJQ4KyLoY,Dirty Workz,2022-10-11 19:24:34,2018-06-07 16:57:06
Lonely (feat. Nana) (Empyre One Ext. Remix),https://www.youtube.com/watch?v=3tlSzyPk_Rk,Movetown - Topic,2022-10-11 19:30:59,2018-06-14 07:30:48
One More Chance (Phillerz Radio Edit),https://www.youtube.com/watch?v=AQrQ11PG6wE,DJ Cap - Topic,2022-10-11 19:36:56,2018-06-20 23:29:12
Spaghetti Love (300BPM Bazz Boozted Remix),https://www.youtube.com/watch?v=JtWsVWlUiSQ,Greazy Puzzy Fuckerz - Topic,2022-12-07 10:29:20,2018-12-24 10:20:32
The Pitcher - Who I Wanna Be [Fusion 178],https://www.youtube.com/watch?v=eI0ctq7S6zI,Fusion Records,2023-06-28 16:59:02,2018-06-06 01:00:03
Milky Way,https://www.youtube.com/watch?v=sZyvsbt_mBU,Solar Patrol - Topic,2023-07-07 15:25:22,2018-06-14 14:32:55
D-Charged - Brighter Lights,https://www.youtube.com/watch?v=DAh_9jHU1lo,Scantraxx,2023-07-20 12:51:30,2018-06-27 13:59:28
