Deepack - Scars (Official Audio),https://www.youtube.com/watch?v=x_dZU7SVK9o,Dirty Workz,2019-01-02 18:08:53,2019-01-02 18:00:10
DJ Gollum - I'm A Passenger (Godlike Music Port Remix),https://www.youtube.com/watch?v=R2RqlbvAZh4,Zooland.TV,2019-01-03 10:16:15,2019-01-03 09:52:39
Skip Marley - Lions (Gunz for Hire Bootleg) [FREE DOWNLOAD],https://www.youtube.com/watch?v=vLD-DSXvZaE,Gunz For Hire,2019-01-03 12:34:48,2019-01-03 11:57:47
D-Sturb & High Voltage - Universe (Official Videoclip),https://www.youtube.com/watch?v=x2m2Jy8_424,D-Sturb,2019-01-03 18:08:11,2019-01-03 17:56:12
Elysiums - Never Let Go [GBE070],https://www.youtube.com/watch?v=J7mkU0cJvmU,Gearbox Digital,2019-01-03 18:09:05,2019-01-03 17:28:41
Deepack - Time Travellers (Official Audio),https://www.youtube.com/watch?v=ATbDlSrCkQU,Dirty Workz,2019-01-04 16:13:53,2019-01-04 13:00:02
Juanma - Back to Life (Video Clip),https://www.youtube.com/watch?v=ujYUJq8OJRk,Ash Williams,2019-01-06 11:22:46,2019-01-04 22:17:59
Sound Rush - Take It All,https://www.youtube.com/watch?v=B2DH7wkzhno,Art of Creation,2019-01-07 15:55:05,2019-01-07 15:11:41
Artifact - Aftermath (Official Videoclip),https://www.youtube.com/watch?v=0UjrpFv-GKI,End of Line Recordings,2019-01-08 14:21:26,2019-01-08 14:00:01
Serenity & Spyer feat. Tevin - Rokk The Floor,https://www.youtube.com/watch?v=3Pu1J2VJjlg,Zooland.TV,2019-01-09 13:06:10,2019-01-09 11:00:00
Assazin - Wanted Man (PREMIERE) (XTRA RAW) [MONKEY TEMPO],https://www.youtube.com/watch?v=Ptw4uWf-u-A,RAW MONKEY,2019-01-09 18:18:50,2019-01-09 17:25:36
Dougal x Mike Reverie - Supercharged (Official Audio),https://www.youtube.com/watch?v=HIaM06YkTQg,Dirty Workz,2019-01-09 18:35:01,2019-01-09 17:47:59
Stormerz - We Are The Universe [HQ Edit],https://www.youtube.com/watch?v=WI2Rh-WN16U,EuphoricHardStyleZ,2019-01-09 19:26:25,2019-01-09 18:35:51
Abel Romez - Wasted (Basslouder Remix Video Edit),https://www.youtube.com/watch?v=dNI28fWlxkc,Hands Up Generation,2019-01-09 19:26:58,2019-01-09 18:15:09
Caine & Deimos - Together (Caine 2018 Remix) (OFFICIAL CLIP),https://www.youtube.com/watch?v=suGNUtiZqrE,CaineHardstyle,2019-01-10 17:29:34,2019-01-10 16:44:00
Alyon Feat Ruffian & Lytbryt - Move On (Official Video) (Hardstyle),https://www.youtube.com/watch?v=8f3rr0C3Rns,Hardstyle Promotion,2019-01-11 19:49:19,2019-01-11 17:30:46
B2A & Anklebreaker - When I Held Ya ft. Julia Westlin (Hardstyle) | Official Videoclip,https://www.youtube.com/watch?v=EfWARXtInhw,HardstyleUp2Datez [HU2Dz],2019-01-11 19:54:09,2019-01-11 16:58:16
Ecstatic ft. MC DL - Change The Game (Official Audio),https://www.youtube.com/watch?v=pBuiNapJUi8,Dirty Workz,2019-01-17 15:43:26,2019-01-15 17:38:15
Nick Novity - Time Flies,https://www.youtube.com/watch?v=SCcqiULq5ms,Scantraxx Prospexx,2019-01-17 16:02:16,2019-01-17 15:00:05
Reigin - Dreaming (Oldschool Hardstyle) | Official Music Videoclip,https://www.youtube.com/watch?v=yulJ35Vnl7w,HardstyleUp2Datez [HU2Dz],2019-01-18 18:12:55,2019-01-18 16:57:45
Partyraiser & Dr. Peacock - Operation: Core (Official Anthem),https://www.youtube.com/watch?v=N-RlG7l5ris,Dr. Peacock,2019-01-18 18:31:54,2019-01-18 17:31:02
Helix & Hardstyle Pianist feat.  Elyn - Liberty [Fusion 399],https://www.youtube.com/watch?v=9RAfjr9hIuU,Fusion Records,2019-01-18 19:46:39,2019-01-18 19:24:41
HardBeast - i Will love You 2k19 (Hardstyle),https://www.youtube.com/watch?v=AvYjT9iR4VY,Hardstyle Promotion,2019-01-19 20:48:32,2019-01-19 20:04:23
The Hitmen - Like I Love You (Jinpachi Futushimo Bootleg),https://www.youtube.com/watch?v=o0ldEazPiAk,JinpachiFutushimo,2019-01-22 16:15:42,2019-01-22 11:04:44
Michael Jackson - Earth Song (BAQ Bootleg),https://www.youtube.com/watch?v=gY42yn_nDIE,Hardstyle Promotion,2019-01-23 15:12:59,2019-01-22 20:22:04
Wildstylez & E-Life - Run With The Wolves (Official Videoclip),https://www.youtube.com/watch?v=ftRTkqq8XKU,Art of Creation,2019-01-23 16:21:36,2019-01-22 19:00:01
Da Tweekaz & Refuzion - Because Of You (Official Video Clip),https://www.youtube.com/watch?v=jgj0qbMgxNc,Dirty Workz,2019-01-23 16:55:42,2019-01-22 17:51:20
Miss K8 - Up In Smoke,https://www.youtube.com/watch?v=oBJijfLsTgc,Miss K8,2019-01-23 17:27:43,2019-01-23 15:57:47
Ecstatic - Lullaby (Official Audio),https://www.youtube.com/watch?v=9wtZ7Mc_X20,Dirty Workz,2019-01-23 17:28:11,2019-01-23 15:00:04
Miss K8 - The Poison (N-Vitral Remix),https://www.youtube.com/watch?v=KlV8JV-hJDA,Miss K8,2019-01-23 19:42:20,2019-01-23 17:57:46
RVAGE - The Endless (Official Videoclip),https://www.youtube.com/watch?v=DKDGZTyqgy8,Scantraxx,2019-01-23 19:49:36,2019-01-23 17:58:45
Bright Visions - Two Clips (Hardstyle) | HQ Videoclip,https://www.youtube.com/watch?v=qH_5uVtGO3w,HardstyleUp2Datez [HU2Dz],2019-01-23 20:03:48,2019-01-23 16:28:11
Tronix DJ - Every Night,https://www.youtube.com/watch?v=cSwA5ExuVPU,Zooland.TV,2019-01-26 16:42:50,2019-01-26 15:00:05
Sephyx ft. Syren - Breathe Hardstyle (Official Video),https://www.youtube.com/watch?v=sFUdAKxe34c,Dirty Workz,2019-01-30 14:47:45,2019-01-29 17:50:54
Dr. Rude & Alee - It's On (Official Video),https://www.youtube.com/watch?v=IwTY1rf92Tw,Dirty Workz,2019-01-30 19:18:24,2019-01-30 18:00:02
Adrenalize - Groove Right Now,https://www.youtube.com/watch?v=mio88M33kwI,Scantraxx,2019-01-31 19:40:38,2019-01-31 18:00:05
Sub Zero Project ft. Christina Novelli - The Contagion (Official Video),https://www.youtube.com/watch?v=Hu0cRyUwMfI,Dirty Workz,2019-01-31 19:41:38,2019-01-31 17:50:13
TCM - Escape (Hardstyle) | Official Videoclip,https://www.youtube.com/watch?v=gWbyZdnK4jg,HardstyleUp2Datez [HU2Dz],2019-02-01 17:56:03,2019-02-01 16:57:43
Gigi DAgostino - LAmour Toujours (Antergy Bootleg) (Hardstyle),https://www.youtube.com/watch?v=990H0FXLheE,Hardstyle Promotion,2019-02-01 18:00:53,2019-02-01 17:00:01
Black & White - Open Your Eyes (Commercial Club Crew Bootleg Mix Edit),https://www.youtube.com/watch?v=O_0jRhZY6_M,Hands Up Generation,2019-02-03 09:06:19,2019-02-01 21:07:04
Scooter – Move Your Ass! (Noisecontrollers Remix) (Tour Recap),https://www.youtube.com/watch?v=QU2KuyP6H-E,Scooter,2019-02-04 06:14:17,2019-02-01 15:00:04
Refuzion - You & I (Official Video),https://www.youtube.com/watch?v=Yt5XsvhWcNM,Dirty Workz,2019-02-04 20:06:51,2019-02-04 17:52:55
The Perfect Rave - S3RL ft Krystal,https://www.youtube.com/watch?v=04YEX7LYkdM,S3RL,2019-02-07 14:10:27,2019-02-06 23:41:54
Solstice ft. Elizsabeth - Wake Me Up (Official Videoclip),https://www.youtube.com/watch?v=E0MLriewpbc,Scantraxx,2019-02-07 14:43:02,2019-02-06 17:58:45
DJ Mad Dog & Tha Playah - Embrace The Fire,https://www.youtube.com/watch?v=YTFiCgbs-Xs,Tha Playah,2019-02-07 20:40:30,2019-02-07 20:32:22
Degos & Re-Done - Blinded (Official Videoclip),https://www.youtube.com/watch?v=wiLQfN1VkkA,degosredone,2019-02-07 20:52:04,2019-02-07 18:25:15
SweClubberz - Burst of Light (Hardstyle) | HQ Videoclip,https://www.youtube.com/watch?v=SKcSsaI4qxU,HardstyleUp2Datez [HU2Dz],2019-02-08 18:44:26,2019-02-08 16:58:47
Udex - Dimensions | Official Video,https://www.youtube.com/watch?v=Uf5hwJgiS5g,Heart for Hard,2019-02-08 20:17:21,2019-01-29 15:48:30
Jack Of Sound & RVAGE - New Sound (Official Audio),https://www.youtube.com/watch?v=s_greeS_DXU,Scantraxx,2019-02-09 09:27:59,2019-02-08 19:10:43
Training to be Soldiers (2019 Hardstyle Edit),https://www.youtube.com/watch?v=64soaLIvEMA,FallenSuperheroSG,2019-02-09 09:52:23,2019-02-09 08:28:37
Rival x Cadmium - Thinking About You Ft. Johnning (Stylar Hardstyle Bootleg) | HQ Videoclip,https://www.youtube.com/watch?v=HJC5iTxahHI,HardstyleUp2Datez [HU2Dz],2019-02-09 14:18:44,2019-02-09 14:00:01
Robin Schulz ft  Erika Sirola - Speechless (PRDX Bootleg) (Hardstyle),https://www.youtube.com/watch?v=MpR8aoxYXL8,Hardstyle Promotion,2019-02-11 19:27:29,2019-02-11 17:00:04
Zatox - Animals (Official VideoClip),https://www.youtube.com/watch?v=eTn6z-T1uLM,Zatox,2019-02-12 17:17:47,2019-02-12 16:58:44
D-Block & S-te-Fan - Forthenite,https://www.youtube.com/watch?v=kJ_Fiqa6w0A,D-Block & S-te-Fan (DBSTF),2019-02-15 10:04:49,2019-02-14 17:05:24
Beachbag – Set It Off (Official Video HD),https://www.youtube.com/watch?v=t4CYjk2gAs0,Kontor.TV,2019-02-15 15:10:54,2019-02-15 14:11:28
san holo Λ i still see your face (atmozfears remix),https://www.youtube.com/watch?v=zYrCwhXsGEM,ATMOZFEARS,2019-02-16 14:46:14,2019-02-14 18:48:42
Sjammienators & Barber - The Opera (Video Clip),https://www.youtube.com/watch?v=BT5e2c27dac,Ash Williams,2019-02-17 08:32:15,2019-02-17 05:58:13
Toneshifterz - Reloaded (Official Videoclip),https://www.youtube.com/watch?v=AWN0j-4tn1o,Toneshifterz,2019-02-20 15:20:19,2019-02-19 18:01:24
Mandy - High Tonight (Official Video),https://www.youtube.com/watch?v=C-haWXG5sBo,Dirty Workz,2019-02-20 15:21:18,2019-02-19 17:44:46
Sound Rush ft. Michael Jo - Breakaway (Official Videoclip),https://www.youtube.com/watch?v=i-x2E8LTg3M,Art of Creation,2019-02-20 15:23:39,2019-02-19 16:00:04
The Strangerz - Rock N Rolla (Official Audio),https://www.youtube.com/watch?v=r-6zo6iJvBE,Dirty Workz,2019-02-20 15:29:20,2019-02-19 15:03:49
Envine ft. Nino Lucarelli - We Are Forever (Official Videoclip),https://www.youtube.com/watch?v=Tns8QQca6jE,Scantraxx,2019-02-20 20:11:06,2019-02-20 18:00:01
Tweekacore ft. Emelie Cyréus - Parallel Universe (Official Video),https://www.youtube.com/watch?v=MzUr8R9ozeU,Dirty Workz,2019-02-20 20:13:50,2019-02-20 17:50:50
Ti-Mo - Stay (Da Tweekaz Remix) (Official Video),https://www.youtube.com/watch?v=sd-KE4lW7J4,Da Tweekaz,2019-02-22 16:45:07,2019-02-22 10:59:58
Psyko Punkz - Victorious (Official Video),https://www.youtube.com/watch?v=D2e64eGDsgw,Dirty Workz,2019-02-22 17:24:56,2019-02-21 17:43:02
Unproven - Shatter Me [FREE RELEASE],https://www.youtube.com/watch?v=7Pv3eTY4ufw,Unproven,2019-02-24 09:41:57,2019-01-22 19:00:01
Groove Coverage - Million Tears (Fallen Superhero Hardstyle Bootleg),https://www.youtube.com/watch?v=HgmhYPGq-AI,FallenSuperheroSG,2019-02-24 09:43:53,2019-02-24 05:37:17
Bebe Rexha - Last Hurrah [Official Music Video],https://www.youtube.com/watch?v=fTNnwzXrVdg,Bebe Rexha,2019-02-24 12:04:59,2019-02-21 15:58:13
Sghenny - Let Me Now (Frenchcore),https://www.youtube.com/watch?v=bEtyYi-soSc,Frenchcore Hardcore,2019-02-24 20:07:53,2019-02-24 18:39:37
Never Surrender - Smashing,https://www.youtube.com/watch?v=X_aQhfgWiUw,Neophyte Records,2019-02-28 11:22:25,2019-02-28 11:00:05
Ruelle - Up In Flames (D-Attack Hardstyle Bootleg) | HQ Lyric Videoclip,https://www.youtube.com/watch?v=O3iDAXmrRjE,HardstyleUp2Datez [HU2Dz],2019-02-28 18:56:18,2019-02-28 17:00:02
W&W ft. Kizuna AI - The Light (Official Music Video),https://www.youtube.com/watch?v=YtU_sb4jYE8,W&W,2019-03-01 12:36:00,2019-03-01 10:57:46
Anjulie - God Complex (Official Music Video),https://www.youtube.com/watch?v=xnJ9j6lC6Bo,Spinnin' Records,2019-03-01 13:22:07,2019-03-01 13:00:14
Hard Driver ft. Dani Omega - Till The End (Official Video),https://www.youtube.com/watch?v=ReOZ7AJSS4E,Dirty Workz,2019-03-01 15:26:33,2019-03-01 14:59:40
AALYX & Frenzy - Echoes,https://www.youtube.com/watch?v=hCFoE_UuQ6E,Nareku,2019-03-03 09:47:07,2019-03-02 17:30:52
Serenity & Spyer feat. Tevin - Rokk The Floor (Empyre One Remix),https://www.youtube.com/watch?v=9QM4wJzCJcU,Zooland.TV,2019-03-04 16:30:46,2019-01-11 12:00:00
Stonebank - Ripped To Pieces (Septum Frenchcore Edit),https://www.youtube.com/watch?v=VbsB74qOuXk,Nareku,2019-03-05 12:25:01,2019-03-04 17:58:23
D-Block & S-te-Fan & Sub Zero Project - Darkest Hour (The Clock) (Official Video),https://www.youtube.com/watch?v=bs5aLFn7GTo,Dirty Workz,2019-03-05 12:25:23,2019-03-04 17:47:27
Jekyll & Tom Revolution - Are You Ready (Sloperij Janssen @ Defqon.1 2018),https://www.youtube.com/watch?v=uvYYdDu-TWw,Simon Zumbrunn,2019-03-05 19:33:50,2019-01-02 16:42:38
Unproven - Angel With A Shotgun,https://www.youtube.com/watch?v=KS2GpBHWJNk,Unproven,2019-03-06 10:28:51,2019-02-28 20:13:27
Crystal Lake - Voyage of the Galaxies (Official Audio),https://www.youtube.com/watch?v=hgCGNgYPoA4,Crystal Lake,2019-03-06 16:19:27,2019-03-06 15:01:35
Re-Style ft Tha Watcher - Savage & Wild (Official Videoclip),https://www.youtube.com/watch?v=GYwEBlHzGik,Re-Style,2019-03-07 20:21:29,2019-01-30 14:59:02
The Prophet & Dutch Movement - Fiyaaah! (Official Videoclip),https://www.youtube.com/watch?v=zlR153CPUs4,Scantraxx,2019-03-08 13:34:03,2019-03-07 18:00:05
Damian Ray - Until The End [Next Generation EP],https://www.youtube.com/watch?v=z7FsFmkYiRU,WE R Music,2019-03-08 14:55:48,2019-02-26 16:30:01
Nick Novity - Slow Back Down,https://www.youtube.com/watch?v=Z1epnxzXch0,Scantraxx Prospexx,2019-03-08 14:57:47,2019-02-21 15:00:07
Synthsoldier - Futura (Official Audio),https://www.youtube.com/watch?v=msXySJ1zb4w,Dirty Workz,2019-03-08 17:36:37,2019-02-12 18:00:06
Adaro - I'm Alive [Rebirth Anthem 2019],https://www.youtube.com/watch?v=RKpBIzf-R8g,Adaro,2019-03-09 17:52:44,2019-03-08 15:30:01
Sephyx & TALON - Wild Love (Official Audio),https://www.youtube.com/watch?v=1u_6CLLATxU,Dirty Workz,2019-03-13 14:58:43,2019-03-12 17:46:22
Imperialite - Fulfilling Life (Hardstyle) | HQ Videoclip,https://www.youtube.com/watch?v=Qg_icLLkKTQ,HardstyleUp2Datez [HU2Dz],2019-03-13 17:19:13,2019-03-13 17:00:05
JVNA - I'm With You (Official Music Video),https://www.youtube.com/watch?v=9hTvEBiehu0,JVNA,2019-03-13 19:38:01,2019-01-25 20:51:05
Headhunterz - Oxygen (Official Videoclip),https://www.youtube.com/watch?v=uvcqfXfRqvQ,Art of Creation,2019-03-14 17:19:53,2019-03-14 17:09:48
Sephyx - Creation Of A Universe (Official Audio),https://www.youtube.com/watch?v=ra8cpFDYXcA,Dirty Workz,2019-03-14 20:12:33,2019-03-14 18:14:03
Harris & Ford - Drop Me Amadeus (Hardstyle),https://www.youtube.com/watch?v=5LgUJk8pBzc,Harris & Ford,2019-03-15 12:12:46,2019-03-15 10:58:43
Audiotricz - Shamed (Official Video),https://www.youtube.com/watch?v=piaCsc5M8vc,Spirit Of Hardstyle,2019-03-15 13:27:30,2019-03-14 23:00:04
Armin van Buuren - Turn It Up (Official Lyric Video),https://www.youtube.com/watch?v=kivuDS-6HbQ,Armin van Buuren,2019-03-15 16:35:20,2019-03-15 16:00:04
Demoxx ft. Sehya - Feeling The Love (Hardstyle) | HQ Videoclip,https://www.youtube.com/watch?v=OERzz99OotI,HardstyleUp2Datez [HU2Dz],2019-03-17 14:10:26,2019-03-17 14:00:02
Sephyx - Take Me Up (Official Audio),https://www.youtube.com/watch?v=WGjBsOEK6Wg,Dirty Workz,2019-03-20 15:34:33,2019-03-19 17:49:26
Prefix & Density - Grey Clouds (OUT NOW),https://www.youtube.com/watch?v=ARrFNDtWR7Y,Roughstate,2019-03-21 14:04:23,2019-03-21 10:30:00
Wildstylez & D-Block & S-te-Fan - Wolves Cry (Official Videoclip),https://www.youtube.com/watch?v=sxANklnbs7w,Art of Creation,2019-03-21 15:32:59,2019-03-21 15:00:07
Sephyx - Transmission (Official Audio),https://www.youtube.com/watch?v=JKxDPYQph7k,Dirty Workz,2019-03-21 15:48:40,2019-03-21 15:31:03
Jack of Sound - Afterlife (Official Audio),https://www.youtube.com/watch?v=7eymO-UcPf4,Scantraxx,2019-03-21 16:43:58,2019-03-21 16:00:01
D-Fence - Dissed (Official Videoclip),https://www.youtube.com/watch?v=Ob0TVKkpJTQ,Neophyte Records,2019-03-23 11:05:32,2019-03-22 11:00:04
Dynoro & Gigi D'agostino - In My Mind (Jinpachi Futushimo Bootleg),https://www.youtube.com/watch?v=1_UlYMSIe48,JinpachiFutushimo,2019-03-23 13:33:30,2019-03-23 13:13:17
T.C.C. - The Reason,https://www.youtube.com/watch?v=vgrLXjo_jVI,Dj Thera,2019-03-27 10:39:37,2019-03-26 14:24:42
Hardwell & Mike Williams - I'm Not Sorry (Official Video HD),https://www.youtube.com/watch?v=oqkTOxwHu00,Kontor.TV,2019-03-27 13:36:58,2019-03-27 13:12:14
The Pitcher ft. Sam LeMay - Legends,https://www.youtube.com/watch?v=TUcsaEQPn4g,The Pitcher,2019-03-28 16:24:53,2019-03-28 11:00:10
Brennan Heart ft. Mattanja Joy Bradley - Need To Feel (Official Videoclip),https://www.youtube.com/watch?v=y7lLO_tKw2I,I AM HARDSTYLE,2019-03-28 16:30:38,2019-03-28 16:24:23
Dj Thera & Sjammienators - Counting Sheep,https://www.youtube.com/watch?v=x30tDbmVpu8,MY.Necron,2019-03-28 21:05:21,2019-03-27 23:35:08
Bass Chaserz feat. Evelien van Buren - Dusk Till Dawn,https://www.youtube.com/watch?v=SW_JwJrvNiQ,Nightbreed,2019-03-29 12:17:28,2019-03-29 11:00:04
Alice Deejay - Better Off Alone (Sjammienators & Juliëx Bootleg) [HQ Rip],https://www.youtube.com/watch?v=OasMmAjxEow,Killermik666,2019-03-29 16:32:45,2019-01-11 20:44:20
The Viper - Wild & Free (Official Free Festival 2019 freestyle anthem),https://www.youtube.com/watch?v=wZJ77tIqAzE,Art of Dance,2019-03-29 18:31:41,2019-03-15 16:00:14
W&W - The Light Ft. Kizuna Al (ZProject Bootleg) (Hardstyle),https://www.youtube.com/watch?v=VPKtDQXgHaI,Hardstyle Promotion,2019-03-29 18:59:01,2019-03-29 18:41:20
Coone & Da Tweekaz & Hard Driver - The Elite (Official Video),https://www.youtube.com/watch?v=Zu7tiLtLYn8,Dirty Workz,2019-04-01 03:45:15,2019-03-28 17:49:37
Re-Style x Broken Minds x Alee - Annihilation (Official Videoclip),https://www.youtube.com/watch?v=iGgWV5-VdSk,Re-Style,2019-04-04 13:30:32,2019-04-04 13:24:56
Crystal Mad - Settle The Score,https://www.youtube.com/watch?v=vpBMF-6Zq-0,Nightbreed,2019-04-05 08:57:04,2019-04-05 05:00:03
Deetox ft. Elyn - Fallen,https://www.youtube.com/watch?v=qrUSXLIn7ZE,Deetox,2019-04-06 19:45:06,2019-03-08 10:27:29
MYST - Take Me Away (Official Audio),https://www.youtube.com/watch?v=PSPs0rzezk0,MYST,2019-04-06 19:47:55,2019-03-27 10:57:42
QAPITAL 2019 | Adaro & MYST - When The Stars Connect In Space,https://www.youtube.com/watch?v=2aAErAiqApQ,Q-dance,2019-04-06 19:48:58,2019-03-19 14:10:14
ZATOX - COCAINE MONSTER  (Official Videoclip),https://www.youtube.com/watch?v=SZ7Zp2LKuRA,Zatox,2019-04-06 19:50:41,2019-03-14 16:58:16
Brennan Heart - Show Your True Colors (I AM HARDSTYLE 2019 Anthem) (Official Video),https://www.youtube.com/watch?v=bheBVvOfyqA,I AM HARDSTYLE,2019-04-06 19:52:16,2019-03-15 17:17:12
Sub Sonik - M.F. Psycho (Uncaged Remix),https://www.youtube.com/watch?v=CNQVgXqSJaU,Sub Sonik,2019-04-06 19:59:51,2019-03-06 14:08:30
DJ Mad Dog & AniMe - Come Get Some (Music Video),https://www.youtube.com/watch?v=PcyFNpc_-l8,DJ MAD DOG,2019-04-08 09:43:53,2019-04-07 13:57:45
Ran-D - The Power Of Now (OUT NOW),https://www.youtube.com/watch?v=o3_9WQtlJNQ,Roughstate,2019-04-08 12:56:15,2019-04-08 07:12:01
Scooter & Xillions – Rave Teacher (Somebody Like Me) (Official Video 4K),https://www.youtube.com/watch?v=P3qlafoBY50,Kontor.TV,2019-04-08 17:00:11,2019-04-08 15:00:05
Regain - Back to My Roots | Official Album Preview,https://www.youtube.com/watch?v=SJ_ccBa_W54,Heart for Hard,2019-04-08 17:03:12,2019-04-08 13:25:24
Sub Sonik & Galactixx -  Runaway (Official 4K Videoclip),https://www.youtube.com/watch?v=FJEWD1rssG4,Sub Sonik,2019-04-09 16:15:12,2019-04-09 14:30:01
Noisecontrollers & Devin Wild - The Time Has Come (Official Music Video),https://www.youtube.com/watch?v=xDRz_O2pEAU,Spirit Of Hardstyle,2019-04-09 16:18:36,2019-04-09 13:58:48
E-Force - The End (Official Videoclip),https://www.youtube.com/watch?v=ZwV6oMMIsS0,Scantraxx,2019-04-10 15:34:46,2019-04-10 14:00:04
Sound Rush - Rhythm Of The Night (Official Videoclip),https://www.youtube.com/watch?v=5ZovVBQJS84,Art of Creation,2019-04-10 15:35:18,2019-04-10 14:00:05
Access One - Gods & Devils,https://www.youtube.com/watch?v=TMLepXz9I2I,Dogfight Rec,2019-04-11 14:54:12,2019-04-11 13:00:04
Serzo - Ready Tonight [NEXT059],https://www.youtube.com/watch?v=2hBQtgLfz8s,Q-dance Music,2019-04-12 15:11:20,2019-04-12 14:34:31
Aetherium - Magic (Hardstyle) | HQ Videoclip,https://www.youtube.com/watch?v=HMora9wIXOM,HardstyleUp2Datez [HU2Dz],2019-04-12 16:14:16,2019-04-12 16:00:01
Ezenia & Sonix - Anything (Hardstyle) | Official Lyric Videoclip,https://www.youtube.com/watch?v=d5XTyL7NHAc,HardstyleUp2Datez [HU2Dz],2019-04-17 16:08:50,2019-04-17 16:00:10
Da Tweekaz - Scatman (Official Video),https://www.youtube.com/watch?v=vPIaMZSmLc4,Dirty Workz,2019-04-17 17:25:55,2019-04-17 16:49:30
Hard Driver & KELTEK - Valley Of The Blind (Official Video),https://www.youtube.com/watch?v=wymVe27Po5A,Dirty Workz,2019-04-18 19:47:11,2019-04-18 16:47:26
Re-Style & Crypton - Hate Me (Official Videoclip),https://www.youtube.com/watch?v=_JDOxqWKywg,Re-Style,2019-04-19 08:45:16,2019-04-18 12:13:23
Sephyx - Almost Home (Official Video),https://www.youtube.com/watch?v=fjaXbqpnDwE,Dirty Workz,2019-04-19 17:10:35,2019-04-19 16:48:28
Bass Modulators - Silently (Official Music Video),https://www.youtube.com/watch?v=qMyb9GuIZtI,Spirit Of Hardstyle,2019-04-20 17:31:01,2019-04-19 13:58:46
D-Attack - A New Era,https://www.youtube.com/watch?v=DapCdDGN1c0,D-Attack,2019-04-22 16:32:00,2019-04-22 09:53:24
MYST - The Unlimited Power (Official Music Video),https://www.youtube.com/watch?v=hvj5h8mA4oA,MYST,2019-04-24 10:56:12,2019-04-24 09:57:43
The Prophet ft. Mona Rose - #13 (Official Videoclip),https://www.youtube.com/watch?v=gk1_d0hxk3E,Scantraxx,2019-04-29 09:22:42,2019-04-26 15:04:38
Blasco & Pherato - Survivor (Official Video),https://www.youtube.com/watch?v=WxfbrgWlv9Q,Dirty Workz,2019-04-29 17:00:17,2019-04-29 16:45:14
Audiotricz - Don't Say Goodbye (feat. Aloma Steele),https://www.youtube.com/watch?v=DRcRXCvt2XI,Spirit Of Hardstyle,2019-04-29 17:00:39,2019-04-25 13:57:43
Brennan Heart & Coone ft. Max P  - Fight For Something (Official Videoclip),https://www.youtube.com/watch?v=MFO8sC1U-iY,I AM HARDSTYLE,2019-04-29 17:00:45,2019-04-25 12:59:44
AniMe - Hardshock (Official Anthem 2019),https://www.youtube.com/watch?v=4yclXciGArE,DJ AniMe,2019-04-29 17:31:15,2019-04-29 15:58:49
Crystal Mad - Hypnotized,https://www.youtube.com/watch?v=GxC6O3KDIZU,Nightbreed,2019-05-01 08:20:40,2019-05-01 06:00:02
D-Block & S-te-Fan & DJ Isaac - World Renowned (Official Video),https://www.youtube.com/watch?v=NKeudui_d0w,Dirty Workz,2019-05-01 19:25:56,2019-05-01 18:06:12
Kronos & RVAGE - The Joker (Official Audio),https://www.youtube.com/watch?v=dUBKNk44Tfs,Scantraxx,2019-05-02 16:03:17,2019-05-02 15:00:06
Korsakoff remix: Sub Sonik & Tha Watcher - Revolt (Official Revolt 2019 anthem),https://www.youtube.com/watch?v=pRayVIyjVlo,REVOLT,2019-05-03 15:18:58,2019-05-03 15:00:09
HARRIS & FORD feat. FiNCH - Freitag Samstag (Official Video HD),https://www.youtube.com/watch?v=ymIK9FWfKxw,Harris & Ford,2019-05-04 10:02:02,2019-05-03 09:58:48
JNXD - Get Down (Official Video),https://www.youtube.com/watch?v=Ph1uN-iRvQI,Dirty Workz,2019-05-07 03:43:07,2019-05-06 16:45:24
VIZE feat. Laniia - Stars (Official Video HD),https://www.youtube.com/watch?v=wAvzTXv9Mvc,Kontor.TV,2019-05-07 13:04:24,2019-05-06 13:30:23
Atmozfears & Sound Rush - Together As One (Official Video),https://www.youtube.com/watch?v=TW00_McWZUs,Q-dance,2019-05-08 15:15:53,2019-05-08 11:00:05
Wasted Penguinz - FML (Official Audio),https://www.youtube.com/watch?v=rPkmsLeg6ZA,Wasted Penguinz,2019-05-09 15:48:56,2019-05-09 13:53:47
Amentis ft. Anklebreaker - Until Dawn (Official Audio),https://www.youtube.com/watch?v=BwREes6RqM4,Dirty Workz,2019-05-09 15:56:45,2019-05-09 11:59:42
Nosferatu & Furyan - Rise Or Drop,https://www.youtube.com/watch?v=gC-06loignI,Neophyte Records,2019-05-10 18:14:50,2019-05-10 07:56:44
Jay Reeve ft. Michael Jo - One In A Million (Official Videoclip) [Lose Control Music],https://www.youtube.com/watch?v=hUginiQLjMA,Lose Control Music,2019-05-10 18:15:38,2019-05-10 07:30:00
Crystal Lake - Galactic Fantastic (Official Video),https://www.youtube.com/watch?v=549YlXy8Nhs,Dirty Workz,2019-05-14 07:54:23,2019-05-13 16:51:34
Dr. Peacock & Billx - Mother Earth (Official Video),https://www.youtube.com/watch?v=2kCklVUxOsM,Dr. Peacock,2019-05-14 09:04:31,2019-04-10 16:16:24
NSCLT - Dances Of The Soul (Galactixx Remix) (Official Video),https://www.youtube.com/watch?v=ICSTeF0B_Nk,Dirty Workz,2019-05-14 14:11:16,2019-05-14 12:21:07
Tweekacore & Darren Styles - Shady People (Official Video),https://www.youtube.com/watch?v=7lkZyUdlle0,Dirty Workz,2019-05-14 17:12:26,2019-05-14 16:53:00
Aftershock - Light The Fire | OUT NOW,https://www.youtube.com/watch?v=DFjlHgXHimA,Aftershock,2019-05-14 18:28:24,2019-05-01 14:00:04
Crystal Mad - I Will Find You,https://www.youtube.com/watch?v=KaJ9vVIxI8Q,Nightbreed,2019-05-15 08:18:11,2019-05-15 07:00:00
Bebe Rexha - Last Hurrah (Dj Thera Core Mix),https://www.youtube.com/watch?v=q84TNuvigQs,Dj Thera,2019-05-16 07:47:11,2019-05-16 07:42:16
Charly Lownoise & Re-Style - City Streets (Official Videoclip),https://www.youtube.com/watch?v=0pjSULftl1o,Re-Style,2019-05-16 07:55:09,2019-05-14 14:06:22
Flo Rida - Sugar [Official Video],https://www.youtube.com/watch?v=S4WS_Q5Mq2s,Flo Rida,2019-05-16 18:39:13,2019-05-16 15:00:06
JVNA - Catch Me (Official Music Video),https://www.youtube.com/watch?v=Nyiwp349c2o,JVNA,2019-05-17 10:40:49,2019-05-16 04:00:00
Sefa - One Tribe (Official Defqon.1 Anthem),https://www.youtube.com/watch?v=TFt_OvdJUIM,Sefa,2019-05-17 12:47:07,2019-05-17 11:02:50
Martin Garrix & Justin Mylo - Burn Out (The Hown Bootleg),https://www.youtube.com/watch?v=3s7BsMyJjRc,Hard Recordzz,2019-05-20 15:14:06,2019-05-19 21:08:41
Th3 CU7R4Z05 - FRE-VAN POLKA (levan polkka FRENCHCORE REMIX),https://www.youtube.com/watch?v=l3HbyV2QaGc,TH3_CU7R4Z05 DJ,2019-05-23 11:24:54,2019-01-05 01:58:08
Headhunterz & Sound Rush - Follow Me ft. Eurielle & Ryan Louder (Official Videoclip),https://www.youtube.com/watch?v=i_wI2pXAKkI,Art of Creation,2019-05-23 15:37:00,2019-05-23 15:30:03
DJ ToXiq - Lost Fantasy (Hardstyle) | Official Videoclip,https://www.youtube.com/watch?v=TkPqnEwJKw0,HardstyleUp2Datez [HU2Dz],2019-05-25 09:41:02,2019-05-25 09:00:03
Sub Zero Project & KELTEK - Break The Game (Official Video),https://www.youtube.com/watch?v=FefuDp6t6ck,Dirty Workz,2019-05-29 15:01:43,2019-05-28 16:50:30
Sephyx - In The End (Official Video),https://www.youtube.com/watch?v=odph4GfppxE,Dirty Workz,2019-05-31 06:28:15,2019-05-30 16:45:01
Psyko Punkz - Life Is A Game (ft. Adosa & Mongoose) (Official Video),https://www.youtube.com/watch?v=qfF8CX7OvL4,Dirty Workz,2019-06-06 10:09:39,2019-06-05 16:45:38
Da Tweekaz & Destructive Tendencies - We Are Fighters (Official Video),https://www.youtube.com/watch?v=wh_h4W0Ufcw,Dirty Workz,2019-06-06 10:41:30,2019-06-06 10:00:05
Crystal Lake - Together (Official Video),https://www.youtube.com/watch?v=NAf8IeWGpzo,Dirty Workz,2019-06-07 17:33:11,2019-06-07 16:47:19
Scabtik & Eqlipse - Temple Of Sound (Official Audio),https://www.youtube.com/watch?v=zcz4IiVjjTo,Scantraxx,2019-06-08 09:39:59,2019-06-07 15:00:14
Broken Element ft. Last Word - Rebels Till The End (Official Videoclip),https://www.youtube.com/watch?v=JjENc7Xq8do,Scantraxx,2019-06-12 17:56:35,2019-06-12 13:00:02
Firelite - In The Dark Now (Lyric Video),https://www.youtube.com/watch?v=LuMatOb-w6U,WE R Music,2019-06-12 17:58:24,2019-05-30 12:00:07
Break Zero & Ressurectz ft. Ernesto Alonso - Paradise (Hardstyle) | Official Videoclip,https://www.youtube.com/watch?v=9-hCVmG--bI,HardstyleUp2Datez [HU2Dz],2019-06-13 09:04:53,2019-06-12 17:58:13
Re-Style & Korsakoff - Leap Of Faith (Official Videoclip),https://www.youtube.com/watch?v=bXqWnMxbYNw,Re-Style,2019-06-13 17:18:10,2019-06-13 13:15:01
Mandy - Bodyshock (Official Video),https://www.youtube.com/watch?v=fqbp6cyh0pI,Dirty Workz,2019-06-13 19:42:58,2019-06-13 16:45:52
Quickdrop - All Over The World (Official Music Video),https://www.youtube.com/watch?v=NhjUVr-X4H4,Hands Up Generation,2019-06-14 17:18:29,2019-06-14 15:11:52
Gazirovka - Black (WhyAsk! Frenchcore Remix),https://www.youtube.com/watch?v=ly8dUa8tmNU,Frenchcore Hardcore,2019-06-15 13:45:26,2019-06-15 11:00:06
Scabtik ft. Djoly - In My Veins (Official Audio),https://www.youtube.com/watch?v=pDD7Q51H4BA,Scantraxx,2019-06-16 08:49:31,2019-06-11 13:00:25
D-Sturb & Emese - The Ultimate (Official Videoclip),https://www.youtube.com/watch?v=s3n-xX9dgH0,D-Sturb,2019-06-18 14:01:52,2019-06-17 16:56:29
PRDX - On Fire,https://www.youtube.com/watch?v=8ADS3UlOI68,Derailed Traxx,2019-06-20 13:07:56,2019-06-20 08:00:01
Sub Zero Project & Villain - The Solution (Official Video),https://www.youtube.com/watch?v=gQRwZ168vWY,Dirty Workz,2019-06-21 10:36:27,2019-06-20 16:51:25
Lindsey Stirling - Underground (Official Music Video),https://www.youtube.com/watch?v=EJ09pSuA9hw,Lindsey Stirling,2019-06-21 16:05:00,2019-06-21 15:57:42
Warface vs. Killshot - Blood On You (Official Video),https://www.youtube.com/watch?v=dBpdMG6M0TA,WARFACE,2019-06-22 11:09:47,2019-06-20 16:00:07
Audiotricz feat. Aloma Steele - Don't Say Goodbye (System Of Loudness Remix),https://www.youtube.com/watch?v=10RsCFcudpI,Audiotricz,2019-06-24 11:48:12,2019-06-21 13:58:11
Stonebank Feat. Emel - Ripped To Pieces (Nevil Greenz Edit),https://www.youtube.com/watch?v=qtWQ6Xva9FA,Hard Recordzz,2019-06-24 17:03:11,2019-06-22 10:03:37
Frontliner - Conquer The World,https://www.youtube.com/watch?v=lvvz1NMS8h4,Frontliner,2019-07-02 20:49:06,2019-07-02 17:28:45
My Girlfriend is a Raver - S3RL x LIDA,https://www.youtube.com/watch?v=LU-RU5Z6g8k,S3RL,2019-07-03 16:08:28,2019-06-06 00:07:22
Zatox x Rebourne x Dave Revan - I Wanna Go,https://www.youtube.com/watch?v=sqt96qBTRGU,Zatox,2019-07-03 16:32:54,2019-07-03 15:57:44
KELTEK - Oblivion (Official Videoclip),https://www.youtube.com/watch?v=oMxkURzW8Ys,Scantraxx,2019-07-05 10:24:13,2019-07-05 10:00:12
Da Tweekaz & D-Sturb - Anything (Official Video),https://www.youtube.com/watch?v=N4HpwCMgSqw,Dirty Workz,2019-07-05 10:24:32,2019-07-04 16:46:49
Fanatics & Firelite - Never Letting Go (Official Video),https://www.youtube.com/watch?v=CQcNS3ZBqMY,Dirty Workz,2019-07-09 11:58:42,2019-07-09 10:04:11
Akira - Piece Of Heaven (Theo Gobensen Remix),https://www.youtube.com/watch?v=6YFjJd-WtUY,Zooland.TV,2019-07-10 19:22:24,2019-05-17 15:32:32
Crystal Mad - Indestructible,https://www.youtube.com/watch?v=ke2u_0pE3Ko,Nightbreed,2019-07-12 08:17:22,2019-07-12 07:16:34
Demi Kanon & Inverze - Break The Silence (Official Videoclip),https://www.youtube.com/watch?v=-ZOMAEjqyWE,Scantraxx,2019-07-12 12:58:02,2019-07-12 12:00:01
"Ellie Goulding, Juice WRLD - Hate Me (Official Video)",https://www.youtube.com/watch?v=UZwi9SHgzGY,EllieGouldingVEVO,2019-07-17 15:28:02,2019-07-17 13:58:14
Crypton & Damian Ray - One Way Up [Official Videoclip],https://www.youtube.com/watch?v=Mgctw9OOLO8,Crypton,2019-07-17 17:19:09,2019-07-01 14:57:47
Requiem & Retrospect - Paradise (Official Videoclip),https://www.youtube.com/watch?v=lkt9TOHuEMY,Scantraxx,2019-07-19 09:31:39,2019-07-18 15:00:06
Phuture Noize - Monster | Q-dance Records | Official Video,https://www.youtube.com/watch?v=hkMQOBUhqNU,Q-dance Music,2019-07-21 17:40:06,2019-07-18 11:00:24
Phuture Noize - The Beginning Of Something New | Q-dance Records | Official Video,https://www.youtube.com/watch?v=zuyrKAEoBa4,Q-dance Music,2019-07-22 10:15:52,2019-07-18 11:00:32
Vertex - The End,https://www.youtube.com/watch?v=HQ9BTM86o_g,Q-dance Music,2019-07-22 13:45:44,2019-07-12 15:30:00
Dillytek - World Without You (Official Video),https://www.youtube.com/watch?v=HIyAR2_JTXE,Dirty Workz,2019-07-23 19:19:43,2019-07-23 16:47:55
Fightfears - Illusion |Free Release|,https://www.youtube.com/watch?v=pc3Km589-Gs,Hard Recordzz,2019-07-23 19:49:18,2019-07-23 13:00:09
Refuzion ft. fawlin - Miracles (Official Video),https://www.youtube.com/watch?v=X6LbwjYgxeE,Dirty Workz,2019-07-24 14:52:26,2019-05-10 12:59:19
Sefa - Walking in the Air (Official Clip),https://www.youtube.com/watch?v=DmD5lTRYNQ4,Sefa,2019-07-24 15:04:40,2019-07-24 15:00:02
Hypnose - Last Resort (Official Audio),https://www.youtube.com/watch?v=dpvy1tK6-w8,Scantraxx,2019-07-24 15:29:56,2019-07-24 15:00:09
Mr. Ivex & Dr. Peacock - Up (Official Video),https://www.youtube.com/watch?v=-tslxEfkVnc,Dr. Peacock,2019-07-30 10:37:15,2019-07-29 15:30:02
Unproven  - Remember Me,https://www.youtube.com/watch?v=EkWNYRXXQc0,Unproven,2019-07-30 11:10:45,2019-07-29 15:32:46
Sephyx - Through The Silence (Official Video),https://www.youtube.com/watch?v=Wr4yRvOgp-4,Dirty Workz,2019-08-01 06:55:44,2019-07-31 16:40:38
Illuminize ft. Weldon - Radiate (Official Videoclip),https://www.youtube.com/watch?v=zTmC31oB0bw,Scantraxx,2019-08-01 06:57:29,2019-07-31 15:00:10
Sub Zero Project ft. Bryant Powell - All Night (Official Video),https://www.youtube.com/watch?v=otmG-NE-FIo,Dirty Workz,2019-08-01 17:39:49,2019-08-01 16:48:55
Deenis - Free (Videoclip),https://www.youtube.com/watch?v=wcg78BjmZbI,Deenis,2019-08-01 19:46:42,2019-05-13 13:08:11
"ILLENIUM, Foy Vance - Blood (Lyric Video)",https://www.youtube.com/watch?v=E4jggmGSoOk,IlleniumVEVO,2019-08-03 08:00:49,2019-08-02 04:00:00
Vamos a la Playa (Harris & Ford Remix) - Miranda,https://www.youtube.com/watch?v=qdJt6OcRgA8,Harris & Ford,2019-08-03 10:44:58,2019-08-03 09:53:08
Dysis - Festival [Free Release],https://www.youtube.com/watch?v=He_E-CUQrE0,EuphoricHardStyleZ,2019-08-05 13:23:15,2019-08-04 09:53:01
Eazy E - Hittin' Switches (Angerfist Refix),https://www.youtube.com/watch?v=3As8xY3xCXg,Angerfist,2019-08-06 13:14:15,2019-08-05 16:58:49
Degos & Re-Done - Diving (Hardstyle Remix),https://www.youtube.com/watch?v=x7GHpgbdMh4,degosredone,2019-08-06 19:03:56,2019-08-06 16:57:49
Phuture Noize & Sub Zero Project - Call Of The Sacred (Official Video),https://www.youtube.com/watch?v=l_Px4ICbsx0,Dirty Workz,2019-08-08 18:10:52,2019-08-08 16:49:45
Bodybangers - Again (Official Video),https://www.youtube.com/watch?v=D_Kf-8gsg2k,Club Sounds,2019-08-09 07:28:05,2019-08-09 07:00:03
Wasted Penguinz - Heroine (Official Audio),https://www.youtube.com/watch?v=22-VyXqqKjY,Wasted Penguinz,2019-08-11 18:44:49,2019-08-09 15:51:01
B-Front - Believe | OUT NOW,https://www.youtube.com/watch?v=iwH_TH0maz8,B-Front,2019-08-12 06:59:23,2019-07-31 09:59:34
Kronos & Adaro Ft. Pane - Moonlight (OUT NOW),https://www.youtube.com/watch?v=DMykJPq61Vk,Roughstate,2019-08-12 06:59:45,2019-08-07 09:45:00
Dee-Block & S-te-Pack - Rise & Fly,https://www.youtube.com/watch?v=nThkdxyvXk0,D-Block & S-te-Fan (DBSTF),2019-08-12 07:06:21,2019-08-09 13:25:44
Malice & Luminite - Death Destruction (Malice Live Edit) [AR003],https://www.youtube.com/watch?v=sHlJ-rDK-Oo,Aggressive Records,2019-08-12 18:20:05,2019-06-24 07:00:02
D-Stroyer - Take Me Higher (Official Video) [Copyright Free Music],https://www.youtube.com/watch?v=KwMU3QAI4DM,Dirty Workz,2019-08-14 11:55:32,2019-08-14 10:00:02
Bulletproof & Lady Dammage - Paperback (Official Videoclip),https://www.youtube.com/watch?v=9Hh5vd_6Ndg,Partyraiser Recordings,2019-08-14 13:05:03,2019-08-13 17:00:00
GVBBZ Ft. Frances Sia - Better Life (Hardstyle) | Official Music Videoclip,https://www.youtube.com/watch?v=ADNtVSNA-ww,HardstyleUp2Datez [HU2Dz],2019-08-14 13:21:10,2019-08-13 15:58:42
Noisecontrollers - Shine (Official Music Video),https://www.youtube.com/watch?v=v2S9DYBzSxk,Noisecontrollers,2019-08-14 13:38:47,2019-08-14 11:57:49
Noisecontrollers - Headlights (Official Videoclip),https://www.youtube.com/watch?v=D45IGKpPXDs,Noisecontrollers,2019-08-14 13:39:57,2019-05-29 13:58:43
Demi Kanon - Live My Life (Official Videoclip),https://www.youtube.com/watch?v=f4xN4JRtOI4,Scantraxx,2019-08-15 16:23:44,2019-08-15 15:00:05
Sub Zero Project - Be My Guide (Official Video),https://www.youtube.com/watch?v=Cp7-LoQXhEU,Dirty Workz,2019-08-15 18:06:58,2019-08-15 16:45:39
TNT - Gung | Official Video | Q-dance Records,https://www.youtube.com/watch?v=CiX0y_cuke8,Q-dance Music,2019-08-16 09:19:14,2019-08-16 09:11:12
Malua ft. Sifra - Rogue (Official Audio),https://www.youtube.com/watch?v=519JztPus9M,Scantraxx,2019-08-16 19:02:01,2019-08-16 14:00:00
Radical Redemption & Digital Punk - Colla Domina (Official Videoclip),https://www.youtube.com/watch?v=wUfZqW2FRKs,Radical Redemption,2019-08-17 20:11:27,2019-08-16 12:00:15
Avi8 - All That Matters (Official Videoclip) [GBE089],https://www.youtube.com/watch?v=Pv74EzYwxVw,Gearbox Digital,2019-08-20 10:38:07,2019-08-19 12:00:04
Stormerz - Be The One (Official Videoclip),https://www.youtube.com/watch?v=nvym7HdxKtk,Lose Control Music,2019-08-21 12:44:45,2019-08-19 14:00:06
Hardwell - Apollo (Re-Loaded Uptempo Bootleg),https://www.youtube.com/watch?v=xEwng0WUQJM,Uptempo Hardcore,2019-08-21 13:13:39,2019-08-21 12:38:11
Envine & Hardstyle Pianist ft. Diandra Faye - Back To You (Official Videoclip),https://www.youtube.com/watch?v=AS8J6pmMRwQ,Scantraxx,2019-08-22 08:50:18,2019-08-21 15:00:03
Unproven - Stories,https://www.youtube.com/watch?v=SRybWdeV7LU,Unproven,2019-08-22 09:23:07,2019-08-22 06:00:05
"Basslovers United, Mindblast & G4bby (feat. Big Daddi) - Distortion",https://www.youtube.com/watch?v=lbYWUi6xdKY,Zooland.TV,2019-08-23 11:24:33,2019-08-22 22:00:08
Refuzion - Back In Time (Official Video),https://www.youtube.com/watch?v=NBKULIJvyzo,Dirty Workz,2019-08-23 12:25:31,2019-08-22 16:45:01
Deetox ft. Last Word - Rock Bottom,https://www.youtube.com/watch?v=tre2JLbVYuo,Deetox,2019-08-23 18:21:50,2019-03-04 18:20:45
Dannic & Harrison - Burn Me Down (Official Music Video),https://www.youtube.com/watch?v=BmzgSc9b_zM,Revealed Music,2019-08-25 08:21:28,2019-08-24 13:00:11
Infirium - DJ Tokio Hotel's Revenge [FREE RELEASE],https://www.youtube.com/watch?v=rYZMNi-Otro,Spoontech Records,2019-08-26 13:50:43,2019-08-26 10:00:12
NF - How Could You Leave Us (Sub Sonik Bootleg),https://www.youtube.com/watch?v=y0Q47IzVOAQ,Sub Sonik,2019-08-27 12:11:58,2019-08-27 09:22:47
Wildstylez & Sound Rush - Untamable ft. Ruby Prophet (Official Videoclip),https://www.youtube.com/watch?v=NCPAwdRvNRc,Art of Creation,2019-08-28 08:36:47,2019-08-27 17:00:05
Frenchcore Familia - Time Is Not Absolute (Official Video),https://www.youtube.com/watch?v=JDkDkQz085M,Frenchcore Familia,2019-08-28 09:47:10,2019-08-21 15:00:05
Shinzo - This Mess,https://www.youtube.com/watch?v=xhTcY_UriVs,Zooland.TV,2019-08-30 07:52:23,2019-08-30 07:32:27
"K-391, Alan Walker, Tungevaag, Mangoo - PLAY (K-391's Video)",https://www.youtube.com/watch?v=DAAKsuorF7o,K-391,2019-08-30 07:54:50,2019-08-30 07:00:14
Remzcore - Feel Good 😎,https://www.youtube.com/watch?v=5BSzveEyQGQ,Remzcore,2019-08-30 11:20:29,2019-08-19 17:14:35
Dillytek & Firelite - Dreamer (Official Video),https://www.youtube.com/watch?v=1dQGEB513tA,Dirty Workz,2019-08-30 12:09:45,2019-08-29 16:45:01
Frequencerz & Phuture Noize - Starlight | Official Video | Q-dance Records,https://www.youtube.com/watch?v=6F9szyKy8fE,Q-dance,2019-08-30 17:04:32,2019-08-30 13:00:12
JVNA - Chemicals [Lyric Video] (Proximity Release),https://www.youtube.com/watch?v=5O4B1hG4GeQ,Proximity,2019-09-01 13:31:13,2019-08-30 17:00:01
Hyperion - Steel Prophets,https://www.youtube.com/watch?v=gOwDlfVTc9U,Dutch Master Works,2019-09-03 09:10:43,2019-09-03 07:00:03
Synthsoldier - ERROR (Official Video),https://www.youtube.com/watch?v=vDuDXXoinPo,Dirty Workz,2019-09-04 16:23:46,2019-09-03 16:45:01
Frequencerz - Rise (OUT NOW),https://www.youtube.com/watch?v=PDQ2RuQOpNU,Frequencerz,2019-09-05 15:09:55,2019-09-03 15:42:53
Ophidian - The Phoenix [Official Video],https://www.youtube.com/watch?v=llBaip0fkBY,Ophidian,2019-09-05 17:59:20,2019-09-05 16:00:10
Da Tweekaz & Crystal Lake - Keep On Rockin' (Official Video),https://www.youtube.com/watch?v=MqKbY9L1-wY,Dirty Workz,2019-09-06 18:08:20,2019-09-06 09:59:37
Zombie Nation - Kernkraft 400 (RazorHunterz | Frenchcore Edit),https://www.youtube.com/watch?v=4fx1_JwYqTw,Frenchcore Hardcore,2019-09-08 16:03:29,2019-09-07 12:00:01
Ran-D x Frequencerz x Adaro - Battleborn (OUT NOW),https://www.youtube.com/watch?v=beOGbDlD5RM,Frequencerz,2019-09-11 08:47:49,2019-09-09 13:45:01
Coone ft. David Spekter - Now Or Never (Official Video),https://www.youtube.com/watch?v=UmuBKSnBlSY,Dirty Workz,2019-09-11 13:05:50,2019-09-10 09:59:41
Headhunterz - Home (Official Videoclip),https://www.youtube.com/watch?v=YwYoLHSRS7w,Art of Creation,2019-09-13 09:51:42,2019-09-12 18:00:02
Sub Zero Project - All For One (Official Video),https://www.youtube.com/watch?v=mvmizGRYOKk,Dirty Workz,2019-09-15 13:03:19,2019-09-15 10:00:09
Toneshifterz Ft. Chris Madin - Till the Fight is Won (Official Music Video),https://www.youtube.com/watch?v=9Asla2mVArw,Toneshifterz,2019-09-18 15:41:11,2019-09-12 15:43:25
Audiotricz & Demi Kanon - Renegade (Official Audio),https://www.youtube.com/watch?v=gOn1on88Sco,Audiotricz,2019-09-19 11:37:43,2019-09-18 15:57:07
Sephyx - Artifact (Official Video),https://www.youtube.com/watch?v=Vt5VKVN7c4g,Dirty Workz,2019-09-19 17:51:00,2019-09-19 16:45:01
Crypton & Unifire - Painkiller,https://www.youtube.com/watch?v=5HzuzwqFf8Q,Q-dance Music,2019-09-20 15:44:12,2019-09-16 10:46:36
D-Fence feat. Mr. Hyde - The Sonic Storm (Official SYNDICATE 2019 Anthem),https://www.youtube.com/watch?v=g0dM7QDN3gY,SYNDICATE,2019-09-21 08:14:35,2019-09-13 10:00:10
Korsakoff & Big2 - Het beest is los,https://www.youtube.com/watch?v=IqsxkdyXjcE,OfficialKorsakoff,2019-09-21 17:32:26,2019-09-20 12:52:13
Act of Rage & Digital Punk - Till Sunrise (Official Videoclip),https://www.youtube.com/watch?v=n7pl2nMZnoU,Act of Rage,2019-09-22 17:03:30,2019-09-22 16:00:10
B-Front & Aftershock - We Are All Stars | Shutdown Festival 2019,https://www.youtube.com/watch?v=xsZVl3y6tPQ,B-Front,2019-09-24 16:52:23,2019-09-23 15:45:00
Da Tweekaz ft. Diandra Faye - The Wire (Official Video),https://www.youtube.com/watch?v=vKbr1ehwQMw,Dirty Workz,2019-09-26 18:33:43,2019-09-26 09:59:13
Naptone – Falling For You,https://www.youtube.com/watch?v=brQK-ax0gks,Zooland.TV,2019-09-27 15:04:11,2019-09-27 08:56:31
Retrospect - Let Me Fly (Official Videoclip),https://www.youtube.com/watch?v=TQzpTsMF91c,Scantraxx,2019-09-27 16:33:17,2019-09-17 15:00:08
Noisecontrollers & Sogma - The Approach (Official Audio),https://www.youtube.com/watch?v=ai-Vwf6o758,Noisecontrollers,2019-09-30 16:20:32,2019-09-30 16:00:12
Drenchill - Never Never ft. Indiiana,https://www.youtube.com/watch?v=I5xZRlQFYj0,Club Sounds,2019-10-03 13:46:24,2019-09-06 07:00:01
Fire - S3RL ft Harri Rush & Krystal,https://www.youtube.com/watch?v=hBzl7nDHWFU,S3RL,2019-10-03 17:47:54,2019-10-02 22:52:38
Fabian Farell - Time Takes Nothing (Official Video),https://www.youtube.com/watch?v=oXphD3xY0gU,Club Sounds,2019-10-04 13:12:49,2019-10-04 10:00:15
Devin Wild - Rescue Me (Official Videoclip),https://www.youtube.com/watch?v=SPoWqfO9jxQ,Scantraxx,2019-10-04 14:36:03,2019-10-03 15:00:06
Solstice ft. ALARA - Take My Hand (Official Audio),https://www.youtube.com/watch?v=7Uc9PLsZHHA,Scantraxx,2019-10-04 16:56:01,2019-10-04 16:49:18
Act of Rage - Can't Take This (HQ Official),https://www.youtube.com/watch?v=oKsApSnH0fA,Act of Rage,2019-10-07 12:40:20,2019-10-06 16:00:07
Warface & Sefa -  Robot Gangbang (Official Videoclip),https://www.youtube.com/watch?v=38EL5L84KNA,WARFACE,2019-10-07 15:52:13,2019-10-07 15:00:00
Nightcore - Hallucinations,https://www.youtube.com/watch?v=ItLfnquCb8k,NightcoreReality,2019-10-08 06:13:16,2019-10-08 00:18:26
Lady Faith - Supernova (Official Videoclip),https://www.youtube.com/watch?v=AoE61iqZTno,Scantraxx,2019-10-08 15:03:56,2019-10-08 13:00:03
Jerome - Light (Adaro & Hard Driver Remix),https://www.youtube.com/watch?v=l4UT5g0yPEg,Adaro,2019-10-08 15:17:57,2019-09-06 10:12:54
Jerome - Light (Official Video HD),https://www.youtube.com/watch?v=l9CjoDkHLsc,Kontor.TV,2019-10-08 15:18:56,2019-05-20 13:17:45
Wildstylez - Into The Wild (Feat. KiFi) (Official Videoclip),https://www.youtube.com/watch?v=3Fu73ZT_e6U,Art of Creation,2019-10-11 12:27:50,2019-10-10 15:00:00
Act of Rage & Tha Watcher - Outrageous (HQ Official),https://www.youtube.com/watch?v=SlKaqhC0W30,Act of Rage,2019-10-12 14:55:51,2019-10-11 15:18:20
Refuzion - Around The World (La La La),https://www.youtube.com/watch?v=QiH2XZHyeRw,Refuzion,2019-10-12 15:43:15,2019-09-26 14:13:42
Darren Styles - Switch (Re-Style Edit),https://www.youtube.com/watch?v=qAc9TlbL-V8,Re-Style,2019-10-16 13:01:29,2019-10-15 11:19:01
Thyron & Luminite ft. MC Focus - Rise Of The Underground (Official 10 Years of Gearbox Anthem),https://www.youtube.com/watch?v=T2Fux4jfAXE,Gearbox Digital,2019-10-16 14:39:49,2019-10-14 09:39:19
KELTEK ft. Michael Jo - Down Like This (Official Video),https://www.youtube.com/watch?v=RgcfYSsHM6w,Scantraxx,2019-10-16 15:59:08,2019-10-16 15:00:07
JNXD - Broken Therapy (Official Pumpkin Anthem 2019) (Official Video),https://www.youtube.com/watch?v=o5mDvFgC_YU,Dirty Workz,2019-10-16 17:41:15,2019-10-15 16:45:00
Ran-D & Endymion ft. LePrince - Run From Reality (official videoclip),https://www.youtube.com/watch?v=-kiy1pH8PLk,Ran-D,2019-10-18 12:34:41,2019-10-18 11:00:09
Eternize - The Earth,https://www.youtube.com/watch?v=EIvobOXtGjo,Eternize,2019-10-18 15:13:33,2019-10-17 17:02:12
Revelators & The Qonvicted - Hack The Game,https://www.youtube.com/watch?v=iFpsJ8S2_7c,Scantraxx Prospexx,2019-10-18 16:25:12,2019-10-17 13:00:06
Snelle - Reünie (Outsiders Remix),https://www.youtube.com/watch?v=z2QtimzqsMU,ROQ 'N ROLLA Music,2019-10-18 18:13:45,2019-10-18 14:00:16
Misery,https://www.youtube.com/watch?v=9grEdW-aztE,La Rebelion - Topic,2019-10-19 12:55:45,2019-09-10 10:10:21
Ran-D X Adaro X Kronos - The Sound Of Silence,https://www.youtube.com/watch?v=D6aO0lJWuLo,Ran-D,2019-10-19 14:42:27,2019-10-16 15:00:05
Digital Mindz ft. Vivian Moon - Break The Moment (Official Audio),https://www.youtube.com/watch?v=58O0YRXxP_8,Dirty Workz,2019-10-22 07:12:10,2019-10-21 16:45:01
Tha Playah & Angerfist - The Heartless (Official Video),https://www.youtube.com/watch?v=vavNYpZnEnU,Angerfist,2019-10-22 18:37:00,2019-10-22 17:01:46
Re-Style - Wildfire (Official Videoclip),https://www.youtube.com/watch?v=pUIWl0L9eV4,Re-Style,2019-10-22 19:23:08,2019-10-22 12:00:07
Horyzon - Hyperspace (Official Audio) [Copyright Free Music],https://www.youtube.com/watch?v=p591IKizMhU,Dirty Workz,2019-10-23 18:47:38,2019-10-23 10:00:09
Da Tweekaz & Sound Rush - Take Me Away (Official Video),https://www.youtube.com/watch?v=uXoecz5Zyro,Dirty Workz,2019-10-24 12:01:51,2019-10-24 10:00:10
"Play Monkey - Tones And I vs Alan Walker, K-391, Tungevaag, Mangoo (Mashup)",https://www.youtube.com/watch?v=1E55Etk29Jo,Lalahlehlehh Mashups,2019-10-28 07:38:17,2019-09-19 18:35:05
Crystal Lake - Circles (Official Video),https://www.youtube.com/watch?v=Zd240PSvz8w,Dirty Workz,2019-10-29 18:40:56,2019-10-29 17:48:22
Basshunter - Home (Official Lyric Video),https://www.youtube.com/watch?v=6ih7LZzAZ8k,BASSHUNTER,2019-10-31 13:22:48,2019-10-10 14:00:10
atmozfears Λ the whistle | official music video,https://www.youtube.com/watch?v=NxRW-ahgftM,ATMOZFEARS,2019-11-01 17:46:26,2019-10-23 17:30:11
Audiotricz & E-Life - Different (Official Audio),https://www.youtube.com/watch?v=Vm1uprLBK2I,Audiotricz,2019-11-01 18:25:49,2019-11-01 15:00:05
Unsenses - Make My Body Move (Official Audio),https://www.youtube.com/watch?v=v8vCtySU1KQ,Dirty Workz,2019-11-01 18:31:55,2019-11-01 11:00:13
Headhunterz - Orange Heart (feat. Sian Evans) [Official Video],https://www.youtube.com/watch?v=xFnlITvdjYY,Q-dance,2019-11-04 19:11:43,2019-07-09 11:50:17
Rocco - Everybody 9.0 (Megara vs. DJ Lee Remix),https://www.youtube.com/watch?v=mLcZHnwPJ04,Hands Up Generation,2019-11-05 20:12:07,2019-11-05 19:13:33
MYST feat. Disarray - Let Me Down (Official Music Video),https://www.youtube.com/watch?v=q4T1wFszA0U,MYST,2019-11-07 13:54:06,2019-11-07 11:00:10
Ran-D & Psyko Punkz Ft. K's Choice - Not An Addict (official videoclip),https://www.youtube.com/watch?v=qLB18g11fGs,Ran-D,2019-11-07 13:56:37,2019-11-05 15:50:14
Hardstyle Pianist & Helix ft. Mark Vayne - Next Stage (Official Audio) [Copyright Free Music],https://www.youtube.com/watch?v=HgXmsbf3Io0,Dirty Workz,2019-11-08 20:28:33,2019-10-30 11:00:02
Frequencerz & Devin Wild - We Are One (OUT NOW),https://www.youtube.com/watch?v=_oINO--CL6Y,Roughstate,2019-11-08 20:31:06,2019-10-30 10:45:01
Minus Militia – The Code of Conduct (Official Videoclip),https://www.youtube.com/watch?v=xRUpmnoPU90,Minus Militia,2019-11-08 20:39:04,2019-10-04 12:30:04
Adaro & Rude Convict ft.  LXCPR - My Eyes Spit Fire (official videoclip),https://www.youtube.com/watch?v=VYs-8LAHgNU,Adaro,2019-11-08 20:40:29,2019-10-28 14:45:00
Sound Rush ft. Eurielle - Army of Fire | Official Video,https://www.youtube.com/watch?v=O2PLv1Fn004,Q-dance Music,2019-11-08 20:40:54,2019-10-02 15:00:12
Unsenses - Out of the Ordinary (Official Video),https://www.youtube.com/watch?v=hyBdrRfMv-8,Dirty Workz,2019-11-10 19:16:49,2019-09-17 16:45:00
Andrea Belli & Julian Moss feat. Elle - One More Time (Official Video HD),https://www.youtube.com/watch?v=tOhOuReht5o,Kontor.TV,2019-11-10 19:29:20,2019-11-10 10:00:10
Waifu - S3RL & Alaguan ft Lexi,https://www.youtube.com/watch?v=ftuctYN60j0,S3RL,2019-11-15 17:02:19,2019-11-07 07:19:05
Meduza - Piece of Your Heart (Levenkhan Frenchcore Remix),https://www.youtube.com/watch?v=KnMLDa_xCvs,LevenKhan,2019-11-15 18:54:40,2019-07-31 11:21:53
Mr. Bassmeister - Executioner Of Polka [FRENCHCORE],https://www.youtube.com/watch?v=KhvGB2v1jMM,Mr. Bassmeister,2019-11-16 20:44:55,2019-10-18 11:18:56
JDX ft. Sarah Maria - Live The Moment (Mr. Bassmeister Frenchcore Bootleg),https://www.youtube.com/watch?v=_qMvSBGM2iY,Mr. Bassmeister,2019-11-16 20:51:52,2019-08-07 07:42:23
Angerfist - Solid Stigma (Diabolic Preview),https://www.youtube.com/watch?v=nrndA57O0SI,Angerfist,2019-11-22 09:03:14,2019-11-21 19:19:50
Audiotricz & E-Life - Supersonic (Official Videoclip),https://www.youtube.com/watch?v=bNtQ7Jq3Kdg,Audiotricz,2019-11-23 10:17:36,2019-07-30 14:03:19
Dance More - S3RL ft Ella,https://www.youtube.com/watch?v=eCePW96lyaQ,S3RL,2019-12-06 20:39:50,2019-12-04 23:46:47
200 BPM,https://www.youtube.com/watch?v=2VpSw8UxIOY,Frontliner - Topic,2019-12-11 07:40:12,2019-10-30 10:09:00
Mt. Eden & T-Mass - As One feat. Aviella Winder (Lyric Video) [Ultra Music],https://www.youtube.com/watch?v=sSBmxkRpCdA,Ultra Records,2019-12-11 09:46:01,2019-12-10 17:00:20
Dr. Peacock & DJ Panda - It's A Dream 2K19 (Official Video),https://www.youtube.com/watch?v=CvbuTrbZLZo,Dr. Peacock,2019-12-12 16:11:18,2019-12-11 15:00:09
Noisecontrollers & Wildstylez - 200 Dreams (Official Videoclip),https://www.youtube.com/watch?v=3J4eVWq0cxs,Art of Creation,2019-12-13 14:04:23,2019-12-05 16:59:31
D-Charged - Stay (Official Audio),https://www.youtube.com/watch?v=93Mj1kGWSt4,Scantraxx,2019-12-13 17:01:09,2019-12-03 14:00:00
Unproven - Absinthe & Cocaine,https://www.youtube.com/watch?v=ouB1L0VLbuE,Unproven,2019-12-15 08:08:08,2019-12-12 11:00:11
Unproven - Our Moment,https://www.youtube.com/watch?v=xpPkrSX6Ces,Unproven,2019-12-16 13:46:55,2019-12-12 11:00:10
Unproven - Stonecold,https://www.youtube.com/watch?v=hA3N8GplUis,Unproven,2019-12-16 13:46:59,2019-12-12 11:00:10
Unproven - Never Be Alone,https://www.youtube.com/watch?v=DSdoL-oornM,Unproven,2019-12-16 14:17:25,2019-12-12 11:00:02
Clubhunterz x DaVincis with Renee Ramond - All The Time,https://www.youtube.com/watch?v=OAV6241lR6g,Zooland.TV,2019-12-17 07:05:03,2019-12-16 23:00:07
DJ Gollum & A. Spencer - In The Shadows 2k19 (Phillerz Remix),https://www.youtube.com/watch?v=gsr16vMtQ4k,Zooland.TV,2019-12-18 09:22:15,2019-12-17 15:00:07
Korsakoff & Decipher -  Dance Monkey (Bootleg),https://www.youtube.com/watch?v=gtCTWo_aGmg,OfficialKorsakoff,2019-12-18 09:31:48,2019-12-15 15:51:41
Primeshock - Out Of My Mind (Official Lyric Video),https://www.youtube.com/watch?v=bctTe-B5cMs,Dirty Workz,2019-12-18 16:16:03,2019-12-12 18:08:28
Psyko Punkz & B-Front & DV8 - Energy (Official video),https://www.youtube.com/watch?v=tzRZKDghKxQ,Q-dance,2019-12-20 21:00:52,2019-12-04 16:00:13
Noisecontrollers - Promises (Union Remix) (Official Videoclip),https://www.youtube.com/watch?v=mINGB2cpI_8,Art of Creation,2019-12-28 12:01:45,2019-12-27 11:00:10
The Pitcher & Noisecontrollers - Shut Up (Jay Reeve Remix) (Official Video Clip),https://www.youtube.com/watch?v=PLypsgLM8jk,Art of Creation,2019-12-29 13:04:05,2019-12-27 11:00:05
T.C.C. feat. Mesloes - You And Me,https://www.youtube.com/watch?v=YAY0juCKDP4,Theracords,2019-12-30 16:44:40,2019-01-31 15:55:14
Uncaged - The Wave (OUT NOW),https://www.youtube.com/watch?v=0mnFw2F85qE,Uncaged,2019-12-30 16:51:51,2019-02-18 12:22:33
Clockartz - Close Your Eyes,https://www.youtube.com/watch?v=epRa0eaO7GM,Clockartz,2019-12-30 18:00:13,2019-04-03 12:31:22
Envine - Music Of The Mind (Official Audio),https://www.youtube.com/watch?v=52OysYsnZPg,Scantraxx,2019-12-30 18:10:45,2019-05-15 15:00:04
Udex - End of the Road | Official Video,https://www.youtube.com/watch?v=OwYumBbr_CY,Heart for Hard,2019-12-30 18:15:32,2019-05-28 13:40:27
Rebelion ft. Micah Martin - The Edge (Official Video),https://www.youtube.com/watch?v=L5l7_ldYHtY,Q-dance,2019-12-30 18:19:56,2019-05-20 16:00:03
Clockartz & Deetox - Music,https://www.youtube.com/watch?v=CENFCk8BT3o,Bring The Riot,2019-12-30 18:24:11,2019-05-15 14:28:20
Rebourne - Starlight (Official Audio),https://www.youtube.com/watch?v=4qN2FCuoS7c,Brennan Heart,2019-12-30 18:27:43,2019-11-28 15:00:12
Voidax - Submerge (OUT NOW),https://www.youtube.com/watch?v=5oY2eAcg4Q0,Roughstate,2019-12-30 18:28:17,2019-09-27 09:45:01
Virtual Self - Ghost Voices (Clockartz Edit),https://www.youtube.com/watch?v=oDXjIpHGlNI,Clockartz,2019-12-30 18:29:39,2019-07-25 18:08:10
The Prophet & Alex Holmes - Shine,https://www.youtube.com/watch?v=vuso9qmRYHc,Scantraxx,2020-01-11 09:50:28,2019-01-17 18:00:08
Broken Minds & Destructive Tendencies - Braveheart,https://www.youtube.com/watch?v=vWVzZutOzPo,Dogfight Rec,2020-01-22 19:33:39,2019-05-30 16:00:17
Quiver,https://www.youtube.com/watch?v=Yv0xRsT4WvA,Darren Styles - Topic,2020-01-22 19:47:18,2019-09-26 11:02:55
Crypton - Until It's Gone [Official Videoclip],https://www.youtube.com/watch?v=0DC1c54F18c,Crypton,2020-01-22 19:47:35,2019-06-06 17:00:00
Ghost Stories (D-Block & S-te-Fan) - Fallen Souls,https://www.youtube.com/watch?v=Ig-XtWYufZE,D-Block & S-te-Fan (DBSTF),2020-02-12 18:47:51,2019-10-01 12:57:23
Ghost Stories (D-Block & S-te-Fan) - Open Your Mind,https://www.youtube.com/watch?v=_jPaq4va75A,D-Block & S-te-Fan (DBSTF),2020-02-12 18:51:34,2019-06-24 16:58:30
B-Front & Adrenalize - Elektronic Symphony [HQ Edit],https://www.youtube.com/watch?v=XrWUMKz9h3Q,EuphoricHardStyleZ,2020-02-14 14:10:05,2019-04-16 20:18:38
Ben Gold & Sivan - Stay (Sneijder Remix),https://www.youtube.com/watch?v=rrTs2x8OJFM,A State Of Trance,2020-02-20 14:19:19,2019-02-22 17:00:09
MaRLo & Feenixpawl - Lighter Than Air,https://www.youtube.com/watch?v=7fHPHItx7Vk,Armada Music TV,2020-02-20 14:26:30,2019-04-27 15:00:00
MaRLo & HALIENE - Whisper (Official Music Video),https://www.youtube.com/watch?v=0tR3S3Th7-w,Armada Music TV,2020-02-24 19:06:16,2019-04-17 15:00:01
NWYR & Andrew Rayel - The Melody,https://www.youtube.com/watch?v=oAuLdNufGqw,W&W,2020-02-27 15:56:45,2019-02-04 11:00:11
B2A & Woodz. - Guide Me Home (Ft. Job Lentferink) | Official Lyrics Videoclip,https://www.youtube.com/watch?v=zkn3jSLw04U,HardstyleUp2Datez [HU2Dz],2020-02-27 21:18:17,2019-10-30 17:00:11
Scooter x Harris & Ford – God Save The Rave (Official Video HD),https://www.youtube.com/watch?v=eINgmy4dUOA,Kontor.TV,2020-02-29 10:49:39,2019-06-17 16:04:30
Lonely (Empyre One Remix),https://www.youtube.com/watch?v=J7SYkeE7jm4,Movetown - Topic,2020-03-04 20:44:51,2019-01-14 04:11:57
Rejecta & B-Front - Angels in the Sky,https://www.youtube.com/watch?v=ooZq9AI6Nxo,B-Front,2020-03-13 19:59:27,2019-06-04 15:39:42
Jay Reeve - Can't Breathe (Official Audio),https://www.youtube.com/watch?v=unZdYfHhNFk,Lose Control Music,2020-03-13 20:07:57,2019-07-24 14:00:18
D-Block & S-te-Fan ft. Villain - Sound Of Thunder (D-Sturb Remix) (Official Videoclip),https://www.youtube.com/watch?v=IDWNngBnVLI,Scantraxx,2020-03-13 20:08:53,2019-09-19 15:00:04
Apexx - I Go Insane (OUT NOW),https://www.youtube.com/watch?v=BOIQl-DOuNI,Roughstate,2020-03-13 20:11:10,2019-10-30 17:00:02
Adaro & Clockartz - Don't Stop Me | Official Video | Q-dance Records,https://www.youtube.com/watch?v=aj42YqQkA5I,Q-dance Music,2020-03-13 20:28:21,2019-09-13 12:18:47
DFG - I Needed You (Uptempo),https://www.youtube.com/watch?v=YdJ2H2gbxaI,Frenchcore Hardcore,2020-03-26 09:02:50,2019-10-23 13:22:43
USAO - Wildfire (Frenchcore),https://www.youtube.com/watch?v=I8k04XL12U0,Frenchcore Hardcore,2020-03-26 09:11:12,2019-10-26 11:00:01
Deetox ft. Hess - My Revival,https://www.youtube.com/watch?v=bUTQNpvDaBY,Deetox,2020-03-28 20:05:34,2019-09-05 14:05:51
Deetox - Inside My Head,https://www.youtube.com/watch?v=kCf7YWpkS8s,Deetox,2020-03-28 20:06:00,2019-03-06 17:58:46
Deetox & Crystal Mad - One Last Time,https://www.youtube.com/watch?v=gSd7IChw1jw,Deetox,2020-03-28 20:07:35,2019-03-05 15:58:30
Serzo - Flyin' High (Official Audio),https://www.youtube.com/watch?v=Dxepz_GmXsM,Dirty Workz,2020-04-03 18:53:07,2019-12-02 17:45:00
Udex - Shadows (Official Album Preview),https://www.youtube.com/watch?v=hxBImjkLkeM,Heart for Hard,2020-04-04 14:28:19,2019-12-25 11:24:18
Act of Rage & Killshot - Day for Night (HQ OFFICIAL),https://www.youtube.com/watch?v=2ES-HHlV-NU,Act of Rage,2020-04-04 14:33:47,2019-02-25 17:50:04
Ostbass x Marcus Maison - N.Y.K.W. (Now You Know Why) (Radio Edit) // DANCECLUSIVE,https://www.youtube.com/watch?v=iAPJvGFtqmE,Central Stage of Music,2020-04-25 08:01:26,2019-09-10 17:40:56
Paul Gannon  - So Alive (Feat. Elle Mariachi),https://www.youtube.com/watch?v=co0F1pz6X64,Bourne Recordings,2020-04-25 12:08:26,2019-06-07 02:26:17
Back In The Days,https://www.youtube.com/watch?v=MOu_YF3srAY,D-Ceptor - Topic,2020-05-01 16:58:00,2019-11-14 10:24:38
Space Time,https://www.youtube.com/watch?v=X-jWXf85mZM,Broken Minds - Topic,2020-05-01 17:29:53,2019-05-29 10:05:56
RiraN - Ready For The Madness (Official Audio),https://www.youtube.com/watch?v=pfkTJCoYngA,RiraN Official,2020-05-04 20:42:25,2019-12-26 06:46:47
A+ Superstar,https://www.youtube.com/watch?v=ApIjuYnkB2g,Basslovers United - Topic,2020-05-11 19:51:53,2019-01-14 03:44:49
Miko from Outta Space (Hands up Radio Edit),https://www.youtube.com/watch?v=7iuz028OO80,Basslovers United - Topic,2020-05-11 19:54:12,2019-01-14 03:45:09
DJ MICO feat. SANDY & MC TMS - KuhBar-Song (Official Video),https://www.youtube.com/watch?v=o_C1xWRNDRo,DJ Mico,2020-05-20 19:27:04,2019-09-22 16:00:08
Ruff Limits - Higher [HQ Edit],https://www.youtube.com/watch?v=4rkPRvwaga4,EuphoricHardStyleZ,2020-06-01 09:34:59,2019-07-13 16:22:54
Nick Skitz x Basslouder x Studio X - Black Magic (Basslouder Radio Edit),https://www.youtube.com/watch?v=NJvgCujbFWk,Hands Up Generation,2020-06-05 09:54:33,2019-12-10 14:47:01
Lasst uns Leben Distinct & DJ Restlezz Remix,https://www.youtube.com/watch?v=UBpNNperKu8,Xtreme Sound,2020-06-09 12:06:12,2019-06-28 10:26:15
Vinai x Harris & Ford - Break The Beat (Official Audio),https://www.youtube.com/watch?v=4ISCGvOIWl0,Scorpio Music,2020-06-10 13:51:46,2019-09-20 15:00:01
FiNCH - FiNCHiBOY (prod. Dasmo & Mania Music) - 4k,https://www.youtube.com/watch?v=OX8XfxCO-cI,FiNCH,2020-06-11 06:57:22,2019-11-08 10:59:45
Harris & Ford feat. FiNCH - Freitag Samstag (Hardstyle Remix),https://www.youtube.com/watch?v=G2_eqHku-xU,Harris & Ford,2020-06-11 07:04:49,2019-06-28 13:31:49
Empyre One - Angeline,https://www.youtube.com/watch?v=FJReeFn9swY,Zooland.TV,2020-06-11 10:49:54,2019-11-28 23:00:04
Manila feat. Aleena - Electrolove,https://www.youtube.com/watch?v=hr-5IyJw7p4,Zooland.TV,2020-06-11 14:10:12,2019-05-30 15:00:12
DJ Dean & Vince Tayler - All That I Need (DJ Gollum feat. DJ Cap Remix),https://www.youtube.com/watch?v=f6YgVErmHjg,Zooland.TV,2020-06-13 15:21:19,2019-03-14 20:20:42
DJ AniMe - So Strong (Preview),https://www.youtube.com/watch?v=fIatSF9I3fQ,DJ AniMe,2020-07-03 20:09:28,2019-12-06 11:00:14
Ziggy X - Summer Rave,https://www.youtube.com/watch?v=xdmALN2DdeM,You Love Dance.TV,2020-07-08 10:31:18,2019-05-03 07:00:04
Unizon - Blame It on the Bass (Club Mix),https://www.youtube.com/watch?v=IlG6g9CGPGQ,Hands Up Generation,2020-07-14 05:50:59,2019-02-06 21:23:42
Stonebringers - Maxx & Ice Mc ( MashUp ),https://www.youtube.com/watch?v=oPWiGA7ck8s,Gjefs,2020-07-25 21:36:59,2019-05-13 00:37:31
Degos & Re-Done ft. Carola - My Life | Official Video,https://www.youtube.com/watch?v=MkmPX_1bU94,Q-dance Music,2020-07-27 20:11:30,2019-11-21 12:19:50
Bassdusche (Can You Feel It?) (Video Mix),https://www.youtube.com/watch?v=oXkpNVk9m2g,Ziggy X - Topic,2020-08-05 17:13:10,2019-03-07 10:41:29
Broken Minds & AniMe - Absolute Power (Official Music Video),https://www.youtube.com/watch?v=M3-JkVajCcQ,DJ AniMe,2020-08-12 17:15:47,2019-07-17 13:58:15
Lady Faith ft. NeroArgento - Paint It Black (Official Videoclip),https://www.youtube.com/watch?v=m4DZl1NyqjU,Scantraxx,2020-08-27 19:48:57,2019-07-09 15:00:09
581 C,https://www.youtube.com/watch?v=CcUTmhxfOKk,Laura - Topic,2020-09-14 19:04:42,2019-01-13 14:43:10
Handzup Isn't Dead (8 Years Technobase.Fm Hymn),https://www.youtube.com/watch?v=bXv2Hwf8R0I,DJ Gollum - Topic,2020-09-24 20:23:00,2019-01-14 03:42:04
Dj Splash - This Is My Life (Jiyagi Remix) (Frenchcore),https://www.youtube.com/watch?v=1LOrRGmaDwA,Frenchcore Hardcore,2020-09-29 15:30:32,2019-08-31 14:00:00
Mr. Ivex & D-Attack - OMG (Official),https://www.youtube.com/watch?v=nqXKM5NKGGw,Mr. Ivex Official,2020-09-29 18:23:21,2019-08-18 15:43:25
Frenzy - Tonight (Frenchcore),https://www.youtube.com/watch?v=-a7esnqnHwY,Frenchcore Hardcore,2020-09-29 18:29:44,2019-09-26 12:36:36
Brendan Ashmore & Adam Ardour - Battleground (Official Audio),https://www.youtube.com/watch?v=3u1MFeHl3hg,Brendan Ashmore,2020-10-16 04:25:52,2019-02-01 00:00:11
Section 1 – Rave 'n' Rage,https://www.youtube.com/watch?v=EjTFdv9YFFc,You Love Dance.TV,2020-10-22 04:13:20,2019-04-26 07:00:00
Senorita (Basslouder Remix),https://www.youtube.com/watch?v=br-Ojfn1WOU,Lunacee - Topic,2020-11-01 17:19:54,2019-08-15 10:31:18
Rhythm Is A Dancer (Timster & Ninth Remix),https://www.youtube.com/watch?v=X_rA8r33Gsk,Chillymouse - Topic,2020-11-03 09:14:54,2019-11-07 10:14:28
Jebroer x Regi - Rebel,https://www.youtube.com/watch?v=ACqyGWYM6QY,ROQ 'N ROLLA Music,2020-11-19 13:34:39,2019-12-06 06:00:17
Return Zyzz Hardstyle,https://www.youtube.com/watch?v=eat5A2sWqJI,Tevvez,2020-11-19 13:40:59,2019-11-08 13:00:12
Outsiders & The Partysquad feat. Donnie - Leven Voor De Rave,https://www.youtube.com/watch?v=G0fpVHwO6Us,ROQ 'N ROLLA Music,2020-11-21 20:22:34,2019-02-22 08:56:11
The Pitcher - Drunk On The Night [Official Video],https://www.youtube.com/watch?v=WK-hAtDK_Cw,The Pitcher,2020-11-22 09:34:42,2019-10-09 10:00:10
R3hab x A Touch Of Class - All Around The World (Brennan Heart Remix) (Official Videoclip),https://www.youtube.com/watch?v=gzK-eTNfDDM,I AM HARDSTYLE,2020-11-28 15:15:36,2019-12-10 15:33:25
The Nation vs. Diven - Fireflies (Radio Edit),https://www.youtube.com/watch?v=ad6kpCuKz5E,Hands Up Generation,2020-12-03 12:09:01,2019-07-08 17:38:17
Butterflies (Hardtrance Mix Extended),https://www.youtube.com/watch?v=jVi6KXmrPEM,DJ Klubbingman - Topic,2020-12-03 12:18:29,2019-06-30 10:12:49
Mad-Masterz - Ma Armastan Luuserit (Bulldozzer Remix),https://www.youtube.com/watch?v=aErQRKvg97A,Hands Up Generation,2020-12-04 05:03:09,2019-09-16 17:58:22
NoYesMan feat. Phine - Why (DrumMasterz Remix),https://www.youtube.com/watch?v=G1NRGSr05O8,Hands Up Generation,2020-12-22 14:14:42,2019-10-10 18:03:09
Jack of Sound - My Mind,https://www.youtube.com/watch?v=Ob0Occu20Pk,Scantraxx,2021-01-22 12:13:31,2019-01-10 15:00:03
Singin Dam Di Da Doo (Jorg Schmid Remix),https://www.youtube.com/watch?v=VUgex2N3HDA,Eyeopener - Topic,2021-02-11 16:08:46,2019-08-15 10:50:34
Singin Dam Di Da Doo (Flip & Fill Remix),https://www.youtube.com/watch?v=7Rm0wHX1JLA,Eyeopener - Topic,2021-02-11 20:33:16,2019-08-15 10:50:33
RiraN ft. core mc - Take The Long Way Home (Official Audio),https://www.youtube.com/watch?v=282jAQmxV5I,RiraN Official,2021-02-21 17:38:30,2019-11-28 12:27:34
N-Vitral & Imperial - ALPHA (Official Music Video),https://www.youtube.com/watch?v=ritKcm84iws,N-Vitral,2021-03-01 20:10:40,2019-10-23 14:15:00
Bodybangers Feat. Carlprit & Linda Teodosiu - One More Time (DJ THT vs Ced Tecknoboy Remix Edit),https://www.youtube.com/watch?v=Qz3y0MEP92w,Hands Up Generation,2021-04-03 16:14:59,2019-10-07 19:47:53
Avi8 - Homestead [HQ Edit],https://www.youtube.com/watch?v=tu2bGdBsEqs,EuphoricHardStyleZ,2021-04-17 12:27:36,2019-12-25 21:32:59
The Spark (Happy Hardcore Edit),https://www.youtube.com/watch?v=TNJcJwxnEKM,Scott Brown - Topic,2021-05-12 06:40:00,2019-01-02 10:16:30
Not My Dream (Nick Unique Radio Edit),https://www.youtube.com/watch?v=Ktwo2JMW8XE,NoYesMan - Topic,2021-05-18 05:00:24,2019-06-29 10:03:37
Stonehenge (Extended Mix),https://www.youtube.com/watch?v=PhPmKliIydI,Nick Skitz - Topic,2021-05-18 07:22:24,2019-12-26 10:12:49
ANDY SVGE - Greatness (Official Audio),https://www.youtube.com/watch?v=A2c3iXaHVIE,Brennan Heart,2021-05-22 12:32:03,2019-04-24 14:47:09
Dj R. Gee Vs. Mario Lopez - Angel Eyes 2k19 (Dan Winter Remix),https://www.youtube.com/watch?v=PuqAqW10Bbs,Hands Up Generation,2021-05-23 05:51:45,2019-03-04 16:36:04
Dj Thera - The Lights [Official Vizualizer],https://www.youtube.com/watch?v=uxOmB7TKx5M,Theracords,2021-06-08 18:26:02,2019-11-21 15:43:05
DJ Thera & Aversion - Clouds [Official Vizualizer],https://www.youtube.com/watch?v=Mt-ZTNymkVY,Theracords,2021-06-08 18:38:47,2019-09-23 12:35:55
Riot Shift & Firelite - Out of Time,https://www.youtube.com/watch?v=jizTL1UmQSQ,Theracords,2021-06-08 18:55:31,2019-05-17 13:28:13
ElementD ft. Harley Bird - White Lies,https://www.youtube.com/watch?v=L79IF_4kSdQ,Scantraxx Prospexx,2021-06-21 18:20:02,2019-11-14 14:00:02
Serzo - Go Crazy,https://www.youtube.com/watch?v=eVFtkpO_tO0,Scantraxx Prospexx,2021-06-21 18:49:45,2019-10-10 13:00:13
Serzo & Memorize - Escape,https://www.youtube.com/watch?v=YRQB4SuB7Z4,Scantraxx Prospexx,2021-06-21 18:56:08,2019-10-10 13:00:07
Alex Megane - Hurricane (Cascada Remix Edit),https://www.youtube.com/watch?v=HVtDaFdTO9w,Hands Up Generation,2021-07-31 08:20:56,2019-05-15 15:39:18
Warface & E-Force - FTP (Bionicle Bootleg) [FREE DOWNLOAD],https://www.youtube.com/watch?v=C19BUjMSdxw,BIERONICLE,2021-08-01 19:59:48,2019-01-31 11:40:16
Phuture Noize - I Wasted All Of My Time | Q-dance Records | Official Video,https://www.youtube.com/watch?v=eMTSRFmJ49I,Q-dance,2021-08-21 10:02:55,2019-07-18 11:00:06
Sonera & Clubface feat. Tom E. – Rollergirl (Dj R.Gee vs. RainDropz! Remix Edit)),https://www.youtube.com/watch?v=LxmpPP6CIO4,You Love Dance.TV,2021-10-07 08:07:47,2019-08-23 07:45:02
Sub Zero Project - Patient Zero (Official Video),https://www.youtube.com/watch?v=lO_aLfWZA88,Dirty Workz,2021-11-11 21:36:00,2019-04-16 16:45:25
Headhunterz & Sub Zero Project - Amen (Official Video),https://www.youtube.com/watch?v=CvV7SHDRoOI,Dirty Workz,2021-11-11 21:39:09,2019-05-17 11:58:19
Frequencerz & Sub Zero Project - The Source (Official Video Clip),https://www.youtube.com/watch?v=_1IrH4F-2LE,Dirty Workz,2021-11-11 21:39:20,2019-07-18 17:11:29
Coone & Sub Zero Project - Face Of A Champion (Official Video),https://www.youtube.com/watch?v=WXeZdifhS58,Dirty Workz,2021-11-11 21:51:01,2019-12-06 18:00:10
Sub Zero Project - PSYchopath (Official Video),https://www.youtube.com/watch?v=Avbz-yykz2g,Dirty Workz,2021-11-11 21:51:48,2019-11-07 18:00:10
Aftershock - Heroes Of The Night (Official Audio),https://www.youtube.com/watch?v=UGeZDKORgug,Brennan Heart,2021-11-19 14:39:22,2019-11-25 14:00:07
Looking Like That (Club Mix),https://www.youtube.com/watch?v=sfbhjMDShdY,DJ Fait - Topic,2021-11-21 21:14:14,2019-07-04 10:05:37
Lookout Weekend 2012 (Ti-Mo Remix),https://www.youtube.com/watch?v=vMwJugwMxkM,Pulsedriver - Topic,2021-12-03 21:11:21,2019-01-14 04:13:45
Don't Go 2k18 (Raindropz! Remix),https://www.youtube.com/watch?v=UsYOaelBOq0,Marc Kiss - Topic,2021-12-03 21:12:41,2019-01-14 03:40:19
Heimweh (RainDropz! Remix),https://www.youtube.com/watch?v=eMR6gKslPmo,Andrew Spencer - Topic,2021-12-03 21:13:50,2019-11-26 20:52:12
Jason Parker - Voyage Voyage (FluxStyle Remix Edit),https://www.youtube.com/watch?v=biV_4i9jr0s,Mental Madness Records,2021-12-03 21:14:27,2019-11-28 23:00:06
Spinnin' Around (Danceboy Remix Edit),https://www.youtube.com/watch?v=8TMtMV2ebhA,Andrew Spencer - Topic,2021-12-06 00:44:14,2019-01-14 03:40:22
Love Lifts Me Up (Imprezive Meets Pink Planet Remix),https://www.youtube.com/watch?v=CBiIynHW3dk,Elysha - Topic,2021-12-06 00:45:14,2019-01-14 03:44:12
Million Miles from Home (DJ Manian vs. Tune Up! Remix),https://www.youtube.com/watch?v=72_jJ0gyWbg,AKIRA - Topic,2021-12-12 17:51:25,2019-01-14 04:13:31
Miko from Outta Space (Hands up Mix),https://www.youtube.com/watch?v=UScKqDWdbOQ,Basslovers United - Topic,2022-01-09 10:12:12,2019-01-14 03:45:05
Military Storm,https://www.youtube.com/watch?v=xM3QSy_JRWM,3lation - Topic,2022-01-14 12:49:35,2019-11-28 10:04:43
MYST - Dreamteam,https://www.youtube.com/watch?v=LwW0Qk-NQsA,Nightbreed,2022-01-14 15:50:57,2019-10-25 06:00:04
In My Life,https://www.youtube.com/watch?v=_lEcLVPgIfM,Rufo - Topic,2022-05-25 23:03:38,2019-11-04 21:03:55
Muusa,https://www.youtube.com/watch?v=7v3TKyPX9iM,Laura - Topic,2022-07-07 16:52:43,2019-01-13 14:43:12
Aftershock & LXCPR - Chosen One,https://www.youtube.com/watch?v=4ipcwv9DMDQ,Aftershock,2022-10-11 19:23:13,2019-08-28 14:45:01
Rawphoricz - Heart Beating (Radio Edit),https://www.youtube.com/watch?v=Z9EHag7eIcQ,Mental Madness Records,2022-11-18 13:41:44,2019-08-08 22:00:03
Pulsedriver & DJ Fait - I Come Undone (Topmodelz Remix),https://www.youtube.com/watch?v=xDUzofAX42c,AqualoopTV,2022-11-20 11:02:33,2019-11-14 23:15:12
Alex M. vs. BlackBonez - True Faith (The Nation Remix Edit),https://www.youtube.com/watch?v=-4mYz4VrMOc,Mental Madness Records,2022-11-29 19:35:02,2019-11-14 23:00:00
Beatnerz & Bentley Jones - Lonely People (JP Project Remix Edit),https://www.youtube.com/watch?v=iw_wLGeCVn4,Mental Madness Records,2022-12-02 09:26:41,2019-01-24 23:00:02
Vertile - Through My Brain,https://www.youtube.com/watch?v=otXbzQmuPdQ,Vertile,2022-12-14 18:35:58,2019-06-27 08:51:27
Polizei,https://www.youtube.com/watch?v=vxGndSxnUms,Jebroer - Topic,2023-02-02 17:13:19,2019-02-11 14:44:57
Andromedik - First To Go (ft. Ayah Marar),https://www.youtube.com/watch?v=n61OFC-UxBY,Liquicity,2023-02-14 16:50:35,2019-11-08 13:00:18
[TR003] TWSTD ft. MC Instinct - The Twist,https://www.youtube.com/watch?v=byBM4uRURZY,Triplex Records,2023-06-04 03:47:48,2019-10-11 14:31:57
Back to Life (Basslouder Remix),https://www.youtube.com/watch?v=wD9Xa3DlNJY,MaLu Project - Topic,2023-06-28 17:02:49,2019-01-14 04:14:17
Brain Crackin',https://www.youtube.com/watch?v=POs0PRuru7s,Showtek - Topic,2023-06-28 17:12:48,2019-08-13 12:07:12
Effused - Heartbeat,https://www.youtube.com/watch?v=xhQnMoVkVEc,Scantraxx Prospexx,2023-07-05 17:12:44,2019-08-08 20:52:57
A.B - Alright (Fracus & Darwin Remix),https://www.youtube.com/watch?v=eG9TV52iZJI,StaminaRecordsUK,2023-07-30 03:46:11,2019-08-26 19:47:21
