Frozenfrog & Fluxx - Pinball (Tronix DJ & Uwaukh Happycore Remix Edit),https://www.youtube.com/watch?v=6Wq0cNGzoqQ,Hands Up Generation,2021-01-16 10:13:30,2021-01-15 17:59:19
Sub Zero Project x Warface - Obey No More (Official Video Clip),https://www.youtube.com/watch?v=kppeeTKLfYE,Dirty Workz,2021-01-24 08:05:07,2021-01-14 18:00:09
Ziggy X feat. Sedutchion – Frequencies Lost,https://www.youtube.com/watch?v=YinLOG-v5PU,You Love Dance.TV,2021-01-29 10:16:04,2021-01-29 08:30:08
Wallace feat. Murron MacClannough - Show Me The Light (Official Music Video HD),https://www.youtube.com/watch?v=EB2n3xWStrI,Zooland.TV,2021-02-02 19:41:34,2021-02-02 19:16:51
Nightcraft - Into The Dark (Official Videoclip),https://www.youtube.com/watch?v=2yhKJQkvcms,Scantraxx,2021-02-12 15:11:46,2021-02-05 15:00:02
RiraN & Yuta Imai - You Need (Official Audio),https://www.youtube.com/watch?v=1PE4WlGpV6w,RiraN Official,2021-02-13 10:51:45,2021-02-13 08:29:02
B-Front & Udex - Falling (official videoclip),https://www.youtube.com/watch?v=-44J8_cdvaY,B-Front,2021-02-18 12:40:26,2021-02-18 09:00:15
DJ AniMe - My Beat,https://www.youtube.com/watch?v=c01M4a2WdXk,DJ AniMe,2021-02-18 14:05:21,2021-02-18 14:00:19
Rebelion & Sound Rush - Hypnotized (Official Videoclip),https://www.youtube.com/watch?v=TA2nQNrpCzE,Scantraxx,2021-02-18 16:43:00,2021-02-18 15:00:09
N-Vitral - King Of The Underground (Official Videoclip),https://www.youtube.com/watch?v=_sQ8vjW79C8,Masters of Hardcore,2021-02-19 06:23:07,2021-02-18 15:30:02
Ran-D & D-Sturb Ft. Xception - Dance With The Devil (OUT NOW),https://www.youtube.com/watch?v=Pt4j2UhS8Kw,Roughstate,2021-02-19 20:04:02,2021-02-18 23:00:04
MYST - The Path We Take (Official Audio),https://www.youtube.com/watch?v=2jBZAWqEs4w,MYST,2021-02-19 20:29:35,2021-02-19 11:00:13
Harris & Ford x Neptunica - Bye Bye (Official Video 4K),https://www.youtube.com/watch?v=hicFkYsX8rY,Kontor.TV,2021-02-20 15:35:52,2021-02-19 09:24:33
Wellerman (Harris & Ford Remix) - Captain X,https://www.youtube.com/watch?v=TzWPOrFwvTM,Harris & Ford,2021-02-20 15:36:16,2021-02-12 10:37:33
Dr. Peacock - Trip to Valhalla (Official Video),https://www.youtube.com/watch?v=VAo065vRO4Q,Dr. Peacock,2021-02-20 18:48:47,2021-02-19 07:16:31
Gunz For Hire - Toy Soldiers (official videoclip),https://www.youtube.com/watch?v=rOv0_6Cf3Bo,Gunz For Hire,2021-02-22 12:45:39,2021-01-29 10:45:01
Ghost Stories (D-Block & S-te-Fan) - Inside My Head (Official Audio),https://www.youtube.com/watch?v=OZbCgF0QLf8,Scantraxx,2021-02-24 12:27:23,2021-02-23 17:00:07
Ela - Wieso (Official Video HD),https://www.youtube.com/watch?v=Ax-Q6sXqgdc,Kontor.TV,2021-02-26 13:13:31,2021-02-14 09:00:02
Leony - Faded Love (Official Video 4K),https://www.youtube.com/watch?v=CE7ymQByeH0,Kontor.TV,2021-02-26 13:16:14,2021-01-15 11:00:10
Malice - Another Day (Official Video),https://www.youtube.com/watch?v=ScAW9kk6me8,Aggressive Records,2021-02-28 20:06:36,2021-01-11 17:00:12
Ran-D & D-Sturb Ft. Xception - Dance With The Devil (official videoclip),https://www.youtube.com/watch?v=E3qva9W5B-4,Ran-D,2021-02-28 20:19:11,2021-02-26 09:00:12
Warface - Bloody Valentine,https://www.youtube.com/watch?v=4Yr2Wdasu-Q,End of Line Recordings,2021-02-28 20:19:56,2021-02-15 10:29:06
Bloodlust feat. Carola & Livid - The Assassins (Official Videoclip),https://www.youtube.com/watch?v=pFYV041nnyM,End of Line Recordings,2021-02-28 20:20:24,2021-01-22 11:00:12
Mathew Vice - Underground Underdog | NEXT,https://www.youtube.com/watch?v=zYIOqMXvf_8,Q-dance Music,2021-02-28 20:26:12,2021-02-01 16:00:20
Heatwavez & TESFY - Embrace (Official Video),https://www.youtube.com/watch?v=Oxq_esu2b6Y,Dirty Workz,2021-03-01 18:20:09,2021-03-01 18:00:05
D-Block & S-te-Fan - Good Times,https://www.youtube.com/watch?v=2lJcpn943w0,D-Block & S-te-Fan (DBSTF),2021-03-01 20:18:43,2021-01-26 16:00:11
Proto Bytez - Feel So Free (Official Audio),https://www.youtube.com/watch?v=l2sK_l1nleE,Scantraxx,2021-03-02 15:28:07,2021-03-02 15:00:16
JNXD - The End (Official Video),https://www.youtube.com/watch?v=BSw1w-ctrVs,Dirty Workz,2021-03-03 16:08:04,2021-02-11 18:00:12
Wildstylez - Revenge (Official Audio),https://www.youtube.com/watch?v=fp_YhST4fVw,Scantraxx,2021-03-04 20:48:35,2021-03-04 13:00:12
Magnuz & Ryptox - Be The Hero | Q-dance presents NEXT,https://www.youtube.com/watch?v=LmEbAKrd1Ms,Q-dance Music,2021-03-08 17:15:58,2021-03-08 15:00:15
Master Blaster vs. Turbo B - Ballet Dancer (Video Mix) (4K),https://www.youtube.com/watch?v=ATxfdwGaqCM,Hands Up Generation,2021-03-08 17:18:15,2021-03-08 17:13:13
Ecstatic & Audiotricz ft. MERYLL - Wildest Dreams (Official Lyric Video),https://www.youtube.com/watch?v=dHVq4zmLFHM,Dirty Workz,2021-03-12 18:49:18,2021-02-24 11:00:17
That Feelin - S3RL Ft Kayliana,https://www.youtube.com/watch?v=9tp50icGhX8,S3RL,2021-03-12 20:40:43,2021-03-03 22:46:25
Jebroer x Harris & Ford - The Master (Lyric Video),https://www.youtube.com/watch?v=5GbBeDvCpRk,ROQ 'N ROLLA Music,2021-03-13 16:58:48,2021-01-15 07:30:10
The Pitcher ft  Mary Sweet - Collide (Official Video),https://www.youtube.com/watch?v=Pz8XfMgPvds,The Pitcher,2021-03-14 18:09:53,2021-02-09 18:00:17
More Kords - Lose Your Love (Feat. Alicia Orozco),https://www.youtube.com/watch?v=yRskwGIJ0Is,More Kords,2021-03-17 08:30:26,2021-03-16 23:00:21
Aria - Left The Ground (Official Lyric Video),https://www.youtube.com/watch?v=iQ_2F_hM64I,Dirty Workz,2021-03-17 10:19:42,2021-03-16 18:00:07
Sub Zero Project - HALO (Official Video),https://www.youtube.com/watch?v=hlr0dKBU-Gs,Dirty Workz,2021-03-18 05:57:43,2021-03-17 18:00:14
Primeshock - Everybody Dance Now (Official Video),https://www.youtube.com/watch?v=fA2aMgtnPq0,Dirty Workz,2021-03-19 14:27:35,2021-03-18 18:00:16
MYST & Elyn - Arms Of Sorrow (Official Music Video),https://www.youtube.com/watch?v=L7wksumMA8A,MYST,2021-03-22 15:26:42,2021-03-12 11:00:14
TCM - Back To You (Official Audio) [Copyright Free Music],https://www.youtube.com/watch?v=QviaFQU9BeE,Dirty Workz,2021-03-24 13:22:28,2021-03-24 11:00:08
Steve Modana – Time Machine (Steve Jetric Remix),https://www.youtube.com/watch?v=ztFOdqK3a-8,You Love Dance.TV,2021-03-25 08:32:49,2021-03-25 08:00:09
Quickdrop – So Predictable,https://www.youtube.com/watch?v=nrpegWToPp8,You Love Dance.TV,2021-03-25 11:14:49,2021-03-12 09:00:20
Lando Lennox – This Way,https://www.youtube.com/watch?v=06L8ruVZV04,You Love Dance.TV,2021-03-25 11:18:59,2021-03-05 09:00:00
Dj Quicksilver & DAG – Zulu (Van der Karsten Remix),https://www.youtube.com/watch?v=fytAP2vLYVk,You Love Dance.TV,2021-03-25 11:24:17,2021-03-05 08:30:05
Sound Rush – Live Forever (D-Tunez Remix) | Q-dance presents SPEQTRUM,https://www.youtube.com/watch?v=QE9THPeh4zA,Q-dance Music,2021-03-25 20:16:33,2021-03-25 15:00:06
MYST - I Can See Now (Official Audio),https://www.youtube.com/watch?v=T_Y5AnJZo80,MYST,2021-03-26 12:31:02,2021-03-26 11:00:17
"Dexed - 1, 2 FCK U (Official Audio)",https://www.youtube.com/watch?v=kGJqAOKn_LI,Scantraxx Prospexx,2021-03-26 12:33:58,2021-03-25 15:00:13
Bright Visions - Supersonic (Official Audio),https://www.youtube.com/watch?v=d5Y4HJGJBfc,Scantraxx Prospexx,2021-03-26 12:36:58,2021-03-18 15:00:23
Limitless - Going Down (Official Audio),https://www.youtube.com/watch?v=FwyJRI8LT0Q,Scantraxx Prospexx,2021-03-26 12:39:47,2021-03-11 15:00:05
Ruff Limits & Crazed Keen - My Heart (Official Audio),https://www.youtube.com/watch?v=LWgdlz-Tb3c,Scantraxx Prospexx,2021-03-26 12:41:33,2021-03-09 15:00:07
Luca Testa ft. Reptile Room - No One Else (Official Audio),https://www.youtube.com/watch?v=-WEvXxyugLc,Scantraxx Prospexx,2021-03-26 13:08:52,2021-01-21 15:00:00
Adaro Ft. Robin Vane - Heaven High (official videoclip),https://www.youtube.com/watch?v=mQTOMSMnbG0,Adaro,2021-03-26 13:40:32,2021-03-26 09:00:30
Evil Activities & Korsakoff - Shadows (Official Videoclip),https://www.youtube.com/watch?v=7AwBQbU_Lyo,Masters of Hardcore,2021-03-26 21:56:24,2021-03-26 12:38:44
Wasted Penguinz & Firelite - Without You (Official Lyric Video),https://www.youtube.com/watch?v=HXStZNQg68Y,Dirty Workz,2021-03-28 15:15:46,2021-03-23 11:00:15
D-Charged - Disruption (Official Audio),https://www.youtube.com/watch?v=3V0PQHacqjw,Scantraxx,2021-03-29 13:20:59,2021-03-26 15:00:01
Re-Style - We Are Hardcore (Official Videoclip),https://www.youtube.com/watch?v=dyFlq48Dn0Q,Masters of Hardcore,2021-03-29 17:05:00,2021-03-26 13:36:24
Joey Riot x Technikore x Suae - Let Me Hear You Roar [OneSeventy],https://www.youtube.com/watch?v=naC1A2S_EVs,OneSeventy,2021-03-30 11:09:07,2021-03-17 21:10:25
Unproven - Started A Fire,https://www.youtube.com/watch?v=T0yM-r0csYo,Unproven,2021-03-30 16:33:46,2021-02-11 09:42:39
Galactixx ft. Stef Classens - Young (Official Music Video),https://www.youtube.com/watch?v=G_6F1xhgbMo,Galactixx,2021-03-31 11:33:46,2021-03-31 10:00:17
The Saints - Rescue Me (OUT NOW),https://www.youtube.com/watch?v=IoW2OhWSE7I,Roughstate,2021-03-31 11:41:37,2021-03-31 09:45:01
PLN-B - Feelings (OUT NOW),https://www.youtube.com/watch?v=HhXqIVY_eVQ,Roughstate,2021-04-05 09:30:57,2021-04-02 10:59:12
Unproven - Right Kind Of Wrong,https://www.youtube.com/watch?v=9E49v6lzdGc,Unproven,2021-04-08 10:28:27,2021-04-08 09:27:25
B-Front & Deluzion - Unfold Me (OUT NOW),https://www.youtube.com/watch?v=PybKZhuKurI,Roughstate,2021-04-09 11:10:25,2021-04-09 09:45:00
Devin Wild - Broken | Q-dance Records,https://www.youtube.com/watch?v=WkbBOY7_QSQ,Q-dance,2021-04-09 11:15:19,2021-04-09 11:00:14
Sound Rush - Break My Fall (Official Videoclip),https://www.youtube.com/watch?v=UAlt8-7g9UQ,Art of Creation,2021-04-09 14:47:37,2021-04-08 15:00:14
4* - Forgive (Official Audio) [Electric Fox],https://www.youtube.com/watch?v=S6B4cW_rQ4Q,Dirty Workz,2021-04-13 10:12:08,2021-04-13 10:00:18
Scooter – Groundhog Day (Official Video),https://www.youtube.com/watch?v=jkDA6eVYRo8,Scooter,2021-04-16 07:47:12,2021-04-15 22:00:14
Harris & Ford x Maxim Schunk - Lost in You (Official Video),https://www.youtube.com/watch?v=5XOzazX_UDo,Harris & Ford,2021-04-16 08:08:16,2021-03-26 11:00:14
B-Front & Deluzion - Unfold Me (official videoclip),https://www.youtube.com/watch?v=VbpWPNLSyPw,B-Front,2021-04-16 10:17:41,2021-04-16 10:00:13
Klaas - Ok Without You (Magun Bootleg) [Free Release],https://www.youtube.com/watch?v=Fjcfb2TmCP4,EuphoricHardStyleZ,2021-04-17 12:36:43,2021-04-02 11:44:34
Unsenses - Take It Back (Official Video),https://www.youtube.com/watch?v=6xpuTHw_3no,Dirty Workz,2021-04-17 12:44:38,2021-03-10 18:00:15
Absolutely Fantastic - Like A Prayer (Timster & Ninth Remix),https://www.youtube.com/watch?v=s0qt-8vrCys,zyxdance,2021-04-17 13:02:49,2021-04-16 07:31:00
Toneshifterz - Gonna Be Okay (Official Audio),https://www.youtube.com/watch?v=xc4Weo-hefY,I AM HARDSTYLE,2021-04-19 13:47:13,2021-04-19 12:15:01
John Bounce - Tell Me (Uwaukh Remix),https://www.youtube.com/watch?v=mu9N2p3mIgo,zyxdance,2021-04-19 15:11:47,2021-04-16 07:11:11
Forever Lost - High As You (Official Audio),https://www.youtube.com/watch?v=uv3-jplbf0A,Dirty Workz,2021-04-19 18:31:38,2021-04-19 17:00:19
Refuzion & Mandy ft. Amanda Collis - More Than A Human (Official Lyric Video),https://www.youtube.com/watch?v=L5zfcJQUEws,Dirty Workz,2021-04-20 08:52:03,2021-04-16 10:00:14
Semitoo & Marc Korn – The Melody (Stereo Faces Remix),https://www.youtube.com/watch?v=LFiGipa0bXY,You Love Dance.TV,2021-04-22 08:47:03,2021-04-22 07:00:05
"Gigi D'Agostino, Vize, Emotik - Never Be Lonely ( Lyric Video )",https://www.youtube.com/watch?v=si69k3NBmgs,GIGI D'AGOSTINO,2021-04-22 21:03:31,2021-03-04 23:00:06
Sephyx - Devil In The Eyes - (Diabolus) [Official Videoclip],https://www.youtube.com/watch?v=W4GxN1p1uvM,Art of Creation,2021-04-23 07:34:03,2021-04-22 10:00:13
MYST - Goodbye (Official Audio),https://www.youtube.com/watch?v=v2OsPj1WfNo,MYST,2021-04-24 12:48:28,2021-04-23 10:00:15
Vertile - The New Normal,https://www.youtube.com/watch?v=cIVILerGNPA,Vertile,2021-04-24 14:12:44,2021-04-23 14:00:28
Mike Candys - Sky (Official Lyric Video),https://www.youtube.com/watch?v=yLZ5G1xWWNM,Kontor.TV,2021-04-24 17:27:17,2021-04-22 15:01:44
89ers - No Go Go Go (Official Video HD),https://www.youtube.com/watch?v=aVd86Q_ToPg,Kontor.TV,2021-04-24 17:32:27,2021-04-02 08:00:01
LUNAX x Coopex x Marmy - Milky Way (Official Video HD),https://www.youtube.com/watch?v=24D8q6BzFzc,Kontor.TV,2021-04-24 17:36:21,2021-03-18 23:00:16
Vertile - Change This Place,https://www.youtube.com/watch?v=NZ-dDDqnee4,Vertile,2021-04-26 13:02:02,2021-03-12 15:00:14
Synthsoldier - Legendary (Official Video),https://www.youtube.com/watch?v=ufpOVTkNr7w,Dirty Workz,2021-04-27 14:11:54,2021-04-27 10:00:14
D-Block & S-te-Fan - New Year's Day,https://www.youtube.com/watch?v=H6uErG1e0KM,D-Block & S-te-Fan (DBSTF),2021-04-28 10:33:02,2021-01-01 15:00:09
Act of Rage & Digital Punk - Till Sunrise (Sefa & Act of Rage Remix),https://www.youtube.com/watch?v=OqKyAOHDwHw,Act of Rage,2021-04-28 16:25:45,2021-04-28 16:00:10
Crude Intentions & Nightcraft - Pray For Me (Official Videoclip),https://www.youtube.com/watch?v=GrI32HKVJEw,Scantraxx,2021-04-30 17:02:41,2021-04-30 13:19:45
Hang the DJ,https://www.youtube.com/watch?v=O2L3o8FYQNw,Scooter - Topic,2021-05-01 07:25:55,2021-04-15 10:34:02
Dancing Skies (Steve Dekay Extended Remix),https://www.youtube.com/watch?v=kumFRyq3meI,C-Systems - Topic,2021-05-01 10:05:56,2021-04-13 10:12:48
W&W x AXMO ft. Giin - Skydance (Official Video),https://www.youtube.com/watch?v=8JTbAOt3BKA,W&W,2021-05-01 19:11:25,2021-04-30 10:00:15
Frequencerz - Tomorrow & Beyond (Lars Edit) (OUT NOW),https://www.youtube.com/watch?v=hW__IV6wiBg,Roughstate,2021-05-07 12:36:37,2021-05-06 07:08:43
Digital Punk X Carola X Alee - Unbreakable (OUT NOW),https://www.youtube.com/watch?v=G1rfqioSk2k,Roughstate,2021-05-07 17:58:50,2021-05-07 14:04:24
Sub Zero Project - A New Beginning (Official Video),https://www.youtube.com/watch?v=J7ghxEgMxX8,Dirty Workz,2021-05-08 11:16:03,2021-05-06 17:00:16
Digital Punk X Carola X Alee - Unbreakable (official videoclip),https://www.youtube.com/watch?v=o2oLDDX6XOM,Digital Punk,2021-05-10 18:39:44,2021-05-10 17:00:32
Endless Summer - S3RL & DJ Satomi ft Ukiko,https://www.youtube.com/watch?v=1brN9vLkyiE,S3RL,2021-05-15 08:08:54,2021-04-15 22:07:03
Dr. Peacock & Sefa - Incoming (Official Video),https://www.youtube.com/watch?v=_6QlWKJhhKQ,Dr. Peacock,2021-05-21 17:49:37,2021-05-21 14:00:13
Sefa & Dr. Peacock - Everything is a Lie (Official Video),https://www.youtube.com/watch?v=WOaopMbyzLo,Sefa,2021-05-21 17:53:16,2021-05-14 14:00:16
le Shuuk - Dark Side of the Moon (Official Music Video),https://www.youtube.com/watch?v=fJXcqj1FHho,Spinnin' Records,2021-05-22 12:29:54,2021-03-03 13:00:27
Little Sis Nora - MDMA [Official Music Video],https://www.youtube.com/watch?v=6bYEtcwDhU8,AronChupa & Little Sis Nora,2021-05-23 21:25:04,2021-05-07 13:00:13
Luca Testa feat. Gid Sedgwick - Predator (Official Video),https://www.youtube.com/watch?v=CX8FBLarbJc,Dutch Master Works,2021-05-24 16:39:18,2021-04-09 15:00:05
Dj Lhasa & Dimatik- Giulia 2021 (Official Lyric Video),https://www.youtube.com/watch?v=9SsdUqQmcxk,Dimatik Music,2021-05-27 12:35:24,2021-03-12 10:30:15
Sefa & Dr. Peacock - Illusions (Official Video),https://www.youtube.com/watch?v=9iHsbBBpCCI,Sefa,2021-05-28 14:46:46,2021-05-28 14:00:12
Dr. Peacock & Sefa - Adagio (Official Video),https://www.youtube.com/watch?v=y4neJnxyPKk,Dr. Peacock,2021-05-28 14:51:29,2021-05-07 14:00:16
Nightcraft - Paradise (Official Videoclip),https://www.youtube.com/watch?v=mCKLuY3S2kY,Scantraxx,2021-05-28 19:09:59,2021-05-28 14:00:30
Little Sis Nora - MDMA (LazerzF!ne Bootleg Video Edit),https://www.youtube.com/watch?v=QpoyOxkimfA,Hands Up Generation,2021-05-29 13:04:39,2021-05-29 13:00:10
Sub Zero Project x Rebelion - Sinners Paradise (Official Music Video),https://www.youtube.com/watch?v=4q4qSr8v2gg,Rave Culture,2021-05-29 19:22:03,2021-05-21 10:00:26
MYST - Fight The Hardest (Official Audio),https://www.youtube.com/watch?v=9kiV7gcz_68,MYST,2021-05-30 10:25:37,2021-05-21 10:00:15
Jesse Jax - Victory Costs (Official Audio),https://www.youtube.com/watch?v=hNCDAn4uGx4,Dirty Workz,2021-06-02 19:12:55,2021-06-02 17:00:21
phuture noize - maniac. ft. mark vayne [music video],https://www.youtube.com/watch?v=pQQiRyKjKVk,Black Mirror Society,2021-06-03 20:44:19,2021-06-03 17:30:12
Dan-Rider - Showtime (TC Visualiser),https://www.youtube.com/watch?v=mnbHNxbWWRk,Theracords,2021-06-04 13:48:49,2021-06-01 08:00:24
Dj Thera - Till The Dawn (TC Visualiser),https://www.youtube.com/watch?v=ebEc_UqoA3o,Theracords,2021-06-04 14:52:56,2021-05-26 10:00:30
Dj Thera - Wait For You (Official Visualiser),https://www.youtube.com/watch?v=Nw-5CeHWrMg,Theracords,2021-06-04 18:00:13,2021-01-20 11:00:21
Dan-Rider - Higher (Official Visualiser),https://www.youtube.com/watch?v=rKnZFC_LlYY,Theracords,2021-06-04 18:11:23,2021-01-11 11:00:13
MYST - MYTH (Official Audio),https://www.youtube.com/watch?v=FW0ljW9-eU4,MYST,2021-06-05 13:36:31,2021-06-04 10:00:13
Aqua - Roses Are Red (LazerzF!ne Bootleg Edit 2021),https://www.youtube.com/watch?v=l4W4AfNG52Q,Aymeric Ingargiola,2021-06-05 14:53:08,2021-04-25 14:46:25
Noisecontrollers & Sephyx - Youngblood - (Luvenī) (feat. Diandra Faye) [Official Videoclip],https://www.youtube.com/watch?v=2D0VPbHFTFc,Art of Creation,2021-06-06 12:31:31,2021-05-27 15:00:13
Steve Modana & Rocco - Like a Child (Steve 80 Remix),https://www.youtube.com/watch?v=lI0uUCQYWVA,You Love Dance.TV,2021-06-09 16:29:53,2021-06-04 08:00:27
Nacion - Don't Run (Official Audio),https://www.youtube.com/watch?v=IiLEOgLaUmY,Scantraxx Prospexx,2021-06-13 16:20:14,2021-05-13 14:00:09
Limitless - Lights (Official Audio),https://www.youtube.com/watch?v=wqAicMqTLeE,Scantraxx Prospexx,2021-06-13 16:22:01,2021-05-11 15:29:37
Sacred Mind x Volture Ft. MC Activate - Fallen (Official Audio),https://www.youtube.com/watch?v=k-i5YvPmYpY,Scantraxx Prospexx,2021-06-13 16:39:32,2021-04-15 14:00:14
Rascal - To The Ground (Official Audio),https://www.youtube.com/watch?v=AK6tAwgVwnU,Scantraxx Prospexx,2021-06-14 16:45:10,2021-02-16 15:00:04
Faye - Ride Or Die (Official Audio),https://www.youtube.com/watch?v=n01Mi3soVJo,Scantraxx Prospexx,2021-06-14 16:59:14,2021-01-28 15:00:30
Divinez - Party Girl (Official Audio),https://www.youtube.com/watch?v=KkK34Wklf3k,Scantraxx Prospexx,2021-06-14 17:06:23,2021-01-14 17:00:07
Digital Mindz - The Portal (Official Audio),https://www.youtube.com/watch?v=tG0uc_FOayg,Dirty Workz,2021-06-16 15:12:40,2021-06-15 17:00:21
Hard Driver - Chemistry (Official Video),https://www.youtube.com/watch?v=RuG8CQNAGgY,Dirty Workz,2021-06-17 15:08:23,2021-02-03 18:00:10
phuture noize & b-front - violent storm. [visualizer],https://www.youtube.com/watch?v=BX1Xxq8udKQ,Black Mirror Society,2021-06-18 09:06:33,2021-06-17 17:00:45
Ran-D & Kronos - Virtual Reality (official videoclip),https://www.youtube.com/watch?v=5nVf3z2ICYg,Ran-D,2021-06-18 10:01:09,2021-05-14 08:00:01
Primeshock - Rewind (Official Video),https://www.youtube.com/watch?v=kpE3qe00utQ,Dirty Workz,2021-06-18 10:53:23,2021-06-18 10:00:10
Galactixx Ft. Stef Classens - Young (OUT NOW),https://www.youtube.com/watch?v=Y9r8GlXy-FA,Roughstate,2021-06-18 10:53:38,2021-03-26 11:00:30
Invector - Hell of a Ride (OUT NOW),https://www.youtube.com/watch?v=HDvpEo2T6YQ,Roughstate,2021-06-19 10:47:47,2021-06-15 22:00:06
BEAM x AVALON 1 - LIGHT OF MYSTERY (EARSQUAKER VIDEO MIX) 4K ULTRA HD,https://www.youtube.com/watch?v=kyTJGaj8fWM,BEAMTRAXX,2021-06-21 09:41:06,2021-06-20 12:36:03
Alex Megane - Neverland (NewDance Radio Mix),https://www.youtube.com/watch?v=E3VeWrnAEj0,Mental Madness Records,2021-06-23 10:46:50,2021-03-04 23:00:04
Klubbingman x Andy Jay Powell & Dj Fait ft Kim Alex - You Look Like Fire (Dj Fait Edit),https://www.youtube.com/watch?v=Q51o4xt9ORc,Hands Up Generation,2021-06-23 10:48:10,2021-02-24 17:34:16
Giga Dance - Used To Like,https://www.youtube.com/watch?v=pIfdSwx1aQU,Zooland.TV,2021-06-24 18:26:23,2021-03-25 23:00:10
Sephyx - The Game - (Arcānum) [feat. Diandra Faye] (Official Videoclip),https://www.youtube.com/watch?v=1UhMTe-d8as,Art of Creation,2021-06-25 19:18:14,2021-06-24 11:00:12
Re-Style - Kryptonite (ft Cammie Robinson) (Official Videoclip),https://www.youtube.com/watch?v=QoppFB8PaHM,Re-Style,2021-06-27 09:22:59,2021-06-25 14:15:58
Monster (Extended Mix),https://www.youtube.com/watch?v=wkFlzhaf7j0,Marc Korn - Topic,2021-06-27 17:12:32,2021-02-18 10:01:59
Voidax - World On Fire (OUT NOW),https://www.youtube.com/watch?v=09kPWem-ppI,Roughstate,2021-07-01 09:00:08,2021-06-29 22:00:00
Galactixx Ft. Art Felixx - Down On My Knees (OUT NOW),https://www.youtube.com/watch?v=UPtvaOB_CeE,Roughstate,2021-07-01 13:29:44,2021-06-28 07:01:57
Imperial - #WannaKnow (Official Videoclip),https://www.youtube.com/watch?v=DvapmAlh0wc,Scantraxx,2021-07-01 14:18:58,2021-06-30 14:00:05
Adrenalize & Demi Kanon - Silhouette (Official Audio),https://www.youtube.com/watch?v=sKCQGhGSu-E,Scantraxx,2021-07-01 17:01:24,2021-07-01 14:00:17
Brennan Heart - Way Of Life (Official Video),https://www.youtube.com/watch?v=5fNkuPrztcU,I AM HARDSTYLE,2021-07-01 17:35:14,2021-05-31 16:15:09
B-Front & Kronos - I Will Find You (Official Audio),https://www.youtube.com/watch?v=SGMvd7IEKTw,Scantraxx,2021-07-08 15:06:02,2021-07-08 14:00:21
DNZF950 // JAMIE B - LOVE ME (Official Video DNZ Records),https://www.youtube.com/watch?v=jvDp0LqtIF8,dnzrecords,2021-07-13 19:56:18,2021-02-15 13:05:18
Neroz & Irradiate - Forged In Fury (Official Videoclip),https://www.youtube.com/watch?v=Z9TnpHfaRkg,Scantraxx,2021-07-14 16:36:14,2021-07-14 14:00:12
Wav3motion - I Don't Know (Official Audio) [Copyright Free Music],https://www.youtube.com/watch?v=B0ijUYd32dQ,Dirty Workz,2021-07-14 22:00:45,2021-07-14 10:00:05
The Elite - A Thousand Journeys (Official Video),https://www.youtube.com/watch?v=QNybueLjiEA,Dirty Workz,2021-07-15 22:16:37,2021-07-15 17:00:11
Barber & Unproven - Like A Boss,https://www.youtube.com/watch?v=1KHiZxUiyAI,Unproven,2021-07-15 23:02:12,2021-07-15 08:03:08
Deepack - Together (Official Audio),https://www.youtube.com/watch?v=n3q7Wr0gQKI,Dirty Workz,2021-07-16 08:33:54,2021-07-02 10:00:33
Harris & Ford x Outsiders - Irrenhaus (Official Audio),https://www.youtube.com/watch?v=oZrV5rlQaF8,Harris & Ford,2021-07-16 12:26:09,2021-07-16 08:42:12
D-Sturb - Fire & Blood (Official Videoclip),https://www.youtube.com/watch?v=CxL2Wz4yklI,D-Sturb,2021-07-26 10:03:00,2021-07-22 16:00:12
D-Block & S-te-Fan - Gates Of Paradise (Official Audio),https://www.youtube.com/watch?v=FQjzjlySzFM,Scantraxx,2021-07-28 11:25:08,2021-07-27 17:00:09
Imperial - #ForeverGrindin' (Official Video),https://www.youtube.com/watch?v=qfTiCy6zZVI,Scantraxx,2021-07-28 11:29:36,2021-07-22 14:00:11
Hard Driver x Act of Rage - Driven By Rage (Official Video),https://www.youtube.com/watch?v=z0IWhXfi8YU,Dirty Workz,2021-07-28 11:31:40,2021-07-21 17:00:11
Dr Rude - Hypnotized (Official Video),https://www.youtube.com/watch?v=rA-6W2cBC9w,Dirty Workz,2021-07-28 11:36:05,2021-07-20 17:00:13
Hard Driver & DV8 - Daylight's Fading (Official Video),https://www.youtube.com/watch?v=bE0NUk01rJ4,Dirty Workz,2021-07-28 11:46:02,2021-07-07 17:00:11
Gammer x Tweekacore - Lose You (Official Video),https://www.youtube.com/watch?v=CHjIEukKS90,Dirty Workz,2021-07-28 11:48:13,2021-07-06 10:00:10
Hard Driver & Sound Rush ft. Diandra Faye - Lose Control (Official Video),https://www.youtube.com/watch?v=cDK2SLz91ZY,Dirty Workz,2021-07-28 12:38:31,2021-06-23 17:00:10
Ecstatic & Serzo ft. rainage - Night Alive (Official Video),https://www.youtube.com/watch?v=dGE5GXjNkKE,Dirty Workz,2021-07-28 12:40:41,2021-06-09 17:00:12
D-Stroyer ft. Ava Silver - Addicted To The Night (Official Video) [Copyright Free Music],https://www.youtube.com/watch?v=f8TDEjUA688,Dirty Workz,2021-07-28 12:41:04,2021-06-09 10:00:11
Break of Dawn - High (feat. MERYLL),https://www.youtube.com/watch?v=du4-W7pC-FQ,Art of Creation,2021-07-28 15:02:28,2021-07-20 14:00:30
Aftershock - Rise Of The Machines (Official Videoclip),https://www.youtube.com/watch?v=HJHlQea0MdY,Art of Creation,2021-07-28 15:14:04,2021-06-03 12:00:12
Noisecontrollers - They Pretend (Official Videoclip),https://www.youtube.com/watch?v=V-ISWDuf_k8,Art of Creation,2021-07-28 15:19:03,2021-03-25 15:00:13
KELTEK - Echo (Official Videoclip),https://www.youtube.com/watch?v=2CfClkc6LhM,Scantraxx,2021-07-29 14:30:46,2021-07-29 14:00:09
Cocaine - Maissouille & Mr. Bassmeister [FRENCHCORE 2021],https://www.youtube.com/watch?v=731L7raQcL4,Mr. Bassmeister,2021-07-29 14:48:12,2021-05-04 11:32:07
Van der Karsten & Stereo Amp Surfer – I Come Undone,https://www.youtube.com/watch?v=oaZ9By38liA,You Love Dance.TV,2021-07-29 17:40:11,2021-07-29 07:00:25
keep loving me. (tonight),https://www.youtube.com/watch?v=voKitNMMTao,Phuture Noize - Topic,2021-07-29 19:51:32,2021-07-15 10:08:31
Re-Style x Runeforce - A New Dawn (Official Videoclip),https://www.youtube.com/watch?v=gF1EBbQ4_mg,Re-Style,2021-07-30 10:51:41,2021-07-30 09:42:44
Lady Faith ft. Szen - Summer (Official Videoclip),https://www.youtube.com/watch?v=R3bkA6F0xVw,Scantraxx,2021-07-30 15:08:27,2021-07-30 14:00:10
Bassbrain - Drink Beer (Official Video) [Copyright Free Music],https://www.youtube.com/watch?v=uWEr9k84Rzg,Dirty Workz,2021-07-30 18:13:08,2021-07-30 10:00:14
TNT - Reverse The Bass | Q-dance Records | Official Video,https://www.youtube.com/watch?v=oteAfvKjcwI,Q-dance,2021-07-30 18:13:34,2021-07-23 16:00:10
Digital Mindz ft. Vivian Moon - Waiting To Be Saved (Official Audio),https://www.youtube.com/watch?v=5pzOKdJTcdI,Dirty Workz,2021-08-04 13:48:48,2021-08-03 17:00:03
JGSW - Into Pieces,https://www.youtube.com/watch?v=6-zE7vhNGqE,Art of Creation,2021-08-04 13:50:00,2021-08-03 14:00:01
Frontliner - Rock That Thing (Official Audio),https://www.youtube.com/watch?v=M8jZXWKVgV0,Scantraxx,2021-08-05 10:10:55,2021-02-04 13:00:07
Rebelion & Warface - Switchblades (Official Videoclip),https://www.youtube.com/watch?v=rSiHOF4P_kE,Scantraxx,2021-08-05 16:59:46,2021-08-05 14:00:10
Towards The Sun (Vertex & Rayvolt Remix),https://www.youtube.com/watch?v=66qQEdEkL2U,Re-Style - Topic,2021-08-05 20:35:59,2021-02-11 11:00:27
Steve Modana & Rocco - Catch the Sun,https://www.youtube.com/watch?v=bUjYhbBMVpI,You Love Dance.TV,2021-08-06 10:57:50,2021-08-06 08:00:10
Young & United,https://www.youtube.com/watch?v=O4CFxxtnwAA,Withard - Topic,2021-08-09 18:41:40,2021-08-05 21:02:00
REVIVE & Unproven - Carry Me Home (feat. Jemaine Jacobs),https://www.youtube.com/watch?v=BS_20kByC-c,Unproven,2021-08-12 06:58:52,2021-08-12 06:25:29
Dailucia - One Man's Dream (Official Audio),https://www.youtube.com/watch?v=CbiTkh6ymIs,I AM HARDSTYLE,2021-08-12 13:15:55,2021-08-12 12:01:33
Bass Modulators - Bass Ex Machina (Official Videoclip),https://www.youtube.com/watch?v=HcbED7R5WDw,Art of Creation,2021-08-12 17:25:04,2021-08-12 14:00:10
G4bby x HimbeerEs - Herzchen (Timster & Ninth extended remix),https://www.youtube.com/watch?v=rnEbTBmBmD4,WeAreOne,2021-08-14 18:57:55,2021-07-30 14:11:36
D-Mind - Close to You (Hardstyle),https://www.youtube.com/watch?v=D1goPXB97qo,Hard City,2021-08-17 18:46:27,2021-08-17 17:00:07
Touch Me (Spencer Hill Remix),https://www.youtube.com/watch?v=c80QrUi-CNE,Various Artists - Topic,2021-08-18 09:21:32,2021-02-16 10:17:46
Ran-D Ft. Xception & Diesel - Heaven & Hell (OUT NOW),https://www.youtube.com/watch?v=affW05XP8gk,Roughstate,2021-08-19 13:44:57,2021-08-18 22:00:00
Airwalk3r & Van Der Karsten – People,https://www.youtube.com/watch?v=rIrhFILF7Eo,You Love Dance.TV,2021-08-19 14:17:46,2021-08-19 07:30:04
Invector & Radianze - Erase Me (OUT NOW),https://www.youtube.com/watch?v=PAlwiSfdCaI,Roughstate,2021-08-19 14:38:30,2021-08-10 22:00:07
Klaas & Freischwimmer feat. Sary - Take My Hand (Mazza Remix),https://www.youtube.com/watch?v=CnYf5EMAB00,You Love Dance.TV,2021-08-20 09:27:02,2021-08-20 08:00:03
NCTRN - Numb (Death Punch Refix),https://www.youtube.com/watch?v=5oSIGqWbniI,Death Punch,2021-08-20 09:53:59,2021-03-11 19:36:26
Hard3eat - The Secret,https://www.youtube.com/watch?v=h3_WaaIpW5k,Hands Up Generation,2021-08-22 09:45:33,2021-08-21 17:37:14
Frequencerz - Burning (JNXD Remix) (Official Video),https://www.youtube.com/watch?v=kCgp1S_Vvx0,Dirty Workz,2021-08-23 08:01:25,2021-03-30 17:00:12
phuture noize  - pretty poison. [visualizer],https://www.youtube.com/watch?v=yAavfykj-94,Black Mirror Society,2021-08-25 19:02:03,2021-08-24 17:31:12
phuture noize - memories [visualizer],https://www.youtube.com/watch?v=OyMZGmfnVv4,Black Mirror Society,2021-08-27 06:34:35,2021-08-26 17:47:33
Unproven & Vato - Make It Loud (Bootleg),https://www.youtube.com/watch?v=I60Z8fyI6m0,Unproven,2021-08-27 12:40:06,2021-08-27 06:31:03
Hard Driver & B-Front - Infinity (Official Video),https://www.youtube.com/watch?v=YRZtZu5VfBI,Dirty Workz,2021-08-28 08:33:35,2021-03-11 18:00:16
D-Block & S-te-Fan - Promised Land (Phuture Noize Remix) (Official Audio),https://www.youtube.com/watch?v=aSH1aoZTYOs,Scantraxx,2021-09-08 19:13:51,2021-09-07 17:00:02
Nightcraft - Lost In Reality (Official Videoclip),https://www.youtube.com/watch?v=jPQrPS6ZXRk,Scantraxx,2021-09-10 19:51:20,2021-08-17 14:00:12
Retrospect - All Night (Official Audio),https://www.youtube.com/watch?v=GV7X6m9tMF8,Scantraxx,2021-09-10 19:51:59,2021-08-13 14:00:10
Neptunica x Shockz x Rebecca Helena - Marble (Official Video 4K),https://www.youtube.com/watch?v=6YBTleTwyG4,Kontor.TV,2021-09-10 19:54:59,2021-09-06 14:59:00
Harris & Ford x Outsiders - Irrenhaus (Official Video 4K),https://www.youtube.com/watch?v=niKTYQLwr6c,Kontor.TV,2021-09-10 19:59:22,2021-07-24 14:00:12
Outsiders x Bass Chaserz x Anita Doth - Popcorn,https://www.youtube.com/watch?v=73nzTGgPKFw,Rebl Records,2021-09-10 20:10:22,2021-06-25 08:00:40
Re-Style & Rayvolt - Breathless (Official Videoclip),https://www.youtube.com/watch?v=a-SlORgmwGU,Re-Style,2021-09-10 21:13:28,2021-09-10 13:06:08
Primeshock ft. Diandra Faye - Addicted To The Night (Official Video Clip),https://www.youtube.com/watch?v=Y6S6ST2v5oc,Dirty Workz,2021-09-11 16:23:23,2021-09-10 10:00:10
Darren Styles & Tweekacore - Without You (Official Video Clip),https://www.youtube.com/watch?v=N3eLRqx_LKs,Dirty Workz,2021-09-11 16:30:53,2021-09-09 17:00:11
Firelite - Running In The Night (Official Video),https://www.youtube.com/watch?v=7_HEqfdfm5Q,Dirty Workz,2021-09-11 16:35:39,2021-09-07 10:00:12
Gasta ft. Robbie Rosen - What I'm Made Of (Official Video) [Copyright Free Music],https://www.youtube.com/watch?v=0c6_k22G2dU,Dirty Workz,2021-09-11 17:29:25,2021-09-01 10:00:12
Hard Driver ft. Carola - Get Up And Dance (Official Video),https://www.youtube.com/watch?v=_EgvRnXjpEw,Dirty Workz,2021-09-11 18:09:29,2021-08-18 17:00:11
JNXD ft. Carola - My Own Way (Official Video),https://www.youtube.com/watch?v=Q1nLBTcXQMA,Dirty Workz,2021-09-11 18:10:02,2021-08-13 10:00:09
Unsenses - Falling (Official Video),https://www.youtube.com/watch?v=lmxnxuO4hsw,Dirty Workz,2021-09-11 18:13:29,2021-08-11 17:00:11
Darren Styles feat. Jelle Van Dael - Need To Feel Loved (Official Lyric Video),https://www.youtube.com/watch?v=K7h1hyXaG8k,SteveAATW,2021-09-11 18:16:42,2021-09-02 09:24:21
AniMe - No Matter (Official Videoclip),https://www.youtube.com/watch?v=9L1z-n7NxbY,Masters of Hardcore,2021-09-11 18:31:34,2021-03-26 12:00:02
DJ Thera - Can't Fight This Feeling (Official Video),https://www.youtube.com/watch?v=ksyUgfhhGh0,Dj Thera,2021-09-13 16:28:52,2021-09-13 14:00:20
D-Block & S-te-Fan - Fearless (Official Videoclip),https://www.youtube.com/watch?v=OIj0zULMv04,D-Block & S-te-Fan (DBSTF),2021-09-21 15:05:16,2021-09-21 15:00:11
Da Tweekaz & Oesch's die Dritten - Ich schenk' Dir einen Jodler (Official Video Clip),https://www.youtube.com/watch?v=BR8fG8ccqAA,Dirty Workz,2021-09-22 18:19:53,2021-09-21 16:00:11
Lady Faith ft. Mary Sweet - Speak My Mind (Official Audio),https://www.youtube.com/watch?v=wQ4JpvoJhv4,Scantraxx,2021-09-22 20:05:19,2021-06-08 14:00:31
Unproven - Piece Of You,https://www.youtube.com/watch?v=_ShuDtNftbM,Unproven,2021-09-23 13:10:58,2021-09-23 07:19:24
Harris & Ford x Maxim Schunk x Hard But Crazy - Checkmate (Official Audio),https://www.youtube.com/watch?v=u_hm-tYdu5c,Harris & Ford,2021-10-09 16:55:29,2021-10-01 14:01:16
Vanilla Ninja   - Gotta get it right (official video),https://www.youtube.com/watch?v=pcRmwd-32LU,Bros Music GmbH,2021-10-10 19:15:22,2021-06-18 16:00:11
To Your Beat,https://www.youtube.com/watch?v=4miDy60JkRk,S3RL - Topic,2021-10-16 16:25:49,2021-10-12 10:06:58
D-Block & S-te-Fan - Losing Control (Official Audio),https://www.youtube.com/watch?v=aost6-2KEMU,Scantraxx,2021-10-19 19:31:53,2021-10-19 17:00:01
D-Block & S-te-Fan - Enter Your Mind (Official Videoclip),https://www.youtube.com/watch?v=weZ1Uq4qHps,D-Block & S-te-Fan (DBSTF),2021-10-24 12:46:54,2021-06-29 15:00:10
D-Block & S-te-Fan and Villain - We Don't Stop (Lights Out) (Warface Remix) (Official Videoclip),https://www.youtube.com/watch?v=T96cANjqBvc,D-Block & S-te-Fan (DBSTF),2021-10-24 12:51:26,2021-07-13 15:00:10
D-Block & S-te-Fan - Gates Of Paradise (Official Videoclip),https://www.youtube.com/watch?v=kSiVGS-8yN0,D-Block & S-te-Fan (DBSTF),2021-10-24 12:55:22,2021-07-27 15:00:12
D-Block & S-te-Fan - Promised Land (Phuture Noize Remix) (Official Videoclip),https://www.youtube.com/watch?v=fdEh5P7anRI,D-Block & S-te-Fan (DBSTF),2021-10-24 13:02:21,2021-09-07 15:00:12
D-Block & S-te-Fan - Losing Control (Official videoclip),https://www.youtube.com/watch?v=SLUs6JyMDpM,D-Block & S-te-Fan (DBSTF),2021-10-24 13:08:29,2021-10-19 15:00:11
D-Sturb - Wanna Stay (Official Videoclip),https://www.youtube.com/watch?v=WELjfniakxM,D-Sturb,2021-10-24 13:43:04,2021-10-15 10:00:11
Cascada feat. Trans-X - One Last Dance (DJ Gollum & Empyre One Edit) (Official Music Video HD),https://www.youtube.com/watch?v=lgXfnfnvAZY,Zooland.TV,2021-10-25 16:41:52,2021-10-22 10:11:03
Cascada - Dangerous (Thyron Remix) (Official Music Video),https://www.youtube.com/watch?v=ObMCHNclRzM,Zooland.TV,2021-10-25 16:47:37,2021-08-19 22:00:08
Envine - All Around Me (Crypton Remix) | Q-dance presents QORE,https://www.youtube.com/watch?v=9k8pW2FYemM,Q-dance Music,2021-10-29 09:19:46,2021-10-29 07:51:20
Jay Reeve & Hardstyle Pianist ft. Elyn - Ignite The Fire (Official Lyric Video),https://www.youtube.com/watch?v=qJbYh5MG_R0,Dirty Workz,2021-10-29 21:04:43,2021-02-19 11:00:12
"FiNCH x SCOOTER - RAVE WiTCHERS (prod. Dasmo & Mania Music, Scooter)",https://www.youtube.com/watch?v=0AsPwoOeFcU,FiNCH,2021-10-29 21:08:15,2021-10-28 22:00:11
Da Tweekaz x LNY TNZ - So Easy (Official Video),https://www.youtube.com/watch?v=nTRML5nY9WI,Dirty Workz,2021-10-29 21:09:53,2021-04-22 10:00:11
D-Block & S-te-Fan - Kingdom (Sefa Remix) (Official Videoclip),https://www.youtube.com/watch?v=1oNObY96qeA,D-Block & S-te-Fan (DBSTF),2021-11-02 16:04:15,2021-11-02 16:00:11
Warface & D-Sturb - Midnight Paradise (Official Videoclip),https://www.youtube.com/watch?v=uxEotTWKJVA,WARFACE,2021-11-05 21:28:56,2021-11-05 14:00:13
Angerfist - What Happened,https://www.youtube.com/watch?v=L29sg3ZoVFs,Angerfist,2021-11-08 11:52:23,2021-08-19 17:08:49
A-RIZE - Heartbreak,https://www.youtube.com/watch?v=CtceQRQkQTg,Art of Creation,2021-11-09 15:08:11,2021-11-09 11:52:53
Adaro & Aftershock Ft. Ava Silver - The Now And Then (OUT NOW),https://www.youtube.com/watch?v=sSy5hmwOd8M,Roughstate,2021-11-11 08:28:09,2021-11-11 06:50:40
Adaro & Aftershock - The Now And Then (ft  Ava Silver) OFFICIAL VIDEO,https://www.youtube.com/watch?v=RIp142t4GUg,Adaro,2021-11-11 11:25:39,2021-11-11 11:00:11
Trip To Mars (Astronauts),https://www.youtube.com/watch?v=Sjoqh5-vHFg,Sub Zero Project - Topic,2021-11-11 21:33:12,2021-11-04 10:05:34
Sub Zero Project & Dimatik - Fight As One (Official Music Video),https://www.youtube.com/watch?v=VHbQN4-l5sQ,Spinnin' Records,2021-11-11 21:41:25,2021-09-06 15:00:10
Le Shuuk - kunterbunt (Official Video 4K),https://www.youtube.com/watch?v=JNPWPWucNOM,Kontor.TV,2021-11-12 08:50:13,2021-11-11 23:00:12
The Unit ft. Hicksu - Chasing (Official Audio) [Copyright Free Music],https://www.youtube.com/watch?v=9iH1lY-iyxs,Dirty Workz,2021-11-12 13:21:48,2021-05-05 10:00:06
Act of Rage & Nolz - Road Rage (Official Video),https://www.youtube.com/watch?v=sVYMUJLF3No,Act of Rage,2021-11-12 14:24:10,2021-11-12 12:29:10
Lost (feat. Nomar) (Pjonax Hardstyle Mix Extended),https://www.youtube.com/watch?v=F27RiB-xlUs,J4CKO - Topic,2021-11-12 22:45:39,2021-03-04 10:12:42
Shake Your Body,https://www.youtube.com/watch?v=m_jRZAh5Sv8,Quickdrop - Topic,2021-11-12 22:53:53,2021-10-28 10:02:01
Wasted Penguinz - Sacrifice (Official Video),https://www.youtube.com/watch?v=r2c0Lj6eypw,Dirty Workz,2021-11-15 22:41:34,2021-09-16 17:00:11
The Prophet - Listen To Your Hardcore (Official Videoclip),https://www.youtube.com/watch?v=0_yEma8pToE,Scantraxx,2021-11-18 20:26:46,2021-11-18 15:00:10
Klaas & Mister Ruiz – Feel only love (AXMO Remix),https://www.youtube.com/watch?v=s4wYWVruO6s,You Love Dance.TV,2021-11-19 14:40:10,2021-11-19 09:00:35
MaRLo & Monika Santucci - Colder (Nick Havsen Remix),https://www.youtube.com/watch?v=IlYgBvxcB3c,Reaching Altitude,2021-11-19 14:42:36,2021-11-19 05:00:13
Summermelody 2k21 (Stereo Faces Mix),https://www.youtube.com/watch?v=KVpzfjZLVb4,Empyre One - Topic,2021-11-19 14:43:25,2021-10-28 10:03:19
Ran-D X Sound Rush X LePrince - We Are The Storm (official videoclip),https://www.youtube.com/watch?v=sDEJflVP-V4,Ran-D,2021-11-24 20:58:01,2021-11-19 11:00:22
Cascada - Everytime We Touch (Sound Rush Remix) [GPF Remix],https://www.youtube.com/watch?v=6CxiA7QMgdY,GPF,2021-11-25 17:15:58,2021-01-26 14:00:03
B-Front ft Pleuni - Everlasting (Official Videoclip),https://www.youtube.com/watch?v=wv1huIisBmg,B-Front,2021-11-29 14:25:43,2021-11-29 14:18:00
Rooler & Sickmode - LOST & FOUND (Official Visualizer),https://www.youtube.com/watch?v=ubc6fxuz5_Y,Aggressive Records,2021-12-02 12:52:17,2021-12-02 08:26:32
MANDY & Damon Sharpe - No Looking Back (Official Video),https://www.youtube.com/watch?v=xc1l6OEhzQg,Dirty Workz,2021-12-02 20:27:39,2021-11-15 18:00:10
Pie Star - Lies (Official Video) [Copyright Free Music],https://www.youtube.com/watch?v=4itpE_TVOCk,Dirty Workz,2021-12-02 20:28:56,2021-11-17 11:00:10
Pherato - Lift Me Up (Official Audio),https://www.youtube.com/watch?v=c8EnA1C02I8,Dirty Workz,2021-12-02 20:43:02,2021-12-01 18:00:24
Adaro & Vertile - Walk With Me,https://www.youtube.com/watch?v=DGN8oI7KnEY,Adaro,2021-12-05 22:21:47,2021-06-11 08:00:03
Here with You (Extended Mix),https://www.youtube.com/watch?v=6vxZ-f5RAZY,99ers & Euphorizon - Topic,2021-12-06 00:42:29,2021-06-11 10:05:23
B-Front & Digital Punk - Away From You (Official videoclip),https://www.youtube.com/watch?v=fyp556Zwgr4,B-Front,2021-12-06 19:03:53,2021-12-06 16:00:11
Crystal Lake - Glory (Official Audio),https://www.youtube.com/watch?v=hdkow_x70iM,Dirty Workz,2021-12-15 13:40:40,2021-01-21 18:00:08
Harris & Ford - Survivors,https://www.youtube.com/watch?v=uyFL77bHc70,Harris & Ford,2021-12-17 18:22:40,2021-12-17 15:10:14
LIZOT x Harris & Ford - Neon Lights (Official Lyric Video),https://www.youtube.com/watch?v=bGzByo9IXMw,Club Sounds,2021-12-18 20:00:37,2021-11-22 19:00:11
D-Charged - Arrival (Official Audio),https://www.youtube.com/watch?v=O5nwLcqT44w,Scantraxx,2021-12-24 10:30:56,2021-12-23 16:00:11
Coone - Sir Gaga (Official Video) (Free Download),https://www.youtube.com/watch?v=6eub2QbZCy4,Coone,2021-12-24 23:45:33,2021-12-24 15:00:12
Cuebrick - Who's Gonna Save Me (Official Video HD),https://www.youtube.com/watch?v=4AvzXH5VLj8,Kontor.TV,2021-12-28 16:23:04,2021-12-17 10:00:02
Liberté (Sefa & Outsiders Remix),https://www.youtube.com/watch?v=UWG7Xe_wlhE,Parla & Pardoux - Topic,2022-01-01 11:38:46,2021-09-23 10:07:50
Harris & Ford x AXMO feat. Sarah De Warren - Dreams (Official Video),https://www.youtube.com/watch?v=gcKFS_AZN2E,Harris & Ford,2022-01-10 22:06:05,2021-10-29 09:39:20
Ummet Ozcan x Harris & Ford - Million Dreams (Official Music Video),https://www.youtube.com/watch?v=Y28UvRLX2GM,Spinnin' Records,2022-01-10 22:17:53,2021-06-21 10:00:11
Dash Berlin ft. Emma Hewitt - Waiting,https://www.youtube.com/watch?v=YYrZsH32rF8,Dash Berlin,2022-01-14 15:49:20,2021-06-08 14:27:14
Till The Sky Falls Down,https://www.youtube.com/watch?v=Tr7C0nBHOHI,Dash Berlin - Topic,2022-01-14 15:52:07,2021-05-18 10:48:44
"Dash Berlin - Man On The Run (with Cerf, Mitiska & Jaren) [Official Music Video]",https://www.youtube.com/watch?v=jySYvf2fm68,Dash Berlin,2022-01-14 15:53:15,2021-05-02 11:24:25
Odium - Adagio For Strings (Hardcore) (Videoclip),https://www.youtube.com/watch?v=2dGQwkoG7Mw,Frenchcore Hardcore,2022-01-16 12:12:32,2021-07-04 16:00:01
Rave Culture 2022,https://www.youtube.com/watch?v=AUJ38R9uXQU,Sub Zero Project - Topic,2022-01-25 15:39:35,2021-12-09 10:09:03
Blasterjaxx x Harris & Ford - Bassman (Official Video),https://www.youtube.com/watch?v=z2E7T0cr3o4,Harris & Ford,2022-02-11 14:37:55,2021-09-17 08:29:44
Timmy Trumpet x Cascada x Harris & Ford - Never Let Me Go (Official Audio),https://www.youtube.com/watch?v=EOuehxUen5U,Spinnin' Records,2022-02-12 16:18:15,2021-11-08 16:00:14
"Jebroer, Harris & Ford - Bloody Mary (Harris & Ford Remix)",https://www.youtube.com/watch?v=_qLoUI__7bw,Harris & Ford,2022-02-12 19:34:06,2021-10-31 11:44:54
Maxim Schunk x NOISETIME - Perfect Match (Harris & Ford PSY Edit),https://www.youtube.com/watch?v=bnvGzP8U-b4,Harris & Ford,2022-02-13 15:18:34,2021-08-03 17:30:10
Klaas x Harris & Ford - Running (Official Lyric Video),https://www.youtube.com/watch?v=D_nOn0UyV7k,Harris & Ford,2022-02-13 15:33:24,2021-04-30 19:15:41
Voidax - World On Fire (Roughstate ROUGHR095),https://www.youtube.com/watch?v=lO_RRBBDyWo,Voidax,2022-02-14 14:27:29,2021-06-30 07:35:34
Voidax - Kill This Machine | Q-dance presents NEXT,https://www.youtube.com/watch?v=iqB3Gj_hXsI,Q-dance Music,2022-02-14 14:38:44,2021-05-10 15:02:32
Broken Minds & D-Frek - Wanderer,https://www.youtube.com/watch?v=IxCUZXPI9aU,Masters of Hardcore,2022-02-17 23:18:15,2021-07-05 00:00:02
REVIVE - Party Elite (Official Videoclip),https://www.youtube.com/watch?v=BjNfuFT5qFQ,Scantraxx,2022-02-23 18:54:58,2021-05-19 13:00:05
Dance Tonight,https://www.youtube.com/watch?v=hoLDVyIkLEE,Timmy Trumpet - Topic,2022-03-14 13:07:06,2021-12-16 10:05:12
phuture noize - keep loving me (tonight). [visualizer],https://www.youtube.com/watch?v=E1zoLtrsDm0,Black Mirror Society,2022-03-14 15:46:23,2021-07-16 16:31:48
Denza - Sometimes (Official Video),https://www.youtube.com/watch?v=PGLv2SnqUT8,Dirty Workz,2022-03-18 11:04:54,2021-12-28 18:00:12
Frequencerz Ft. Mark Vayne - Ecstasy (OUT NOW),https://www.youtube.com/watch?v=sbxeFfOxBxk,Roughstate,2022-03-18 11:05:52,2021-02-25 23:00:30
When the Last Eagle Flies,https://www.youtube.com/watch?v=-rfe-Tv1jwU,N-Violent - Topic,2022-03-18 11:13:14,2021-11-22 14:18:03
Illuminate the Way (Radio Edit),https://www.youtube.com/watch?v=djmH6oYnPWs,Audiotricz - Topic,2022-03-18 11:15:14,2021-09-02 10:08:23
Cold Confusion - Bounce & Break (Official Videoclip),https://www.youtube.com/watch?v=l5u4Dfv4HEc,My Way Music,2022-03-18 11:16:09,2021-02-15 10:30:04
Andrew Spencer feat. Jorik Burema - Fade Away (Danceboy Remix Edit),https://www.youtube.com/watch?v=2M6-zbC4zGw,Mental Madness Records,2022-03-18 11:17:12,2021-07-08 22:00:01
We Are Not Alone,https://www.youtube.com/watch?v=CjaVdbGSNC4,Mindblast - Topic,2022-03-18 11:24:43,2021-11-23 14:57:13
DNZ450 // MIKY DJ - THINKING ABOUT U (Official Video DNZ Records),https://www.youtube.com/watch?v=cjIYIiV6l2U,dnzrecords,2022-03-18 11:34:50,2021-05-25 14:24:15
Crypton - Shadows [Official Videoclip],https://www.youtube.com/watch?v=vXPUpRRHilY,Crypton,2022-03-24 12:15:11,2021-04-14 22:00:13
ANDY SVGE & Hardstyle Pianist - Moonshine (Official Music Video),https://www.youtube.com/watch?v=tMmbkdildHY,I AM HARDSTYLE,2022-03-29 06:19:48,2021-05-10 14:00:14
atmozfears [the ancients] official music visualizer,https://www.youtube.com/watch?v=uBpaHaLBtsI,ATMOZFEARS,2022-04-17 16:47:51,2021-10-28 14:00:21
Inna - Hot (Sound Rush Remix) (Official Video),https://www.youtube.com/watch?v=rfP3qgDb0h0,Sound Rush,2022-04-22 10:46:17,2021-08-13 11:00:10
FiNCH & BLÜMCHEN - HERZALARM (prod. Dasmo & Mania Music),https://www.youtube.com/watch?v=RF-rFx3yVzA,FiNCH,2022-05-06 20:29:15,2021-06-24 22:00:10
Primeshock - Power Up (Official Video),https://www.youtube.com/watch?v=pkVkx8tKmok,Dirty Workz,2022-05-08 10:10:15,2021-05-05 17:00:19
Reflections,https://www.youtube.com/watch?v=82XyBshOhQg,The Bull Dj - Topic,2022-05-14 20:37:17,2021-10-07 10:07:58
I'm On Your Side,https://www.youtube.com/watch?v=j3hk6ft8OWM,Bad - Topic,2022-05-14 20:55:21,2021-09-02 10:06:10
Code Black & Atmozfears - One In A Million (ft. David Spekter) (Official Music Video),https://www.youtube.com/watch?v=Mpg1d0PLUWM,I AM HARDSTYLE,2022-05-21 08:52:26,2021-03-19 15:00:16
Ephoric - Forgiven (Official Audio),https://www.youtube.com/watch?v=LRHW9dIKGo4,Derailed Traxx,2022-05-25 22:49:17,2021-03-08 08:00:11
Brennan Heart & Jonathan Mendelsohn - Journey (Official Music Video),https://www.youtube.com/watch?v=jNWFDJKWAYw,I AM HARDSTYLE,2022-05-25 22:52:18,2021-03-11 16:00:15
Sky Is Falling (Original Mix),https://www.youtube.com/watch?v=BJfg72PcaOI,Ephesto - Topic,2022-05-25 22:53:05,2021-02-08 10:04:33
Coone - Insanity (Official Audio),https://www.youtube.com/watch?v=MmG3G_c2Ez0,Dirty Workz,2022-05-25 22:57:45,2021-01-14 11:00:15
Antergy - Cybertron (Official Audio),https://www.youtube.com/watch?v=XtBS8jr0euA,Derailed Traxx,2022-05-28 20:22:06,2021-05-02 22:00:08
Digital Mindz ft. Vivian Moon - Fortify (OfficialAudio),https://www.youtube.com/watch?v=YkwDvoi-v6E,Dirty Workz,2022-06-18 14:55:26,2021-03-09 18:00:19
Hero's Born,https://www.youtube.com/watch?v=ZrUiVaLJ1I0,D-Stroyer - Topic,2022-06-24 08:59:49,2021-05-06 11:02:48
Carlo Ratto - Sun Goes Up (B2A x Anklebreaker Hardstyle Remix) | HQ Videoclip,https://www.youtube.com/watch?v=Dp1ohH2SwyA,HardstyleUp2Datez [HU2Dz],2022-07-06 14:22:17,2021-03-10 17:00:14
Mazul - Love Of My Life (Official Audio),https://www.youtube.com/watch?v=z-NDLOqDXMA,Scantraxx Prospexx,2022-08-05 18:01:04,2021-07-20 14:00:32
We Found Your Weakness (with D-Ceptor),https://www.youtube.com/watch?v=kUIXEaUa7gk,Re-Fuzz - Topic,2022-09-04 21:33:14,2021-01-14 10:23:07
Remember Me,https://www.youtube.com/watch?v=QsvWBAsSnV4,Re-Fuzz - Topic,2022-09-05 07:41:41,2021-01-14 10:22:08
Devotion & AZGVRD - Miracles,https://www.youtube.com/watch?v=Y3wtVZNb-1I,Hardstyle Promotion,2022-09-09 08:02:24,2021-01-13 15:00:10
Strike Blood - Destruction,https://www.youtube.com/watch?v=ceF32drxJaI,Strike Blood,2022-10-11 19:35:14,2021-03-08 17:52:12
Never Meant,https://www.youtube.com/watch?v=UiiNc-h9MH8,Calderone Inc - Topic,2022-10-11 19:47:09,2021-11-04 10:04:57
DNZF1113 // RIK SHAW - I FOUND YOU (Official Video DNZ RECORDS),https://www.youtube.com/watch?v=EuOUAt7U2tU,dnzrecords,2022-10-11 19:47:36,2021-10-24 19:25:11
Exilium - Dance With The Edit [Official Video],https://www.youtube.com/watch?v=eUy33kj_DzU,Mandala,2022-10-30 15:11:19,2021-03-19 18:00:21
MYST - Life Eternal (Official Music Video),https://www.youtube.com/watch?v=rQpCWDD_5pw,MYST,2022-11-05 21:00:04,2021-01-08 11:00:12
Ben Nicky x Distorted Dreams - We Come 1 [Official Video],https://www.youtube.com/watch?v=Fouf3rpx5xk,Ben Nicky,2022-11-05 21:47:41,2021-11-05 08:09:29
Dr Skull - Back Home (Radio Edit),https://www.youtube.com/watch?v=CClFaf-MDQA,Mental Madness Records,2022-11-17 16:01:01,2021-07-01 22:00:11
Résistance - Sin Discoteca... No Fiesta! (Bodinic Remix),https://www.youtube.com/watch?v=ySBVk8PLuB8,Mental Madness Records,2022-11-17 16:24:55,2021-02-25 23:00:15
Aquagen & Andrew Spencer - Sing Hallelujah (RainDropz! Remix),https://www.youtube.com/watch?v=AlxDVeILR7A,Mental Madness Records,2022-11-24 19:07:08,2021-10-28 22:00:11
Andrew Spencer x NaXwell x DJ Combo ft. Ice MC - Think About The Way 2021(Timster & Ninth Rmx Edit),https://www.youtube.com/watch?v=KPPpwfarbjw,Mental Madness Records,2022-11-24 20:08:56,2021-10-14 22:00:12
Kompulsor - Around The World (La La La La) (Dr Skull Remix Edit),https://www.youtube.com/watch?v=2EMri18pWxQ,Mental Madness Records,2022-11-25 10:23:55,2021-08-12 22:00:13
Jenz im Glück - Tik Tik Tok (DrumMasterz Remix Edit),https://www.youtube.com/watch?v=HeVKRQyjJco,Mental Madness Records,2022-11-29 08:20:07,2021-01-14 23:00:04
Ran-D ft. Charlotte Wessels - The Reawakening (Qlimax 2021 Anthem) | Official Video,https://www.youtube.com/watch?v=IO-HsBRXKm0,Q-dance,2022-12-02 08:28:36,2021-10-13 15:00:12
Sickmode & Rooler - TOO COLD (Official Video),https://www.youtube.com/watch?v=-D-OPe7gO5Q,Aggressive Records,2022-12-03 17:48:08,2021-10-28 08:00:00
Jay Reeve ft. Elyn - Our Reality (Official Lyric Video),https://www.youtube.com/watch?v=j7CfY5ii8PA,Dirty Workz,2022-12-10 19:36:19,2021-03-24 18:00:13
Adaro & B-Front ft. Dawnfire - Touch A Star (Dr. Peacock Remix),https://www.youtube.com/watch?v=aXcVB42XFb0,Dr. Peacock,2023-01-14 12:55:45,2021-12-16 15:00:13
Adaro & Frontliner - The Underground (OUT NOW),https://www.youtube.com/watch?v=HGTHzV2NblI,Roughstate,2023-01-15 07:48:23,2021-12-08 23:00:07
Death Punch - Nowhere Warm,https://www.youtube.com/watch?v=OnEmi8pp2zo,Rapture Records,2023-01-17 13:23:23,2021-04-30 12:34:04
Ran-D X Galactixx X E-Life - If Tomorrow Never Comes (OUT NOW),https://www.youtube.com/watch?v=hasj-z787lk,Roughstate,2023-01-19 20:52:46,2021-12-02 23:00:31
David Guetta ft Sia - Titanium // Rebelion Bootleg,https://www.youtube.com/watch?v=8gNyuj4Ed64,Rebelion,2023-01-26 17:43:37,2021-12-21 14:00:02
Imperial - #FakeBitch (Official Videoclip),https://www.youtube.com/watch?v=ApmP-sGlwN8,Scantraxx,2023-02-20 18:25:20,2021-06-10 14:00:08
Da Tweekaz - Heroes Of Today (Official Video),https://www.youtube.com/watch?v=8oy01heyo8w,Dirty Workz,2023-02-28 21:08:48,2021-02-18 11:00:15
Amentis - Runnin' | Q-dance presents NEXT,https://www.youtube.com/watch?v=3kKZgS9njrI,Q-dance Music,2023-02-28 21:15:54,2021-05-03 15:00:01
Vanilla Ninja - Cool Vibes (official video),https://www.youtube.com/watch?v=lHGb57_FZVs,Bros Music GmbH,2023-03-23 19:47:53,2021-02-17 15:30:30
Synthsoldier - Elements (Official Video),https://www.youtube.com/watch?v=TWmOWRkSKIk,Dirty Workz,2023-03-31 10:05:11,2021-12-14 11:00:25
Resensed & Rewildz - Don't Wanna Know (Official Video) [Copyright Free Music],https://www.youtube.com/watch?v=Z_b5Uzw4qqo,Dirty Workz,2023-03-31 10:19:43,2021-12-08 11:00:34
Rewildz ft. Sydney Talor - Fighting (Official Video) [Copyright Free Music],https://www.youtube.com/watch?v=mT95w4tqq94,Dirty Workz,2023-03-31 15:34:28,2021-10-27 10:00:10
MKN - If I Told You (Official Audio) [Copyright Free Music],https://www.youtube.com/watch?v=es5KPT1w4gw,Dirty Workz,2023-03-31 15:49:58,2021-09-15 10:00:32
Yuta Imai & Tatsunoshin - Friends (Official Audio),https://www.youtube.com/watch?v=HgxDsmKEqYQ,Dirty Workz,2023-03-31 22:19:02,2021-08-24 17:00:14
Jumpstax - Bad Habits (Nick Skitz & Uwaukh Remix Edit),https://www.youtube.com/watch?v=11jxsT4FGCY,LNGLABEL,2023-04-01 03:31:08,2021-12-16 13:00:00
Serzo - You (Official Audio),https://www.youtube.com/watch?v=eaX49N66KPg,Dirty Workz,2023-04-01 10:00:58,2021-07-19 17:00:32
MYST - Bliss (Official Audio),https://www.youtube.com/watch?v=xAIFBFVBPz0,MYST,2023-04-03 14:01:52,2021-01-22 11:00:57
D-Stroyer - Warrior's Tale (Firelite Remix) (Official Video) [Copyright Free Music],https://www.youtube.com/watch?v=uO8TW1N878A,Dirty Workz,2023-04-03 16:37:49,2021-06-30 10:00:19
Astrak - Here & Where You Are (Official Video) [Copyright Free Music],https://www.youtube.com/watch?v=bpYkYfIV6TM,Dirty Workz,2023-04-04 10:19:14,2021-06-02 10:00:12
Horyzon - Beyond (Official Video),https://www.youtube.com/watch?v=f99J8q5M0Is,Dirty Workz,2023-04-04 10:37:06,2021-05-28 10:00:12
Subraver - Can Feel It (Official Audio) [Copyright Free Music],https://www.youtube.com/watch?v=zDDLV5Pcsnk,Dirty Workz,2023-04-04 14:58:40,2021-04-28 10:00:28
Avi8 - By Your Side (Official Audio) [Copyright Free Music],https://www.youtube.com/watch?v=1HmTPq3BC1k,Dirty Workz,2023-04-04 16:00:14,2021-04-02 10:00:00
MYST - Fire And Ice (Trinity Edit),https://www.youtube.com/watch?v=FTBPdzM1EIs,MYST,2023-04-04 16:17:40,2021-07-30 10:00:13
Subraver & Wav3motion - Let Somebody Go (Official Audio) [Copyright Free Music],https://www.youtube.com/watch?v=dev4tppFpVA,Dirty Workz,2023-04-06 18:05:06,2021-03-17 11:00:14
RAPTVRE - A FOOL (Official Audio) [Copyright Free Music],https://www.youtube.com/watch?v=BbM29vUxeSs,Dirty Workz,2023-04-07 07:51:44,2021-03-03 11:12:58
Serzo - Feel It Tonight (Official Audio),https://www.youtube.com/watch?v=0qDoSYjgRGw,Dirty Workz,2023-04-07 13:00:46,2021-02-23 18:00:00
D-Block & S-te-Fan - Diamond Hearts (Official Audio),https://www.youtube.com/watch?v=AHYA7gTjHco,Scantraxx,2023-04-12 13:31:56,2021-06-01 17:00:11
ARYEX - Pray For Me (Official Video),https://www.youtube.com/watch?v=u5D3o_MSY4Q,ARYEX,2023-05-20 14:37:05,2021-01-11 13:05:58
Warface - In The Dark (Official Videoclip),https://www.youtube.com/watch?v=wL8aKcQ_-jI,WARFACE,2023-06-19 19:12:15,2021-10-29 10:00:14
DJ Mayhem - Interlocked (Official Music Video),https://www.youtube.com/watch?v=_GQWMnEskrY,Danny L Harle,2023-06-28 16:59:37,2021-02-10 16:00:19
D-Stroyer - Hero's Born (Official Music Video),https://www.youtube.com/watch?v=AkjQaWX2yNw,Spinnin' Records,2023-06-28 17:10:54,2021-05-08 15:00:05
Cooler Than Me (Original Mix),https://www.youtube.com/watch?v=SPuDD89pwnc,The Dark Horror - Topic,2023-06-30 18:29:39,2021-01-04 13:04:54
Endymion - Wide Awake (Official Music Video),https://www.youtube.com/watch?v=saWC5o4CNJk,Endymion,2023-07-03 12:11:47,2021-05-14 11:00:18
Rejecta - Never Give Up [Official Videoclip],https://www.youtube.com/watch?v=w5m8AWCnn7E,Rejecta,2023-07-07 07:44:08,2021-04-23 14:30:11
Full Control,https://www.youtube.com/watch?v=VLoRs7RQyp0,Sliderz - Topic,2023-07-07 14:56:06,2021-02-04 10:45:16
If I Were You (Sy & Unknown Remix),https://www.youtube.com/watch?v=MAigMrh1HyM,Candee Jay - Topic,2023-07-08 21:36:58,2021-04-01 10:28:40
I Need a Doctor,https://www.youtube.com/watch?v=j6XBjfKHsMY,Hickz - Topic,2023-07-09 16:29:12,2021-07-01 10:09:04
Cosmic Sequencer,https://www.youtube.com/watch?v=kPT27SCFypQ,Pawlowski - Topic,2023-07-09 17:42:30,2021-06-15 10:06:54
Cum Say Henlo - GPF x S3RL,https://www.youtube.com/watch?v=qAV6aveFIAQ,S3RL,2023-07-12 21:51:33,2021-09-05 23:53:18
Sickmode & Levenkhan & Rooler - LESGOOO! (Official Visualizer),https://www.youtube.com/watch?v=dPG1Ni0ECts,Aggressive Records,2023-07-26 17:10:16,2021-12-02 08:27:06
The 6th Gate,https://www.youtube.com/watch?v=MHzPpgVmXJQ,Dougal - Topic,2023-07-26 19:27:43,2021-10-26 14:37:01
Mish - Into The Night,https://www.youtube.com/watch?v=4a7pAef9uKw,My Way Music,2023-07-27 09:38:12,2021-09-16 04:00:02
