Broken Element & Lea König - Music Is My Ecstasy (Official Videoclip),https://www.youtube.com/watch?v=1RI-piqK25E,Scantraxx,2022-01-15 18:46:02,2022-01-14 15:00:11
D-Attack & REVIVE ft. IHAKA - Warrior (Official Videoclip),https://www.youtube.com/watch?v=4zzVv2j7nGE,Scantraxx,2022-01-16 14:05:20,2022-01-13 15:00:11
Eternate ft. TNYA - Unity (Official Videoclip),https://www.youtube.com/watch?v=OEXoNBUq4ng,Scantraxx,2022-01-18 19:32:36,2022-01-18 15:00:12
Firelite - Oasis (Official Video Clip),https://www.youtube.com/watch?v=gMGvn06D5ws,Dirty Workz,2022-01-18 19:54:44,2022-01-18 11:00:13
Da Tweekaz - White Lines (Official Video),https://www.youtube.com/watch?v=tYQI2UAAfpU,Dirty Workz,2022-01-18 20:05:14,2022-01-14 11:00:11
The Un4given - Crying Over You,https://www.youtube.com/watch?v=vHiRojSpwiY,Gearbox Digital,2022-01-19 16:17:57,2022-01-13 16:30:12
Lady Faith - Party (Official Videoclip),https://www.youtube.com/watch?v=zZgqsivBPHs,Scantraxx,2022-01-21 18:46:36,2022-01-19 15:00:13
KELTEK - Spirit Of The Night (Official Videoclip),https://www.youtube.com/watch?v=SnHRUI_jymk,Scantraxx,2022-01-27 21:26:30,2022-01-27 15:00:08
Nightcraft - I'm Afraid (Official Audio),https://www.youtube.com/watch?v=Htm2YkSeo6s,Scantraxx,2022-01-28 21:53:15,2022-01-28 15:00:10
B-Front & Ecstatic ft. MERYLL - Soulbound (Official Video),https://www.youtube.com/watch?v=jHbR6vxUXvU,Dirty Workz,2022-02-08 20:38:22,2022-01-28 11:00:12
Sub Zero Project - Fly With Me (Official Video),https://www.youtube.com/watch?v=vIJ0gfo1N58,Dirty Workz,2022-02-11 22:38:21,2022-02-03 18:00:14
Envine ft. Nino Lucarelli - The Way We Began (Official Videoclip),https://www.youtube.com/watch?v=tNJMq3zMNAM,Scantraxx,2022-02-18 18:10:31,2022-02-16 15:00:12
Unproven - Victorious,https://www.youtube.com/watch?v=rDyukbWGXfg,Unproven,2022-02-21 21:18:18,2022-02-03 20:03:30
ILLENIUM & SUECO - Story of my Life (Firelite & Emoticon Remix),https://www.youtube.com/watch?v=S0X89pybjOE,DjEmoticon,2022-02-23 18:57:31,2022-02-09 08:38:11
Fraw - Be The Light (Official Audio),https://www.youtube.com/watch?v=CFddXoy0HjY,Gearbox Digital,2022-02-24 10:12:07,2022-02-21 09:00:12
Imperatorz - Stay (Official Videoclip),https://www.youtube.com/watch?v=_n4TXfSsg-M,Scantraxx,2022-02-24 17:44:56,2022-02-24 15:00:11
Ran-D - Out Of Control (official videoclip),https://www.youtube.com/watch?v=HEFyY7lPeqo,Ran-D,2022-02-25 12:14:29,2022-02-25 11:00:18
Rayvolt - Crashing Waves (Official Videoclip),https://www.youtube.com/watch?v=INwFOcu3G0s,Rapture Records,2022-02-25 12:32:18,2022-02-25 11:00:09
Retrospect - Droppin' 909s (Official Audio),https://www.youtube.com/watch?v=USMcOe19fAE,Scantraxx,2022-02-25 15:35:15,2022-02-25 15:00:28
Vertile - On My Own | Q-dance Records,https://www.youtube.com/watch?v=7Hla7oym6mo,Q-dance,2022-02-25 18:20:48,2022-02-10 16:00:16
Imperial & Irradiate - #DareDevil (Official Videoclip),https://www.youtube.com/watch?v=NbBhxfvxK0w,Scantraxx,2022-03-04 11:14:31,2022-03-02 15:00:12
REVIVE ft. IHAKA - No More Demons (Official Audio),https://www.youtube.com/watch?v=8hWCSnXRPXo,Scantraxx,2022-03-05 13:08:59,2022-03-04 15:00:12
Harris & Ford x Hard But Crazy - Never Alone (Official Audio),https://www.youtube.com/watch?v=bIgjXYb0TZ0,Harris & Ford,2022-03-05 14:10:54,2022-03-04 12:01:55
Empyre One - Just Dance (Maxtreme & Dropixx Mix) (Official Music Video),https://www.youtube.com/watch?v=iWPS1RCLdao,Zooland.TV,2022-03-08 19:27:14,2022-03-04 05:00:30
Sub Zero Project - Lions (Official Video),https://www.youtube.com/watch?v=DAO59n3-HjU,Dirty Workz,2022-03-13 19:34:59,2022-03-10 18:00:11
Forever,https://www.youtube.com/watch?v=PVFmMDhvoyM,Darren Styles - Topic,2022-03-14 12:41:17,2022-02-10 10:07:24
Level One & Disarray - Vengeance (Official Videoclip),https://www.youtube.com/watch?v=LR-1_6YslIk,Scantraxx,2022-03-15 17:05:57,2022-03-15 15:00:16
The Elite - By The Sword (Official Video) | Da Tweekaz & Hard Driver & Coone,https://www.youtube.com/watch?v=G2M4eOSnBk4,Dirty Workz,2022-03-18 11:34:28,2022-03-03 18:00:10
Sefa & D-Block & S-te-Fan - Infinity,https://www.youtube.com/watch?v=2_RWikU2hsM,Sefa,2022-03-19 10:23:17,2022-03-16 15:30:00
Crypton x Unproven - No Sleep (Official Videoclip),https://www.youtube.com/watch?v=P96Zuf7VvRs,Unproven,2022-03-24 12:13:57,2022-03-18 13:00:14
Evil Activities - Nobody Said It Was Easy (Sefa Remix),https://www.youtube.com/watch?v=4rIW1Xz63Wc,Sefa,2022-03-30 15:04:00,2022-03-30 14:00:12
Gunz For Hire ft. Ava Silver - Firestone (OUT NOW),https://www.youtube.com/watch?v=5KI40I0y2wo,Roughstate,2022-03-31 12:13:09,2022-03-30 22:00:01
Envine - Synthesized (Official Videoclip),https://www.youtube.com/watch?v=tuMw9AlOOIY,Scantraxx,2022-03-31 16:30:10,2022-03-31 14:17:24
Syph - Save Me (Official Videoclip),https://www.youtube.com/watch?v=-wfOfWqZYnc,Scantraxx Prospexx,2022-03-31 20:53:36,2022-03-31 14:00:40
Luner - By My Side | Q-dance presents NEXT,https://www.youtube.com/watch?v=FNKoUCBYmMw,Q-dance Music,2022-04-01 08:21:33,2022-03-30 08:56:16
E-Force - Partyrocker (Official Videoclip),https://www.youtube.com/watch?v=wSPVFADBEBQ,E-Force,2022-04-02 13:31:25,2022-03-31 14:50:49
Adrenalize ft. ADN Lewis - Don't Give Up (Official Audio),https://www.youtube.com/watch?v=oS75rOB9dt0,Scantraxx,2022-04-08 21:09:56,2022-03-24 15:00:12
Joey Riot & Mike Reverie - Another Dimension (Official Video),https://www.youtube.com/watch?v=5jbYXIOk6Dg,Dirty Workz,2022-04-08 21:17:00,2022-03-22 18:00:05
Yuta Imai & Toy Soldierz - Smooth Operator (Official Audio),https://www.youtube.com/watch?v=Aaqbxk63S0o,Dirty Workz,2022-04-08 21:20:45,2022-03-22 11:19:15
Firelite & Losty - Keep On Fighting (Official Video),https://www.youtube.com/watch?v=OXgtpkcBtdY,Dirty Workz,2022-04-08 21:29:07,2022-03-08 11:00:12
B-Front - Feel Inside (Official Videoclip),https://www.youtube.com/watch?v=zsWpRhWv7j0,B-Front,2022-04-09 10:18:45,2022-03-04 16:01:04
KYANU x Neptunica – Ghost (Official Video 4K),https://www.youtube.com/watch?v=KopYfpt-0GU,Kontor.TV,2022-04-10 10:59:18,2022-04-08 14:02:54
KYANU & DJ Gollum - Forever Young (Official Video HD),https://www.youtube.com/watch?v=z0cizxnS8ws,Kontor.TV,2022-04-10 15:38:45,2022-03-18 09:00:35
Jerome feat. Mila Falls - Where The Love Is (Official Video 4K),https://www.youtube.com/watch?v=FEZPXg9aJVo,Kontor.TV,2022-04-10 15:42:31,2022-03-10 23:00:27
Nightcraft - Lose Myself (Official Audio),https://www.youtube.com/watch?v=RXlw9MlGD5A,Scantraxx,2022-04-12 16:24:42,2022-04-12 14:00:11
Aftershock - Rocking With The Best (feat. Last Word) (Official Videoclip),https://www.youtube.com/watch?v=KCBYnVYfQoQ,Art of Creation,2022-04-18 11:42:40,2022-04-14 10:00:12
D-Attack ft. Mark Vayne - Adrenaline (Official Videoclip),https://www.youtube.com/watch?v=U_dde_0TD4A,Scantraxx,2022-04-21 15:46:20,2022-04-21 14:00:25
Sound Rush - Mantra (ft. LXCPR) (Official Video),https://www.youtube.com/watch?v=TbcTHHR3rgY,Sound Rush,2022-04-22 10:44:24,2022-03-24 15:00:12
Mazza – Summer Luv,https://www.youtube.com/watch?v=-lFSiqCgPBM,You Love Dance.TV,2022-04-22 11:01:34,2022-04-22 07:30:00
Envine & Clockartz - We Are One (Eternate Remix) (Official Videoclip),https://www.youtube.com/watch?v=01hxegKZd0k,Scantraxx,2022-04-22 14:35:46,2022-04-22 14:00:11
Juju Rush - The Start Of Dawn | Q-dance presents NEXT,https://www.youtube.com/watch?v=7ci9-xObS50,Q-dance Music,2022-04-24 17:40:21,2022-04-11 08:00:03
A.I.,https://www.youtube.com/watch?v=o4QayHXuED4,Rebelion - Topic,2022-04-29 19:39:13,2022-04-14 10:01:22
In Control,https://www.youtube.com/watch?v=5F48_ygN90g,Rebelion - Topic,2022-04-29 19:41:37,2022-04-22 10:02:38
Earthquake,https://www.youtube.com/watch?v=AHpR7y4Wnes,Rebelion - Topic,2022-04-29 19:45:21,2022-04-22 10:01:49
City Lights,https://www.youtube.com/watch?v=TSiHF3m0kIo,Rebelion - Topic,2022-04-29 20:09:21,2022-02-10 10:07:19
Simulation,https://www.youtube.com/watch?v=TBKZNpgQjdg,Rebelion - Topic,2022-04-29 20:09:28,2022-03-24 10:04:20
D-Block & S-te-Fan and Frontliner - World Of Dreams (Official Audio),https://www.youtube.com/watch?v=lW20gAuqTE4,Scantraxx,2022-04-30 20:48:30,2022-04-26 17:00:19
High Resistance - Goodbye To You (Official Audio),https://www.youtube.com/watch?v=A_H3pVt6PIk,Gearbox Digital,2022-05-05 08:47:51,2022-05-05 08:00:59
Sub Zero Project ft. Diandra Faye - Nightmare Nirvana (Official Video),https://www.youtube.com/watch?v=8O1KQRJ7KR8,Dirty Workz,2022-05-12 18:35:20,2022-05-06 15:00:25
Harris & Ford - Turn Back Time 💥💥💥 (Official Video),https://www.youtube.com/watch?v=z7MPxfxP_0Y,Harris & Ford,2022-05-14 20:57:20,2022-05-13 09:38:27
The Prophet ft. Chuck Roberts - In Hardstyle We Trust (Melody Mix) | Official Video,https://www.youtube.com/watch?v=xRGPjDGJRoY,Scantraxx,2022-05-20 09:05:21,2022-05-05 14:00:14
Synthsoldier - Ascension (Serzo Remix) (Official Audio),https://www.youtube.com/watch?v=wVHwAfHdJiU,Dirty Workz,2022-05-20 13:34:47,2022-04-12 17:00:29
Aria - Dystopia (Official Audio),https://www.youtube.com/watch?v=VU294RH3NxM,Dirty Workz,2022-05-20 13:51:55,2022-05-03 10:00:14
Astrak ft. Jorik Burema  - Clarity (Official Audio) [Copyright Free Music],https://www.youtube.com/watch?v=BTxE_e8S_9M,Dirty Workz,2022-05-20 13:55:19,2022-05-04 10:35:20
Firelite & Imperatorz - Never Give Up (Official Video),https://www.youtube.com/watch?v=y6-nGMXxnZM,Dirty Workz,2022-05-20 13:57:30,2022-05-04 17:00:24
Dr Rude - Never Bow (Official Video),https://www.youtube.com/watch?v=RlUzRteB8cI,Dirty Workz,2022-05-20 13:59:32,2022-05-05 17:00:20
D-Sturb & ATILAX - Break Free (The Official Decibel Outdoor 2022 Anthem),https://www.youtube.com/watch?v=D1yGNFCcoLE,D-Sturb,2022-05-27 19:33:59,2022-05-24 15:00:11
Harris & Ford x 2 Engel & Charlie - Amsterdam (Official Video),https://www.youtube.com/watch?v=1rXcy5HMs-4,Harris & Ford,2022-06-05 14:40:30,2022-04-01 10:00:20
Da Tweekaz & Crystal Lake ft. XCEPTION - Firestarter (Official Video),https://www.youtube.com/watch?v=mAg0FG1hvxc,Dirty Workz,2022-06-09 14:32:29,2022-06-09 17:00:11
Ghost Stories - Primal Energy (Haunted Grounds) | Q-dance Records,https://www.youtube.com/watch?v=lBxTT8Hqvvk,Q-dance,2022-06-10 16:05:59,2022-06-02 18:45:11
Dr. Peacock & D-Frek - Drink,https://www.youtube.com/watch?v=QZhSFzs24Jo,Dr. Peacock,2022-06-11 07:58:22,2022-06-03 10:00:16
Julian Sommer - Dicht im Flieger (Harris & Ford Remix),https://www.youtube.com/watch?v=zJ7lUCxBt9k,Harris & Ford,2022-06-13 11:45:01,2022-06-09 22:00:04
Talla 2XLC & Ralphie B - Spirit (Official Video),https://www.youtube.com/watch?v=-OxPu9XgHtI,zyxdance,2022-06-13 15:42:17,2022-06-13 13:32:22
KELTEK - Way Back Home | Official Music Video,https://www.youtube.com/watch?v=lJjohwJZmgo,Scantraxx,2022-06-15 15:20:56,2022-06-15 14:00:11
JGSW - Darkest Night,https://www.youtube.com/watch?v=gQcu70I6ta8,Art of Creation,2022-06-16 16:50:30,2022-06-14 10:00:13
Galactixx - Better Days | Q-dance presents SPEQTRUM,https://www.youtube.com/watch?v=wEDjUeMHo9A,Q-dance Music,2022-06-17 19:47:09,2022-06-10 08:39:55
phuture noize - landmines [visualizer],https://www.youtube.com/watch?v=_Iv6RSSqOzQ,Black Mirror Society,2022-06-18 06:16:36,2022-06-15 16:24:14
HBz x Pazoo x Schalldicht - GEISTERBAHN (Official Video),https://www.youtube.com/watch?v=3zXDFGzR5sE,HBz,2022-06-20 10:19:42,2022-06-17 13:00:13
DJ Isaac & D-Block & S-te-Fan - Slave To The Rave (Official Video),https://www.youtube.com/watch?v=ogvWqmUgGUk,D-Block & S-te-Fan (DBSTF),2022-06-22 16:04:46,2022-06-22 16:00:24
Bass Modulators - Legacy (Official Videoclip),https://www.youtube.com/watch?v=7pCdKGeW1tk,Art of Creation,2022-06-30 13:04:30,2022-06-30 10:00:11
B-Front & Galactixx - You Don't Know (OUT NOW),https://www.youtube.com/watch?v=3V9kuOW6_o8,Roughstate,2022-07-02 17:35:08,2022-06-29 22:00:02
High Level & Joscy - The Riddle (OFFICIAL HARDSTYLE REMIX),https://www.youtube.com/watch?v=OG6YSG8mU0k,highlevelhs,2022-07-07 08:19:42,2022-01-07 17:00:11
A500 Rebooted,https://www.youtube.com/watch?v=xNsFJWJCP6E,Dr. Peacock - Topic,2022-07-07 08:43:08,2022-06-30 10:06:30
Nightcraft - Lose Myself | Snowlight NXC Edit,https://www.youtube.com/watch?v=AKHVFZZ-vFw,Cloudy,2022-07-07 14:50:41,2022-05-12 01:56:05
Miss K8 & D-Sturb - Dope Sh!t (Official Videoclip),https://www.youtube.com/watch?v=XykPY5gPGNw,Miss K8,2022-07-19 14:43:02,2022-07-15 15:00:10
Fly,https://www.youtube.com/watch?v=LHbyFbu2qJI,Sefa - Topic,2022-07-26 16:42:32,2022-04-06 10:07:51
Klaagzang,https://www.youtube.com/watch?v=QWcLKz5H6aU,Sefa - Topic,2022-07-26 16:46:07,2022-04-06 10:01:18
Sefa - Dear God,https://www.youtube.com/watch?v=-JqeCuk0-n0,Sefa,2022-07-26 16:47:26,2022-04-22 14:00:00
Sunrise,https://www.youtube.com/watch?v=pkTer4VvEqU,Sefa - Topic,2022-07-26 16:48:42,2022-04-06 10:07:11
Tourdion,https://www.youtube.com/watch?v=srzWW7tOT4E,Sefa - Topic,2022-07-26 16:50:53,2022-04-06 10:02:28
Killing In The Name,https://www.youtube.com/watch?v=-U8lKIN_02k,Sefa - Topic,2022-07-26 16:54:54,2022-04-06 10:09:09
Oko,https://www.youtube.com/watch?v=fZL5PhOim1I,Sefa - Topic,2022-07-26 16:59:14,2022-04-06 10:01:37
Keelhauled,https://www.youtube.com/watch?v=O4PB6hY7bf8,Sefa - Topic,2022-07-26 17:04:08,2022-04-06 10:07:07
Sickmode & Mish - RAVE LOVE (Official Video),https://www.youtube.com/watch?v=SLx1-UhRTR8,Aggressive Records,2022-08-05 06:47:55,2022-08-04 08:00:12
Guardelion - In The Dark (Official Audio),https://www.youtube.com/watch?v=v5jDJJF5hek,Scantraxx Prospexx,2022-08-11 14:14:17,2022-08-11 14:00:09
Malice - Creatures Of The Night (Official Video),https://www.youtube.com/watch?v=1zmLfWzQ-ZY,Aggressive Records,2022-08-12 17:03:14,2022-07-18 10:00:01
Mish & Sickmode - YOU AND I (Official Visualizer),https://www.youtube.com/watch?v=KEZlafF2Xxw,Aggressive Records,2022-08-12 17:05:50,2022-08-11 09:00:09
Sub Zero Project & Timmy Trumpet - Soft Ass Shit (Official Video),https://www.youtube.com/watch?v=cwNO1dL_QXc,Dirty Workz,2022-08-21 18:35:08,2022-08-19 10:00:11
Restrained & Paul Elstak - Demolition Hardcore (Official Videoclip),https://www.youtube.com/watch?v=YEp34GAhxvw,State of Anarchy,2022-09-03 17:26:26,2022-08-25 10:00:11
Relianze - See You Dance | Q-dance presents NEXT,https://www.youtube.com/watch?v=QyKVSmva7vA,Q-dance Music,2022-09-05 09:50:42,2022-09-05 09:02:02
D-Block & S-te-Fan - Deep In My Soul | Official Audio,https://www.youtube.com/watch?v=2cHkA6QPcX0,Scantraxx,2022-09-08 18:40:43,2022-09-01 14:00:12
Feel The Night,https://www.youtube.com/watch?v=I2TexUO3Su4,Mouztyle - Topic,2022-09-12 06:04:11,2022-01-24 10:01:37
Rebelion - Rock Tha Party (Official Video),https://www.youtube.com/watch?v=l3opj9ES-hg,Dirty Workz,2022-09-25 16:10:50,2022-09-22 10:00:11
Harris & Ford x Sound Rush - Died In Your Arms (Reloaded),https://www.youtube.com/watch?v=2OO5rwyj4eY,Harris & Ford,2022-09-27 16:03:01,2022-09-02 10:37:07
Futurepower,https://www.youtube.com/watch?v=ejtPR5_LjQo,Rebelion - Topic,2022-09-28 13:29:40,2022-03-04 10:03:40
Harris & Ford x Xillions - Won’t Forget (Official Lyrics Video),https://www.youtube.com/watch?v=ka2DzcRvxOE,Harris & Ford,2022-09-30 14:35:00,2022-09-30 14:18:47
David Guetta & Bebe Rexha - I'm Good (Blue) [Official Music Video],https://www.youtube.com/watch?v=90RLzVUuXe4,David Guetta,2022-10-05 21:59:39,2022-09-20 15:00:12
DrumMasterz-Baby (Original Mix),https://www.youtube.com/watch?v=cKMiVDMtvTI,DrumMasterz Music,2022-10-11 19:46:11,2022-04-24 11:05:13
Coone - Like A Lion (Official Video),https://www.youtube.com/watch?v=YzJTdyjfM2U,Dirty Workz,2022-10-19 16:37:11,2022-10-14 10:00:11
Lambada (Your Love),https://www.youtube.com/watch?v=uX-aKUgmfZk,Da Tweekaz - Topic,2022-10-19 20:42:16,2022-09-15 10:09:24
Before I Wake,https://www.youtube.com/watch?v=t2ZHO6k_yfQ,Headhunterz - Topic,2022-10-19 20:42:56,2022-09-14 16:21:47
Marc Korn x Semitoo x Plastik Bass - Last Unicorn (Official Audio),https://www.youtube.com/watch?v=jP-XEMGrQ9I,Marc Korn,2022-10-21 10:16:32,2022-10-21 10:13:52
The Sickest Squad - Insomnia,https://www.youtube.com/watch?v=JA0ZLpmbQ0s,The Sickest Squad,2022-10-21 12:08:34,2022-10-20 18:00:08
Unresolved x Bloodlust - Lonely (Official Video),https://www.youtube.com/watch?v=oQITaa_m6R4,Unresolved,2022-10-21 18:47:34,2022-10-20 07:13:26
Envine - Remedy (ft. Réva) | Official Music Video,https://www.youtube.com/watch?v=HC809jS4qAY,Scantraxx,2022-10-26 18:24:49,2022-10-26 14:00:10
Sound Rush - Interstellar (Official Video),https://www.youtube.com/watch?v=rzZg05Gs_9w,Sound Rush,2022-10-28 12:01:43,2022-10-20 14:00:10
N-Vitral & Vertile - Renegades Till The Grave (Official Videoclip),https://www.youtube.com/watch?v=kRufT0XMZa4,N-Vitral,2022-10-28 16:11:56,2022-10-28 07:00:30
Thyron & Physika - Sense Of Time (2022 Remix) (Official Audio),https://www.youtube.com/watch?v=5ogxNAvMudQ,Gearbox Digital,2022-10-31 16:23:10,2022-10-27 09:00:04
D-Block & S-te-Fan - Fight For You (Official Video),https://www.youtube.com/watch?v=tbJxJ0xuu8c,D-Block & S-te-Fan (DBSTF),2022-10-31 16:25:43,2022-10-27 15:00:37
Sephyx ft. Handed - Dare To Dream,https://www.youtube.com/watch?v=cbzNKbpYsf8,Art of Creation,2022-10-31 16:27:24,2022-10-27 10:00:09
W&W x Sub Zero Project - Paradise (Official Music Video),https://www.youtube.com/watch?v=sOYtf0CuJd8,W&W,2022-10-31 17:02:25,2022-10-28 10:00:10
MYST - I Miss Those Days (Official Music Video),https://www.youtube.com/watch?v=CXNBgJnbxSo,MYST,2022-10-31 17:03:13,2022-10-28 10:00:07
Sound Rush & Sogma & Robin Vane - Transform | Q-dance Records,https://www.youtube.com/watch?v=HraN3cIL_lU,Q-dance,2022-11-01 09:00:19,2022-07-18 17:00:12
Richard Durand & Christina Novelli - The Air I Breathe (Adaro Remix) | Q-dance Records,https://www.youtube.com/watch?v=PkqpzfZ7Smg,Q-dance Music,2022-11-07 17:44:29,2022-10-26 11:21:28
Stormerz ft. Mark Vayne - Holy Grounds | Q-dance presents SPEQTRUM,https://www.youtube.com/watch?v=JAD_fYQ_NYY,Q-dance Music,2022-11-10 13:11:31,2022-11-10 10:59:49
"FiNCH x PAUL ELSTAK - GABBER GIRL (prod. Paul Elstak, Dasmo & Mania Music) [Official Video] 4k",https://www.youtube.com/watch?v=3smGQOexuSU,FiNCH,2022-11-11 15:47:44,2022-01-27 23:00:11
Let Go - S3RL ft Tamika,https://www.youtube.com/watch?v=laT4x5OsAm8,S3RL,2022-11-13 18:14:18,2022-11-09 23:58:19
Da Tweekaz x Primeshock x GLDY LX - Glitchfest (Official Video),https://www.youtube.com/watch?v=PcSeRoITsDI,Dirty Workz,2022-11-14 05:05:37,2022-11-10 11:00:09
"Korsakoff & Markos13 ft. Ruboy  - Zombie ""20th year edition"" (Official Videoclip)",https://www.youtube.com/watch?v=luxXvSyCb5c,OfficialKorsakoff,2022-11-16 04:44:11,2022-10-27 23:05:14
Stephen Game - Crashing Down (Official Audio) [Copyright Free Music],https://www.youtube.com/watch?v=UpF-jooeFak,Dirty Workz,2022-11-16 10:40:28,2022-11-02 11:00:19
Alex Megane x Mindblast - Heaven is a Place On Earth,https://www.youtube.com/watch?v=UIw0SDRhD7E,Mental Madness Records,2022-11-17 15:27:54,2022-10-27 22:00:11
Madness M. -  Eternity,https://www.youtube.com/watch?v=KlZzFX9ZAkQ,Mental Madness Records,2022-11-17 15:41:13,2022-05-26 22:00:14
Riot Shift - BREAK THE FALL (Official Video),https://www.youtube.com/watch?v=pr3DruQgQww,Aggressive Records,2022-11-18 14:35:26,2022-11-17 09:00:28
B-Front & Phuture Noize - The Anyone | Official Visualizer,https://www.youtube.com/watch?v=RSeCcfn4L_s,B-Front,2022-11-18 15:13:06,2022-11-18 15:00:30
Avi8 - Diamond Eyes (Official Video),https://www.youtube.com/watch?v=u1Eex8yYhRM,Gearbox Digital,2022-11-19 08:51:08,2022-11-03 09:00:06
Audiotricz - Doing It Our Way (Official Audio),https://www.youtube.com/watch?v=J1PBcoM1WVI,I AM HARDSTYLE,2022-11-19 08:54:30,2022-11-03 15:00:10
ATMOZFEARS & XENSE - LOST | official music visualizer,https://www.youtube.com/watch?v=1SyIUMLeizM,ATMOZFEARS,2022-11-23 16:45:10,2022-11-23 16:01:17
Villain - Shirt Off & Twist It | Power Hour Records,https://www.youtube.com/watch?v=esPO-CZasFU,Q-dance Music,2022-11-24 16:27:55,2022-11-24 16:00:18
Serzo - Stronger Now (Official Audio),https://www.youtube.com/watch?v=kOnI2ZQDMAQ,Dirty Workz,2022-11-24 19:01:22,2022-11-24 18:00:32
R.I.O. x KYANU x Nicco - Party Shaker (AXMO Remix) (Official Music Video),https://www.youtube.com/watch?v=CCqjEL3FpVA,Kontor.TV,2022-11-25 11:06:25,2022-11-25 09:40:19
Sub Zero Project & Devin Wild - Trinity Till Infinity (Official Video),https://www.youtube.com/watch?v=n3I5qjTbpww,Dirty Workz,2022-12-02 08:40:42,2022-09-02 10:00:11
Rooler & Sickmode - TOO HAPPY (Official Video),https://www.youtube.com/watch?v=HvPrEjQ0H1I,Aggressive Records,2022-12-02 23:35:50,2022-12-01 09:00:08
Riot Shift - SAME AGAIN (Official Music Video),https://www.youtube.com/watch?v=Oeh0h-kNKsY,Riot Shift,2022-12-03 17:59:31,2022-05-19 16:00:29
Imperial - #TheseDays | Official Music Video,https://www.youtube.com/watch?v=Lnwys60wtho,Scantraxx,2022-12-04 19:03:45,2022-09-07 14:00:11
Resensed & Wav3motion - Never Ending Home (Official Video) [Copyright Free Music],https://www.youtube.com/watch?v=vvF6YMP2jpg,Dirty Workz,2022-12-06 10:31:20,2022-09-16 10:00:43
Sickmode & Rooler & Sefa & Levenkhan - NO ONE IS LIKE US (Official Visualizer),https://www.youtube.com/watch?v=-iw7_5AjbPQ,Aggressive Records,2022-12-08 09:33:00,2022-12-08 09:00:00
Divinez - Like A Star | Official Music Video,https://www.youtube.com/watch?v=pc5gTL4Tn-0,Scantraxx,2022-12-14 16:08:40,2022-12-14 15:00:10
Sickmode & Rooler - DOWN DOWN (Official Visualizer),https://www.youtube.com/watch?v=HcjRzBNpd4g,Aggressive Records,2022-12-14 16:32:05,2022-12-08 09:00:08
Dr. Peacock & The Sickest Squad - This is Your Illusion,https://www.youtube.com/watch?v=_QEntMcYWd8,Dr. Peacock,2022-12-17 18:35:23,2022-12-15 18:00:09
Brooklyn Bounce x Paffendorf - Rave Hard,https://www.youtube.com/watch?v=J5YCobPa1fo,Mental Madness Records,2022-12-17 19:42:27,2022-11-10 23:00:10
Don't Care - S3RL & IC3MANIA ft Kayliana,https://www.youtube.com/watch?v=mZlLS9F4QcY,S3RL,2022-12-17 20:41:11,2022-12-14 21:51:27
"Frontliner, Crypsis & Alter Ego - Finally!",https://www.youtube.com/watch?v=yGrVBZ7Nbq8,Frontliner,2022-12-20 17:51:43,2022-12-20 17:41:03
Eternate & Adronity ft. TNYA - Salvation | Official Music Video,https://www.youtube.com/watch?v=zPsosWH2NsE,Scantraxx,2022-12-22 18:54:43,2022-12-20 15:00:09
"Frontliner, Rooler, MC Jeff & Alter Ego - Stay Woke",https://www.youtube.com/watch?v=RMvJgPYBpKg,Frontliner,2022-12-24 16:56:07,2022-12-24 15:22:20
MYST - That's Life (feat. Disarray) (Official Audio),https://www.youtube.com/watch?v=1qWPZwLVPpI,MYST,2022-12-24 18:56:56,2022-01-21 11:00:10
Ran-D - Out Of Control (OUT NOW),https://www.youtube.com/watch?v=N0wANPs2Riw,Roughstate,2022-12-29 12:52:15,2022-02-24 23:00:08
Ran-D - The Raven Of The Night (OUT NOW),https://www.youtube.com/watch?v=50p0v2fvNyM,Roughstate,2022-12-31 17:18:44,2022-08-31 22:00:02
GPF - All I Ever F****d (Official Video),https://www.youtube.com/watch?v=6dfUUAvuvog,GPF,2023-01-01 16:25:16,2022-09-20 14:24:18
D-Block & S-te-Fan & Frontliner - World Of Dreams,https://www.youtube.com/watch?v=pYdmKj7U8i4,D-Block & S-te-Fan (DBSTF),2023-01-03 14:58:18,2022-04-26 14:00:11
Ran-D - Never Shut Us Down (Shutdown Festival 2022 Anthem) (OUT NOW),https://www.youtube.com/watch?v=DcZ47jDxg-I,Roughstate,2023-01-03 15:14:35,2022-07-27 22:00:13
Frequencerz & Galactixx ft. WILS - Unstoppable (OUT NOW),https://www.youtube.com/watch?v=GplhOSj5FE8,Roughstate,2023-01-06 11:37:05,2022-07-13 22:00:09
Gunz For Hire - Hard Knock Life (OUT NOW),https://www.youtube.com/watch?v=ndPTVys-yy8,Roughstate,2023-01-09 19:00:25,2022-07-20 22:00:18
Ran-D & Rejecta - Anesthesia (OUT NOW),https://www.youtube.com/watch?v=fdunLy4bleE,Roughstate,2023-01-09 20:27:56,2022-10-06 22:00:24
B-Front & Toneshifterz - Thundercloud (Not Alone) (OUT NOW),https://www.youtube.com/watch?v=SB0n86tenas,Roughstate,2023-01-11 18:24:12,2022-08-30 22:00:13
PLN-B ft. Sifra - Run Away (OUT NOW),https://www.youtube.com/watch?v=smO6ZHXSK14,Roughstate,2023-01-12 18:39:35,2022-02-01 23:00:32
Frequencerz - Ascend (OUT NOW),https://www.youtube.com/watch?v=XKfwnt0aXDc,Roughstate,2023-01-12 18:42:01,2022-02-02 23:00:12
Delius - So High (OUT NOW),https://www.youtube.com/watch?v=hYqCYkW7Pdo,Roughstate,2023-01-12 18:49:56,2022-02-15 23:00:26
Invector - Hard Times (OUT NOW),https://www.youtube.com/watch?v=a-JraqJYDPQ,Roughstate,2023-01-12 19:40:40,2022-03-01 23:00:00
Adaro - Voices Calling Me (OUT NOW),https://www.youtube.com/watch?v=_eJ4X5wFt-k,Roughstate,2023-01-12 19:42:56,2022-03-02 23:00:14
Digital Punk X Carola - White Flag (OUT NOW),https://www.youtube.com/watch?v=h9SsTpRXNFw,Roughstate,2023-01-12 19:49:42,2022-03-09 23:00:15
Frequencerz & Invector - Come To Life (OUT NOW),https://www.youtube.com/watch?v=irbGmh6IJ-Q,Roughstate,2023-01-12 20:00:53,2022-03-31 22:00:23
Adaro & Kronos - Kings Of The Beat (OUT NOW),https://www.youtube.com/watch?v=m-XGBbpvICA,Roughstate,2023-01-12 20:14:37,2022-04-20 22:00:17
Adaro X Invector X Alee - Adrenaline Rush (OUT NOW),https://www.youtube.com/watch?v=ME1zwBL8w0Q,Roughstate,2023-01-13 17:40:51,2022-08-03 22:00:17
Invector ft. MC Livid - I Am Electric (OUT NOW),https://www.youtube.com/watch?v=RhOVLc_CshQ,Roughstate,2023-01-14 12:18:02,2022-09-06 22:00:18
Frequencerz & Radianze Ft. LXCPR - The World Is Yours (OUT NOW),https://www.youtube.com/watch?v=TZXdeumQFGE,Roughstate,2023-01-14 14:27:32,2022-09-14 22:00:13
Invector - Night & Day (OUT NOW),https://www.youtube.com/watch?v=bF3ZTCRlUIM,Roughstate,2023-01-14 16:54:13,2022-10-19 09:11:20
"Sound Rush, Code Black, Toneshifterz - Unsung Heroes (Official Video)",https://www.youtube.com/watch?v=uiR-rVRLn6A,Sound Rush,2023-01-15 18:46:44,2022-12-15 14:03:22
Sound Rush & Ecstatic - Fly Away (Official Video),https://www.youtube.com/watch?v=guwH9vdCCHw,Sound Rush,2023-01-17 11:29:22,2022-11-17 16:00:08
Gunz For Hire - Death Or Glory (OUT NOW),https://www.youtube.com/watch?v=YD7BpMOgJ8Q,Roughstate,2023-01-17 19:01:16,2022-12-01 07:22:17
Dynamic D’s – T-Storm's (Purple Galaxy Hard Remix Edit),https://www.youtube.com/watch?v=Qn1ltqBpC08,Mental Madness Records,2023-01-18 17:40:32,2022-09-08 22:00:17
B-Front ft. Diandra Faye - Closer To The Edge (Official Videoclip),https://www.youtube.com/watch?v=JXpZYepbm4k,B-Front,2023-01-19 14:41:30,2022-08-17 15:00:09
SNAP! - Rhythm Is A Dancer (The Purge Bootleg),https://www.youtube.com/watch?v=oGWHK-GlTBM,The Purge,2023-01-20 20:32:21,2022-09-26 13:49:12
Wildstylez - Hero (Official Videoclip),https://www.youtube.com/watch?v=kqagTSV75ik,Art of Creation,2023-01-25 08:27:50,2022-10-06 10:00:08
"Frontliner, MYST & Alter Ego - Before Your Eyes",https://www.youtube.com/watch?v=zpHeZX-iaJo,Frontliner,2023-01-25 13:26:59,2022-12-19 16:03:09
Ecstatic - Ecuador (Hardstyle) | HQ Lyric Videoclip,https://www.youtube.com/watch?v=RPU05gFGPpg,HardstyleUp2Datez [HU2Dz],2023-01-25 14:37:20,2022-12-22 17:00:10
Da Tweekaz & Tony Junior & Sound Rush - Lambada (Your Love) (Official Video),https://www.youtube.com/watch?v=1-9CFacQfoA,Dirty Workz,2023-01-25 14:40:13,2022-09-15 10:00:11
MANDY - Lift Me Up (Official Video),https://www.youtube.com/watch?v=S2WXRdIpAMU,Dirty Workz,2023-01-26 14:02:13,2022-09-23 10:00:13
Headhunterz - Time To Dance Again (Official Videoclip),https://www.youtube.com/watch?v=PyN1XfSunuw,Art of Creation,2023-01-28 18:13:04,2022-07-21 10:00:13
B-Front - Call It Home (Official Videoclip),https://www.youtube.com/watch?v=BAQsDKwuZPk,B-Front,2023-02-02 15:24:21,2022-10-05 13:22:28
D-Sturb & Vertile - Open Up Your Heart (Official Videoclip),https://www.youtube.com/watch?v=wkTboFPCHhI,D-Sturb,2023-02-04 21:02:26,2022-12-09 16:00:09
Korsakoff - The Limelight (Official Videoclip),https://www.youtube.com/watch?v=YvBoePKEy6g,Masters of Hardcore,2023-02-09 17:12:29,2022-09-09 10:00:20
DJ ANIME - Blow Up (VIDEOCLIP),https://www.youtube.com/watch?v=wsLPjKz_0XM,DJ AniMe,2023-02-13 21:39:07,2022-12-22 14:40:24
Wasted Penguinz - Release Me (Official Video),https://www.youtube.com/watch?v=eh-E5999ANQ,Dirty Workz,2023-02-14 12:31:03,2022-11-11 11:00:10
Sound Rush & Zatox - Unleash The Fire (Official Video),https://www.youtube.com/watch?v=DpLAWRkN5f8,Sound Rush,2023-02-15 17:14:19,2022-09-29 16:00:12
DJane HouseKat x Blümchen x KYANU – Luv With U (Official Music Video),https://www.youtube.com/watch?v=FIYV_NUsW8E,Kontor.TV,2023-02-23 10:19:53,2022-12-31 09:00:07
Jerome x Hedara - Blow Ur Mind (Official Music Video),https://www.youtube.com/watch?v=SF38uEM21V0,Kontor.TV,2023-02-23 10:20:47,2022-12-29 23:00:21
Imperial & Mind Compressor - #StraightFire | Official Video,https://www.youtube.com/watch?v=EovVZhaQi3g,Scantraxx,2023-03-01 20:42:09,2022-12-21 15:00:07
Arkane Row - Strange World (Official Video) [Copyright Free Music],https://www.youtube.com/watch?v=8ZUH5c5rJCY,Dirty Workz,2023-03-16 09:48:42,2022-11-16 11:59:13
Arkane Row - Stay (Official Video) [Copyright Free Music],https://www.youtube.com/watch?v=139NhsHUwnk,Dirty Workz,2023-03-16 12:31:45,2022-10-05 10:00:02
Rewildz - Monster (Official Lyric Videoclip) [Copyright Free Music],https://www.youtube.com/watch?v=7XVCfM0wJ0o,Dirty Workz,2023-03-16 13:15:08,2022-09-30 08:00:03
TRIIIPL3 INC. - Promised Land (Official Video) [Copyright Free Music],https://www.youtube.com/watch?v=_BKN8F1gaAo,Dirty Workz,2023-03-16 13:25:10,2022-09-21 10:00:32
Enegizer - Like It Like That (Official Audio) [Copyright Free Music],https://www.youtube.com/watch?v=K6bpUTVJ85M,Dirty Workz,2023-03-16 19:40:11,2022-08-31 10:00:18
TRIIIPL3 INC. - Spinning Silver (Official Video) [Copyright Free Music],https://www.youtube.com/watch?v=LnopE2T5MeM,Dirty Workz,2023-03-17 10:09:44,2022-08-03 10:00:12
Resensed - Irresistible (Official Video) [Copyright Free Music],https://www.youtube.com/watch?v=vEpKwiyYSys,Dirty Workz,2023-03-17 14:58:34,2022-07-20 10:00:37
Astrak - Say Goodbye (Official Video) [Copyright Free Music],https://www.youtube.com/watch?v=rWf6KmEzRZQ,Dirty Workz,2023-03-17 16:55:17,2022-06-29 10:16:08
Rewildz & Dualcode - Yesterday (Official Video) [Copyright Free Music],https://www.youtube.com/watch?v=zaMPHJVcoEY,Dirty Workz,2023-03-20 18:45:58,2022-04-29 10:00:27
Horyzon ft. Amitav - Speed Of Light (Official Video),https://www.youtube.com/watch?v=fFRSTpgiEbc,Dirty Workz,2023-03-22 18:13:13,2022-04-05 17:00:11
Subraver - Love Of My Life (Official Audio) [Copyright Free Music],https://www.youtube.com/watch?v=dkCpJxjMtZE,Dirty Workz,2023-03-23 12:16:45,2022-03-19 11:00:16
Krowdexx - How You Feel It (Official Video),https://www.youtube.com/watch?v=3B12e_g2H64,Krowdexx,2023-03-23 17:06:39,2022-12-22 11:30:10
Aftershock ft. Last Word - Legacy,https://www.youtube.com/watch?v=2Xzw21zb1Os,Art of Creation,2023-03-24 14:11:35,2022-09-08 10:00:11
Outsiders - Gimme Bass,https://www.youtube.com/watch?v=btf9cvFj820,Rebl Records,2023-03-28 17:13:57,2022-10-28 11:00:33
Outsiders x B-Front - Faith Of This World,https://www.youtube.com/watch?v=6mFHPoiio8A,Rebl Records,2023-03-28 17:26:32,2022-05-20 08:00:04
Gunz For Hire Ft. Ava Silver - Firestone (official videoclip),https://www.youtube.com/watch?v=eRAhuo5jibU,Gunz For Hire,2023-04-16 19:04:40,2022-03-31 10:00:31
DJ Dean & Victor F. - Million Miles Away,https://www.youtube.com/watch?v=BPgFcPDcVbw,Mental Madness Records,2023-04-21 16:29:23,2022-09-01 22:00:04
Grand K. - Are You Happy?,https://www.youtube.com/watch?v=MArwR4xjZLg,Mental Madness Records,2023-04-27 07:39:15,2022-03-31 22:00:13
Deadly Guns & N-Vitral - Break Your Face (Official Videoclip),https://www.youtube.com/watch?v=IfuwlVp7c4Q,Deadly Guns,2023-05-03 06:35:57,2022-10-05 16:00:11
"Rocco, Special D. & Andy Judge - Generation Of Love",https://www.youtube.com/watch?v=trOKugbA8UQ,You Love Dance.TV,2023-05-29 17:59:55,2022-08-05 08:00:21
Special D. x DJ Sammy & Loona - Prince of Love 2023 (Official Music Video),https://www.youtube.com/watch?v=gXqKTIMmOm4,Kontor.TV,2023-05-29 18:35:59,2022-12-16 09:00:20
GPF - Feeling Blue (Official Video),https://www.youtube.com/watch?v=8RO9Jc9sJD8,GPF,2023-06-04 18:53:36,2022-11-22 14:33:06
Gigi D'Agostino - L'amour Toujours (The Purge x Adjuzt Bootleg),https://www.youtube.com/watch?v=Lk66sM3TuB0,The Purge,2023-06-04 18:59:53,2022-09-26 13:39:07
Piece of My Heart (Uwaukh Remix),https://www.youtube.com/watch?v=JxaAvwQ2nJo,Pulsedriver - Topic,2023-06-08 10:23:25,2022-06-16 21:07:10
Kiss of the Morning Sun (Single Mix),https://www.youtube.com/watch?v=ZnucAMA0zLc,The Uniquerz - Topic,2023-06-08 10:25:24,2022-06-16 21:09:51
Spin Around (Single Mix),https://www.youtube.com/watch?v=tqb0Xmr6K6A,Nick Unique - Topic,2023-06-08 10:26:46,2022-06-16 21:09:16
DJane HouseKat - The Spirit of Yesterday (Earsquaker Remix),https://www.youtube.com/watch?v=Xnnj-QGOhNk,Earsquaker,2023-06-08 10:31:27,2022-08-16 13:35:42
Distortion,https://www.youtube.com/watch?v=kFm3BJKEdeI,Vasto - Topic,2023-06-19 19:13:16,2022-01-27 10:07:23
No Sleep,https://www.youtube.com/watch?v=0YtOrh5mjhY,Crypton - Topic,2023-06-27 16:28:50,2022-03-17 10:04:38
Danny L Harle & DJ Mayhem - Interlocked (feat. Pussy Riot) [Lil Texas Remix] [Official Visualizer),https://www.youtube.com/watch?v=VOaq_FeSPOE,Danny L Harle,2023-06-28 17:00:37,2022-03-03 17:00:22
Danny L Harle & DJ Danny - On A Mountain (ascendant vierge version) [Official Full Stream],https://www.youtube.com/watch?v=b0AbcXEC1iQ,Danny L Harle,2023-06-30 04:52:19,2022-03-18 17:00:18
A New Beginning,https://www.youtube.com/watch?v=KuSIbtSXGTQ,Juliëx - Topic,2023-07-06 06:55:15,2022-04-24 10:01:18
Sub Sonik x DJ Gollum - Running Up That Hill,https://www.youtube.com/watch?v=5qT-g5MlhJU,Zooland.TV,2023-07-07 07:37:36,2022-11-17 23:01:00
Deep End (Asow Remix),https://www.youtube.com/watch?v=QGPkLqrE8HM,Stupid Whizkid - Topic,2023-07-07 07:39:44,2022-11-17 10:02:50
Digital Punk & E-Life - Born Free (OUT NOW),https://www.youtube.com/watch?v=yVJOkS1Ui2Q,Roughstate,2023-07-07 09:42:43,2022-11-23 00:19:01
Galactixx ft. Ava Silver & MC DL - Kings Of The Night | Q-dance presents SPEQTRUM,https://www.youtube.com/watch?v=71xBw0AZgh4,Q-dance Music,2023-07-07 10:08:25,2022-11-24 09:22:07
Demi Kanon - The Maya | Official Music Video,https://www.youtube.com/watch?v=ZN8uQy2vVOo,Scantraxx,2023-07-07 10:09:41,2022-11-22 15:00:10
Dream Of You,https://www.youtube.com/watch?v=x6ywkX3FLNI,OutPhaze - Topic,2023-07-07 13:26:08,2022-11-22 10:02:06
The Purge - TRIPPY SPACE (Official Visualizer),https://www.youtube.com/watch?v=vjoxGnc3IWs,The Purge,2023-07-07 15:12:15,2022-12-07 08:00:30
Aftershock - Victorious (Official Videoclip),https://www.youtube.com/watch?v=d1KfkLwi1q0,Art of Creation,2023-07-07 15:18:36,2022-11-24 11:00:09
"One Love, Hardcore (Original Mix)",https://www.youtube.com/watch?v=Qo2M4CU3h2I,Marc Acardipane - Topic,2023-07-10 18:41:55,2022-12-15 10:04:42
Solstice & GLDY LX - Accelerate (Official Video),https://www.youtube.com/watch?v=3bXjk91eofs,Dirty Workz,2023-07-20 06:34:37,2022-09-21 17:00:12
Hypnose - Fire (Official Audio),https://www.youtube.com/watch?v=E2otwgkyHv0,I AM HARDSTYLE,2023-07-20 12:00:36,2022-07-19 14:00:07
Sickmode & Rooler - CLUB BANGER (Official Video),https://www.youtube.com/watch?v=lTwF3sCk4kU,Aggressive Records,2023-07-26 17:03:27,2022-05-19 08:00:14
