🔥 🆕  Harris & Ford x DJ Gollum - Numb (Aftershock Remix),https://www.youtube.com/watch?v=hwo8SkMgKC4,Harris & Ford,2023-01-06 16:14:39,2023-01-06 13:53:56
D-Sturb & Act Of Rage & Nolz - Magnetism | Q-dance Records,https://www.youtube.com/watch?v=ZJnIVZY3o90,Q-dance Music,2023-01-11 18:23:42,2023-01-11 15:00:16
Dvastate & Disarray - Stand Up | Official Hardstyle Music Video,https://www.youtube.com/watch?v=6WQMLH0_1ew,Scantraxx,2023-01-12 16:28:27,2023-01-12 15:00:09
Degos & Re-Done - I Want Your Soul (Official Extended Clip),https://www.youtube.com/watch?v=D70CQxeKKBI,degosredone,2023-01-13 10:36:25,2023-01-12 23:00:10
KELTEK - Turn To Dust | Official Hardstyle Music Video,https://www.youtube.com/watch?v=VstU-Oc3r8g,Scantraxx,2023-01-13 20:45:20,2023-01-13 15:00:06
Make Me Wanna - S3RL & Alaguan ft Mixie Moon,https://www.youtube.com/watch?v=oxT-nIZRQ0U,S3RL,2023-01-14 08:36:43,2023-01-11 23:27:30
Rebelion - Vendetta (X-Qlusive OST) | Q-dance Records,https://www.youtube.com/watch?v=k_cZRdLR8rk,Q-dance Music,2023-01-19 14:22:42,2023-01-19 14:00:24
Nick Skitz & Nicolette - Harden Up (Nick Skitz x Mindblast x Uwaukh Remix Edit),https://www.youtube.com/watch?v=AJVbYI1sCEE,Mental Madness Records,2023-01-20 09:09:54,2023-01-19 23:00:08
Vertile - No Sleep | Q-dance Records,https://www.youtube.com/watch?v=roeeIm5WFtI,Q-dance Music,2023-01-20 10:13:43,2023-01-20 10:00:36
MYST - Talk About Love (Official Music Video),https://www.youtube.com/watch?v=C1BNl4B9Fj8,MYST,2023-01-20 15:34:04,2023-01-20 11:00:09
RVAGE - Hyperspace (Official Visualizer),https://www.youtube.com/watch?v=9DVR-gPKt5k,RVAGE,2023-01-20 15:54:11,2023-01-20 15:00:05
Red Hot Chili Peppers - By The Way (D-Fence Remix),https://www.youtube.com/watch?v=4zpDCx8S56w,D-Fence,2023-01-21 08:44:30,2023-01-13 11:00:07
Firelite - All Night (Official Video),https://www.youtube.com/watch?v=Wn3w6IkdTp8,Dirty Workz,2023-01-25 14:47:44,2023-01-04 09:00:06
Galactixx - Sun Goes Down (OUT NOW),https://www.youtube.com/watch?v=FiVFlXVBdu8,Roughstate,2023-01-26 13:10:25,2023-01-26 08:32:55
Coone & Robert Falcon - All Of The Lights (Official Video),https://www.youtube.com/watch?v=ZE9ChGhNosk,Dirty Workz,2023-01-26 14:00:06,2023-01-25 18:00:10
Devin Wild - No Resistance | Q-dance Records,https://www.youtube.com/watch?v=E-DGUl0TZOo,Q-dance Music,2023-01-27 11:40:24,2023-01-27 11:31:51
Frontliner & LePrince - Mad Sound Killer,https://www.youtube.com/watch?v=eCalkoMSlRE,Frontliner,2023-01-27 17:03:13,2023-01-27 16:00:11
Voidax - We Are The Enemy (OUT NOW),https://www.youtube.com/watch?v=8zezovWNN7c,Roughstate,2023-02-01 09:55:23,2023-01-31 23:00:03
Jade Key ft. She Is Jules - Gets Better (Official Audio) [Copyright Free Music],https://www.youtube.com/watch?v=y2T6vAyWG7M,Dirty Workz,2023-02-01 13:34:46,2023-02-01 11:34:29
Adaro X Level One X Nino Lucarelli  - One And The Same (OUT NOW),https://www.youtube.com/watch?v=YxgDG9upLN8,Roughstate,2023-02-02 07:49:20,2023-02-01 23:00:22
MISH & Krowdexx - Time To Shine (Official Visualizer),https://www.youtube.com/watch?v=Dxt3jeN5pJ4,Aggressive Records,2023-02-02 09:27:58,2023-02-02 09:00:08
Frequencerz & Embassy - The Mind (Official Video),https://www.youtube.com/watch?v=iUAgLxF0aQw,Frequencerz,2023-02-02 17:35:17,2023-02-02 15:00:23
Deformer - A Moment Of Violence (N-Vitral pres: BOMBSQUAD Remix),https://www.youtube.com/watch?v=8UC-Ti-R0iA,N-Vitral,2023-02-02 19:38:59,2023-02-02 15:30:03
MANDY - UNDRGRND (Official Video),https://www.youtube.com/watch?v=BnBp6hTekMI,Dirty Workz,2023-02-03 11:12:08,2023-02-02 11:00:07
B-Front & Kronos - Tonight | Official Hardstyle Music Video,https://www.youtube.com/watch?v=WRW0RhQy9Wo,Scantraxx,2023-02-03 16:11:24,2023-02-03 15:00:07
Bad Boys (Harddance Mix),https://www.youtube.com/watch?v=V63pU-TFiOc,DJ Gollum - Topic,2023-02-05 04:56:04,2023-02-02 10:03:22
phuture noize - i raise my glass (ft. nino lucarelli),https://www.youtube.com/watch?v=_HLrUnYpIkw,Black Mirror Society,2023-02-06 20:47:58,2023-02-06 19:29:00
Desire,https://www.youtube.com/watch?v=EOB0K7lSBNA,Empyre One - Topic,2023-02-08 21:13:18,2023-02-02 10:04:15
TATTOO,https://www.youtube.com/watch?v=OOt0rnWKjW0,FiNCH - Topic,2023-02-08 21:18:18,2023-02-02 23:03:21
Ievan Polkka (Theo Gobensen Edit),https://www.youtube.com/watch?v=lpE5pwTxefA,HatsuneMiku - Topic,2023-02-08 21:24:39,2023-01-25 16:37:58
Frequencerz & Embassy - The Mind (OUT NOW),https://www.youtube.com/watch?v=fbsBJRrwkdc,Roughstate,2023-02-09 09:55:39,2023-02-08 23:00:35
Sub Zero Project - Conquer Your Mind (Official Video),https://www.youtube.com/watch?v=parKfDw0Ivo,Dirty Workz,2023-02-10 16:37:29,2023-02-02 18:00:09
Lost [Official Music Video] - Linkin Park,https://www.youtube.com/watch?v=7NK_JOkuSVY,Linkin Park,2023-02-12 18:57:46,2023-02-10 05:00:08
Stormerz - Into The Fire | Q-dance presents SPEQTRUM,https://www.youtube.com/watch?v=XhFxBI5r8fw,Q-dance Music,2023-02-16 10:19:02,2023-02-16 10:11:47
Riot Shift - FIGHTING DEMONS (Official Video),https://www.youtube.com/watch?v=cG6aD_8cCX4,Aggressive Records,2023-02-16 17:07:47,2023-02-16 09:00:22
Aftershock - Top Of The World | Q-dance Records,https://www.youtube.com/watch?v=mTT_FQvmYQU,Q-dance Music,2023-02-17 12:23:36,2023-02-17 09:56:02
Sound Rush & KELTEK -  Kings & Queens | Official Hardstyle Music Video,https://www.youtube.com/watch?v=3DbCt080RCI,Scantraxx,2023-02-17 17:53:15,2023-02-17 15:00:09
Leony - Somewhere In Between (Official Music Video),https://www.youtube.com/watch?v=PXIk25eJTbI,Kontor.TV,2023-02-23 10:17:10,2023-01-05 23:00:11
Through The Night - S3RL & Tatsunoshin,https://www.youtube.com/watch?v=Xsc-WOW6paE,S3RL,2023-02-23 12:19:25,2023-02-22 22:55:13
Galactixx Ft. Stef Classens - Take Me (OUT NOW),https://www.youtube.com/watch?v=SyQGUhVRehc,Roughstate,2023-02-23 12:44:13,2023-02-23 07:55:52
REPUBLIC & IRRADIATE - ECSTASY 💊 (OFFICIAL VIDEOCLIP),https://www.youtube.com/watch?v=K-qwF4aXuVc,Irradiate,2023-02-23 16:19:32,2023-02-23 16:00:07
Irradiate & Major Conspiracy - Drums In My Hand (Official Videoclip),https://www.youtube.com/watch?v=CNOBBx1wuh8,Snakepit Hardcore,2023-02-23 20:02:21,2023-01-12 16:00:10
Scooter – Waste Your Youth (Official Lyric Video 4K),https://www.youtube.com/watch?v=XRZdSu4UYCk,Scooter,2023-02-26 20:37:26,2023-01-12 23:00:13
The Purge - FANTASYLAND (Official Videoclip),https://www.youtube.com/watch?v=x8OPA4dcNaE,The Purge,2023-03-03 12:58:10,2023-03-03 11:38:19
Memory (feat. Justin J. Moore),https://www.youtube.com/watch?v=6Gt8napUfak,Toneshifterz - Topic,2023-03-04 19:48:20,2023-02-27 10:04:13
Coone - Bowy (The World Is Yours) (Official Lyric Video),https://www.youtube.com/watch?v=yggDBBMxURM,Dirty Workz,2023-03-05 20:14:08,2023-03-03 16:00:11
Harris & Ford x BassWar & CaoX feat. Harry - Apologize (Official Video),https://www.youtube.com/watch?v=bNlAEb40nAA,Harris & Ford,2023-03-08 17:39:36,2023-03-03 11:07:56
Levoút - My Identity (Official Audio) [Copyright Free Music],https://www.youtube.com/watch?v=vg2HrfhtGOI,Dirty Workz,2023-03-09 11:23:00,2023-03-08 11:00:51
Neroz - Bring It On | Official Hardstyle Music Video,https://www.youtube.com/watch?v=KJx7N7GasPE,Scantraxx,2023-03-10 07:59:34,2023-03-09 15:00:09
Malice - Heart On Fire (Official Visualizer),https://www.youtube.com/watch?v=GJ0UeAKpGdk,Aggressive Records,2023-03-10 08:03:46,2023-03-09 09:00:09
D-Block & S-te-Fan - GODD Is A DJ (Official Video),https://www.youtube.com/watch?v=Y9PZeHGXqbE,D-Block & S-te-Fan (DBSTF),2023-03-10 12:26:22,2023-03-09 16:00:10
TRIIIPL3 INC. - Satellites (Official Video) [Copyright Free Music],https://www.youtube.com/watch?v=PpfkxC4sTAM,Dirty Workz,2023-03-10 14:38:50,2023-02-22 11:00:39
B-Front & Sound Rush & XCEPTION - Gates To Kingdom | Q-dance Records,https://www.youtube.com/watch?v=j-IRsQuEOgk,Q-dance Music,2023-03-10 14:57:38,2023-03-10 11:00:37
Inpulsa - The Hard Way (Official Audio) [Copyright Free Music],https://www.youtube.com/watch?v=7ypTXAuTVWg,Dirty Workz,2023-03-12 15:27:56,2023-02-17 16:00:03
D-Charged - I'm Me (Official Audio),https://www.youtube.com/watch?v=ectrZ_Y4-gA,Dirty Workz,2023-03-12 15:32:38,2023-02-16 11:00:33
Releazer - Driving Me Mad (Official Audio) [Copyright Free Music],https://www.youtube.com/watch?v=wKx7wPaqW-M,Dirty Workz,2023-03-14 10:48:17,2023-02-15 11:00:47
Blasco ft. KAIYS - Follow You (Official Audio),https://www.youtube.com/watch?v=cEVJdQzjiiQ,Dirty Workz,2023-03-14 16:30:13,2023-02-14 18:00:27
Bassbrain & Ephoric ft. Mark Vayne - Best Night Ever (Official Video),https://www.youtube.com/watch?v=X38ttx1-4nE,Dirty Workz,2023-03-15 07:47:38,2023-01-31 18:00:12
Rewildz - Dance (Official Video) [Copyright Free Music],https://www.youtube.com/watch?v=HziZ_VqlAl8,Dirty Workz,2023-03-15 07:50:13,2023-01-25 11:00:20
TRIIIPL3 INC. ft. Crooked Bangs - Tough Love (Offiical Video) [Copyright Free Music],https://www.youtube.com/watch?v=eI-4DUQl0As,Dirty Workz,2023-03-15 14:47:20,2023-01-11 11:00:24
Sickmode & Krowdexx - LOSE IT (Official Video),https://www.youtube.com/watch?v=43VWJMWYw8E,Krowdexx,2023-03-17 12:47:10,2023-03-16 16:00:08
Krowdexx - ICONS (Official Video),https://www.youtube.com/watch?v=PdxC63L_rCM,Krowdexx,2023-03-17 12:50:47,2023-03-16 11:30:07
Frontliner - AI (Official Video),https://www.youtube.com/watch?v=HttekX2Vd1A,Frontliner,2023-03-18 18:39:09,2023-03-17 18:00:08
Nightcraft & Disarray - Fly With Me | Official Hardstyle Music Video,https://www.youtube.com/watch?v=ISbYlSzrC4M,Scantraxx,2023-03-22 18:11:53,2023-03-22 15:00:10
REKALL - Game Of Hate,https://www.youtube.com/watch?v=r-rz4kI0W0M,Scantraxx Prospexx,2023-03-23 16:53:39,2023-03-23 15:00:40
MYST - Indestructible (Official Audio),https://www.youtube.com/watch?v=6MHBgbG9A7g,MYST,2023-03-24 14:09:04,2023-03-24 11:00:09
Adrenalize & Galactixx - Tidal Waves | Official Hardstyle Music Video,https://www.youtube.com/watch?v=sPaDba7IlvA,Scantraxx,2023-03-24 15:00:30,2023-03-15 15:00:08
Zatox & The Purge ft. Dave Revan - Killswitch | Official Hardstyle Music Video,https://www.youtube.com/watch?v=ALcPsNFiQe8,Scantraxx,2023-03-24 16:42:27,2023-03-24 15:00:09
Access One - Revolution,https://www.youtube.com/watch?v=Ry610PG2IHg,Dogfight Rec,2023-03-24 17:56:06,2023-03-24 17:52:32
Jay Reeve & GLDY LX - Reevolution (Official Audio),https://www.youtube.com/watch?v=dge6LKF3qUY,Dirty Workz,2023-03-24 17:59:30,2023-03-24 16:00:24
Andrew Liogas - It's Always Been You (Official Audio) [Smashed Society],https://www.youtube.com/watch?v=0bABnVLhnVs,Dirty Workz,2023-03-28 15:36:50,2023-03-28 10:00:01
W&W x HARRIS & FORD x TRIIIPLE INC. - FANTASY (TRICKY DISCO),https://www.youtube.com/watch?v=nawED3pvHX4,Harris & Ford,2023-03-28 15:38:27,2023-03-28 09:30:57
Harris & Ford x Outsiders x 2Engel&Charlie - Ruinen Dieser Welt,https://www.youtube.com/watch?v=V_33YFs-lho,Harris & Ford,2023-03-28 17:45:06,2023-01-20 11:00:10
Warface - Sky Fall (Official Video),https://www.youtube.com/watch?v=ta2URomw3cw,WARFACE,2023-03-28 21:32:45,2023-02-09 18:00:09
B-Front - Outer Space (OUT NOW),https://www.youtube.com/watch?v=moveM20PJ6k,Roughstate,2023-03-30 08:27:23,2023-03-29 22:00:19
HARRIS & FORD feat. PHIVA - CANDYMAN (Dolly Song),https://www.youtube.com/watch?v=hpNnKVIoswQ,Harris & Ford,2023-03-31 11:07:54,2023-03-31 10:14:50
Ecstatic - Absolution (Official Video),https://www.youtube.com/watch?v=DJgI9Q0bvgo,Dirty Workz,2023-04-01 10:17:28,2023-01-19 18:00:08
Shokkfrost ft. Emily Fox - Into The Dawn,https://www.youtube.com/watch?v=4hh-2UqfXhQ,Scantraxx Prospexx,2023-04-04 14:31:05,2023-04-04 14:00:03
The Saints ft. Carston - High On Life (OUT NOW),https://www.youtube.com/watch?v=beBLREf8mr0,Roughstate,2023-04-05 08:28:32,2023-04-04 22:00:14
Eternate - The Transformation | Official Hardstyle Music Video,https://www.youtube.com/watch?v=UiqNovRrhLE,Scantraxx,2023-04-05 18:43:58,2023-04-05 15:00:10
Serzo - We Go Down (Official Audio),https://www.youtube.com/watch?v=tSeKBHxcUBE,Dirty Workz,2023-04-05 19:40:33,2023-04-05 17:00:35
The Unforgiven,https://www.youtube.com/watch?v=Rlfiq9AHW58,Sefa - Topic,2023-04-05 22:47:57,2023-04-05 19:42:46
Be Free (This Is Sefa Edit),https://www.youtube.com/watch?v=TPSh5NDmmmI,Sefa - Topic,2023-04-05 22:48:08,2023-04-05 19:42:46
Genesis,https://www.youtube.com/watch?v=KiMGnFgO7BI,Sefa - Topic,2023-04-05 22:48:25,2023-04-05 19:42:46
Ran-D - The Nightmare Factory (OUT NOW),https://www.youtube.com/watch?v=yjQyXDwfsZE,Roughstate,2023-04-06 07:43:54,2023-04-05 22:00:33
Demi Kanon - Follow The Light | Official Hardstyle Music Video,https://www.youtube.com/watch?v=U-daI83GxXM,Scantraxx,2023-04-06 17:00:42,2023-04-06 14:00:07
Warface ft. Iris Goes - Rest In Pieces (Official Video),https://www.youtube.com/watch?v=vmudWPwZkyQ,WARFACE,2023-04-06 18:08:45,2023-04-06 17:00:08
Cryex & Scarra - Never Change [Official Videoclip],https://www.youtube.com/watch?v=KiYu6ml4gv0,APEX Records,2023-04-06 18:51:20,2023-03-16 14:59:08
MAYTHOR - IN MY VEINS (Official Video),https://www.youtube.com/watch?v=DBhwz5ExnVA,Theracords,2023-04-12 08:39:55,2023-04-12 08:30:03
Atmozfears & Sound Rush - The Kraken | Q-dance Records,https://www.youtube.com/watch?v=cAUY5S_DLCw,Q-dance Music,2023-04-12 12:26:04,2023-04-12 10:25:00
D-Block & S-te-Fan & Headhunterz - Keepers Of Our Legacy | Official Hardstyle Music Video,https://www.youtube.com/watch?v=4GhfZhTOXtY,Scantraxx,2023-04-12 17:20:00,2023-04-12 14:00:07
Digital Punk X Level One X Nolz - Revolt (OUT NOW),https://www.youtube.com/watch?v=AVpjNvvuc8s,Roughstate,2023-04-13 10:44:55,2023-04-12 22:00:03
Creature,https://www.youtube.com/watch?v=eSJHskcmykI,Dither - Topic,2023-04-15 17:09:48,2023-04-13 10:01:43
Unproven - Dirty Thoughts | Q-dance presents QORE,https://www.youtube.com/watch?v=fqxipcAI9HQ,Q-dance Music,2023-04-18 10:58:06,2023-04-18 09:00:20
FiNCH - iNFiNiTY (prod. Dasmo & Mania Music) [Vertical Video] 4K,https://www.youtube.com/watch?v=swx6dMS8lps,FiNCH,2023-04-21 04:52:29,2023-04-20 22:00:08
MYST - Breathless (Official Audio),https://www.youtube.com/watch?v=C5nBBDwC5eI,MYST,2023-04-21 11:58:01,2023-04-21 10:00:09
Anderex - Text To Speech (Official Video),https://www.youtube.com/watch?v=ix2AgEkvoo4,Dirty Workz,2023-04-22 06:21:10,2023-04-07 10:00:12
Neptunica feat. Beks – Follow You (Official Music Video),https://www.youtube.com/watch?v=owpJDgLls80,Kontor.TV,2023-04-25 14:27:58,2023-04-24 14:37:41
Neptunica x Shockz x Rebecca Helena - Marble (Marc Blou Remix) (Official Music Video),https://www.youtube.com/watch?v=M6gOUSqsbig,Kontor.TV,2023-04-25 14:40:08,2023-03-18 14:00:23
B-Elementz - Game of Hate (Official Audio) [Smashed Society],https://www.youtube.com/watch?v=LoZoDEJ6JeI,Dirty Workz,2023-04-26 10:06:16,2023-04-26 08:00:14
ANIME & D-FENCE - LETTING GO (VIDEOCLIP),https://www.youtube.com/watch?v=V6BxW4Vhdow,DJ AniMe,2023-04-26 15:53:07,2023-04-25 14:09:52
D-Attack - Wasted Time | Official Hardstyle Music Video,https://www.youtube.com/watch?v=ERIatFcB6mg,Scantraxx,2023-04-26 16:01:40,2023-04-26 14:00:09
Juju Rush – Closure | Q-dance presents QORE,https://www.youtube.com/watch?v=Z3M6PnoF7T4,Q-dance Music,2023-04-28 10:51:50,2023-04-28 09:00:27
Scooter x Harris & Ford - Techno Is Back (Official Video 4K),https://www.youtube.com/watch?v=00WOxO_jsH8,Scooter,2023-04-28 11:41:30,2023-04-13 22:00:07
Deadly Guns ft. Serouj Guidanian - Here To Stay (Official Videoclip),https://www.youtube.com/watch?v=lXLluB4V_EA,Deadly Guns,2023-05-01 17:15:43,2023-05-01 15:00:11
Zatox - Acid For Your Brain | Hardstyle Music Video,https://www.youtube.com/watch?v=BZWBY-HYDYU,Scantraxx,2023-05-01 19:43:57,2023-04-19 14:00:07
D-Sturb - Reflections (Official Videoclip),https://www.youtube.com/watch?v=9LOWsrTjJp0,D-Sturb,2023-05-04 09:49:25,2023-04-28 15:00:07
Darksiderz & NTXC - Reload (Official Audio) [Electric Fox],https://www.youtube.com/watch?v=-ExnfAQAF5U,Dirty Workz,2023-05-04 12:35:00,2023-05-02 10:00:00
B-Front X MNO X DV8 - Echoes (OUT NOW),https://www.youtube.com/watch?v=SHkZ8VKTpRY,Roughstate,2023-05-05 09:46:58,2023-05-04 22:00:14
Rooler & Warface - FLYIN' HIGH (Official Video),https://www.youtube.com/watch?v=coNxxlEuZ3A,Aggressive Records,2023-05-06 19:47:22,2023-03-23 09:00:32
Wildstylez & Sound Rush - Glorious,https://www.youtube.com/watch?v=ZTKk3okQ_0g,Art of Creation,2023-05-14 17:35:26,2023-03-30 10:00:09
Ran-D x The Prophet x LePrince - Born To Be Free | Official Hardstyle Music Video,https://www.youtube.com/watch?v=y1-ENXyfVJg,Scantraxx,2023-05-14 17:58:12,2023-05-11 16:45:06
Eternate x KEKU ft. Angel Cannon - All I Know | Official Hardstyle Music Video,https://www.youtube.com/watch?v=qdoIH5AZGBE,Scantraxx,2023-05-16 20:48:05,2023-05-16 14:00:10
Korsakoff & Hysta  - Choose Life (Official Videoclip),https://www.youtube.com/watch?v=agz7VhOnxSk,Masters of Hardcore,2023-05-16 20:55:11,2023-05-11 15:00:04
AniMe & Broken Minds - Go Insane (Official Videoclip),https://www.youtube.com/watch?v=Ntm5iqhoxm0,DJ AniMe,2023-05-25 13:08:05,2023-05-25 09:34:22
Higher,https://www.youtube.com/watch?v=RUawnXlZwWA,Fahjah - Topic,2023-05-25 15:39:16,2023-05-18 10:01:24
FiNCH - LEERE AUGEN (prod. Dasmo & Mania Music),https://www.youtube.com/watch?v=Lydx5NB00Lc,FiNCH,2023-05-26 09:51:36,2023-01-04 23:00:09
Let's Go,https://www.youtube.com/watch?v=gDDRVK_RHlE,Dimitri K - Topic,2023-05-28 12:10:56,2023-02-23 10:04:25
Harris & Ford - Schlafen (Official Lyric Video),https://www.youtube.com/watch?v=mV_E2p-YWfs,Harris & Ford,2023-05-28 12:17:28,2023-05-12 10:02:19
Harris & Ford x KYANU x DJ Gollum - Welcome to the Club (Official Video),https://www.youtube.com/watch?v=pDeGzC5Vz-A,Harris & Ford,2023-05-28 12:53:57,2023-05-26 10:00:10
phuture noize - burst of light. [visualizer],https://www.youtube.com/watch?v=DKRIUc4-qJQ,Black Mirror Society,2023-05-29 19:54:39,2023-05-29 16:00:09
Dr.Peacock & Death By Design - Rising Spirit (Deathroar remix),https://www.youtube.com/watch?v=P5namuLSDaw,Deathroar,2023-05-30 14:24:02,2023-05-27 08:41:02
Ghost Stories (D-Block & S-te-Fan) - Devil's Night | Official Hardstyle Audio,https://www.youtube.com/watch?v=orb5YCSHnDU,Scantraxx,2023-05-31 15:56:45,2023-05-31 15:00:08
Ran-D & Invector - Intoxicated (OUT NOW),https://www.youtube.com/watch?v=VT1htxoq5Xk,Roughstate,2023-06-01 07:58:49,2023-05-31 22:00:13
phuture noize - stars are tumbling out of the sky. [visualizer],https://www.youtube.com/watch?v=hQGzC1CTLdo,Black Mirror Society,2023-06-02 13:41:13,2023-05-26 17:00:31
phuture noize - run for cover. [visualizer],https://www.youtube.com/watch?v=3yVRQ220NjA,Black Mirror Society,2023-06-02 13:41:16,2023-05-25 16:30:01
phuture noize - one last midnight. [visualizer],https://www.youtube.com/watch?v=Dtpcn14B6Pg,Black Mirror Society,2023-06-02 13:41:19,2023-05-24 16:00:17
phuture noize - problem child [visualizer],https://www.youtube.com/watch?v=fBtRsM7lRmw,Black Mirror Society,2023-06-02 13:41:24,2023-04-14 14:20:43
phuture noize - from star to stardust [visualizer],https://www.youtube.com/watch?v=l0rcTAB1Fe4,Black Mirror Society,2023-06-02 13:41:28,2023-04-04 17:11:50
Lady Faith & Alee - Boom | Official Hardstyle Music Video,https://www.youtube.com/watch?v=_vKXhEB9NKI,Scantraxx,2023-06-02 14:05:17,2023-06-02 14:00:07
GPF - Greazy Frog (Official Video),https://www.youtube.com/watch?v=87WKaGrjQdE,GPF,2023-06-04 18:51:21,2023-03-15 15:00:04
The Viper & G-Town Madness - Come As One (Sefa Remix),https://www.youtube.com/watch?v=AWEnYIy3aAA,Sefa,2023-06-06 17:47:36,2023-06-06 14:00:12
Digital Punk X Carola X Nolz - Far From Done (OUT NOW),https://www.youtube.com/watch?v=l2H3pBU-Ybg,Roughstate,2023-06-08 06:08:42,2023-06-07 22:00:18
The Purge & Adjuzt ft. RXBY  - Summer Secrets | Q-dance Records,https://www.youtube.com/watch?v=qi6mepXsiQg,Q-dance Music,2023-06-08 18:05:32,2023-04-20 09:00:27
Atmozfears & Sound Rush - My Heart Will Go On (Titanic) | Power Hour Records,https://www.youtube.com/watch?v=cWWxyS8V9rs,Q-dance Music,2023-06-09 14:40:04,2023-06-09 08:27:52
Pat B - Heroine Again,https://www.youtube.com/watch?v=8I968t7iqnQ,"DJ Pat B - Jump, Hard & Oldschool music",2023-06-14 08:51:26,2023-06-05 07:45:08
Pat B & Danger Hardcore Team - In Your Head,https://www.youtube.com/watch?v=4b5JrpeHmMw,"DJ Pat B - Jump, Hard & Oldschool music",2023-06-14 08:53:20,2023-06-05 07:45:08
Eli Brown - Be The One (Official Visualiser),https://www.youtube.com/watch?v=L6fh2joR3Ws,Eli Brown,2023-06-14 21:10:13,2023-03-31 07:00:13
Ran-D - Illuminate (OUT NOW),https://www.youtube.com/watch?v=FRNfUkzXwPI,Roughstate,2023-06-15 13:17:22,2023-06-14 22:00:14
D-Block & S-te-Fan - Someone To Believe In (Official Video),https://www.youtube.com/watch?v=CdjYJvowsK4,D-Block & S-te-Fan (DBSTF),2023-06-15 17:15:15,2023-06-15 15:00:08
ZIGGY X – Bassdusche (Hard Dance Edit),https://www.youtube.com/watch?v=EcbnzpbwBgE,You Love Dance.TV,2023-06-15 18:28:23,2023-06-15 16:15:00
AniMe & Nolz - Voyage of the Damned (Official Dominator Festival 2023 Anthem),https://www.youtube.com/watch?v=1B_u8di0BTw,Dominator Festival,2023-06-16 12:07:25,2023-06-15 14:56:35
Devin Wild ft. Nathalie Blue - Holy Grounds (The Gathering 2023 OST),https://www.youtube.com/watch?v=0mFC2M2bWpQ,Q-dance Music,2023-06-16 13:24:28,2023-06-16 08:30:00
E-Force - A Black Hole,https://www.youtube.com/watch?v=N2VnO70EMJo,E-Force,2023-06-16 14:45:55,2023-06-16 13:51:28
Bulletproof & S-Kill - Still Standing (Official Videoclip),https://www.youtube.com/watch?v=5RoYgEC9geg,Partyraiser Recordings,2023-06-19 17:57:37,2023-06-16 10:00:08
Ghosts,https://www.youtube.com/watch?v=LGNvvYjaHKI,Unproven - Topic,2023-06-19 17:59:52,2023-01-11 10:04:29
Anderex - A New World | Q-dance presents SPEQTRUM,https://www.youtube.com/watch?v=bZEszgC-6cs,Q-dance Music,2023-06-20 08:37:08,2023-05-25 07:30:14
DVISION - Fade (Official Hardstyle Audio) [Smashed Society],https://www.youtube.com/watch?v=Q6xyUMp8N4M,Dirty Workz,2023-06-20 12:06:24,2023-06-20 10:46:39
Lil Nas X - STAR WALKIN' (Sound Rush Remix),https://www.youtube.com/watch?v=juwAygBmpRU,Sound Rush,2023-06-21 18:44:53,2023-05-31 15:00:10
Radical Redemption - Brutal X (Official Music Video),https://www.youtube.com/watch?v=FbL02RQWWBA,Radical Redemption,2023-06-22 16:12:53,2023-06-22 12:00:08
Cryex - Out There (Official Hardstyle Video),https://www.youtube.com/watch?v=soPKxw4DcPg,Dirty Workz,2023-06-22 16:41:17,2023-04-20 10:00:11
Loreen - Tattoo (Sound Rush Remix),https://www.youtube.com/watch?v=Q17dFs3XXQg,Sound Rush,2023-06-23 12:02:15,2023-05-12 13:00:08
Everytime We Touch,https://www.youtube.com/watch?v=yOMplZejyDY,MELON - Topic,2023-06-23 13:47:27,2023-04-13 10:00:52
California Dreamin',https://www.youtube.com/watch?v=R2AycjH9dsw,MELON - Topic,2023-06-23 13:47:37,2023-04-13 10:00:27
Freed From Desire,https://www.youtube.com/watch?v=lp2dB3Z4AH0,MELON - Topic,2023-06-23 13:47:43,2023-04-13 10:00:30
Say It Right,https://www.youtube.com/watch?v=t4CFul5zTDI,MELON - Topic,2023-06-23 13:47:56,2023-04-13 10:00:43
Tom's Diner,https://www.youtube.com/watch?v=HyRWA5s17DM,MELON - Topic,2023-06-23 13:48:02,2023-04-13 10:00:11
Umbrella,https://www.youtube.com/watch?v=NRGv_1blskU,MELON - Topic,2023-06-23 13:48:22,2023-04-13 10:00:13
Stereo Love,https://www.youtube.com/watch?v=pQqgmpTFbTw,MELON - Topic,2023-06-23 13:48:31,2023-04-13 10:00:42
Sun Is Up,https://www.youtube.com/watch?v=njJluI5Y-yo,MELON - Topic,2023-06-23 13:48:36,2023-04-13 10:00:37
Don't Stop The Music,https://www.youtube.com/watch?v=LPgrf14aMVg,MELON - Topic,2023-06-23 13:48:49,2023-04-13 10:00:27
Better Off Alone,https://www.youtube.com/watch?v=Oo97SY8V-Qw,MELON - Topic,2023-06-23 13:48:59,2023-04-13 10:00:17
L'Amour Toujours,https://www.youtube.com/watch?v=-dSUh60EVtM,MELON - Topic,2023-06-23 13:49:06,2023-04-13 10:00:00
I Will Survive,https://www.youtube.com/watch?v=MoLPAK-F05s,MELON - Topic,2023-06-23 13:49:18,2023-04-13 10:00:30
I Kissed A Girl,https://www.youtube.com/watch?v=HAOpYO_sd8E,MELON - Topic,2023-06-23 13:49:23,2023-04-13 10:00:19
Around the World (La La La La La),https://www.youtube.com/watch?v=N5-1qeZavus,MELON - Topic,2023-06-23 13:49:29,2023-04-13 10:00:15
Dr. Peacock & JKLL - Warriors of Valhalla,https://www.youtube.com/watch?v=29JYxtwyaKI,Dr. Peacock,2023-06-24 16:26:19,2023-06-20 18:00:10
Never See Me Again,https://www.youtube.com/watch?v=onDCun9msgE,Unproven - Topic,2023-06-27 16:25:44,2023-02-15 10:04:12
Miss K8 x N-Vitral - Crank Up The Bass (Official Videoclip),https://www.youtube.com/watch?v=zRHwWeCLv5U,Miss K8,2023-06-29 16:01:45,2023-06-29 15:00:10
Code Black - Take It All (Official Audio),https://www.youtube.com/watch?v=rLOSCYNIAGA,I AM HARDSTYLE,2023-06-29 20:32:49,2023-06-29 14:00:26
🚀 Hysta - Sky Ablaze 🚀 (Revealer Remix),https://www.youtube.com/watch?v=SERtpU9Tre8,Hysta Official,2023-06-30 07:17:14,2023-06-22 16:00:10
JNXD & Rayzen ft. Carola - The Sound Of Glory (So W'Happy 2023 Anthem) | Hardstyle Video Clip,https://www.youtube.com/watch?v=gIDdX0Q7PTw,Dirty Workz,2023-06-30 07:53:53,2023-06-29 17:00:07
Show Your Love (Hardstyle Remix),https://www.youtube.com/watch?v=XFA8dhdbC_s,Amari - Topic,2023-06-30 08:01:14,2023-06-29 10:01:40
FUCK IT UP,https://www.youtube.com/watch?v=vdv_yjobLBg,The Dark Horror - Topic,2023-06-30 09:15:35,2023-06-28 10:04:26
Young Birds,https://www.youtube.com/watch?v=DpMHAFQLZy4,DJ Weirdo - Topic,2023-06-30 18:06:00,2023-06-16 18:44:35
You Can't See,https://www.youtube.com/watch?v=skAH_PtFw_M,The Dark Horror - Topic,2023-06-30 18:31:58,2023-03-30 10:04:50
Warface - Taste The Blade (Official Video),https://www.youtube.com/watch?v=K4eKtuf-RiU,WARFACE,2023-07-05 10:10:37,2023-06-08 17:00:07
D-Attack ft. Nathalie Blue - Ace Of Spades | Official Hardstyle Music Video,https://www.youtube.com/watch?v=GRtIreXBPcs,Scantraxx,2023-07-05 20:17:16,2023-07-05 14:00:08
Paparazzi (Hardstyle),https://www.youtube.com/watch?v=0Yum5UwQ4mE,HARDSTYLE MAGE - Topic,2023-07-05 20:22:40,2023-07-04 10:00:01
Infected & Fyloh - Never Give Up (Official Video),https://www.youtube.com/watch?v=Jcj2J-xwFus,Gearbox Digital,2023-07-05 20:25:26,2023-07-05 09:37:58
DOWN UNDER - Mr. Bassmeister [FRENCHCORE 2023],https://www.youtube.com/watch?v=QtMaTcb_eEM,Mr. Bassmeister,2023-07-05 20:26:19,2023-07-05 06:46:56
Serzo & D-Charged - All You Need (Official Hardstyle Video),https://www.youtube.com/watch?v=rov9OZA1S9c,Dirty Workz,2023-07-05 20:28:41,2023-07-05 17:00:40
Sickmode & Mish & Krowdexx - HATE OR LOVE IT (Official Video),https://www.youtube.com/watch?v=_9esTpgLXnA,Aggressive Records,2023-07-06 12:34:05,2023-07-06 08:00:21
Bloodlust ft. Carola - The Light (Unresolved Remix),https://www.youtube.com/watch?v=KZV0ci8uDx8,End of Line Recordings,2023-07-06 12:50:42,2023-07-06 09:20:15
NEVER GONE,https://www.youtube.com/watch?v=tryiYlK2Gy0,Crypton - Topic,2023-07-07 06:03:39,2023-07-06 10:04:06
GridKiller & Neophyte - Like Shakespeare,https://www.youtube.com/watch?v=XyghYxAJys8,Neophyte Records,2023-07-07 06:06:51,2023-06-15 22:00:27
Unity,https://www.youtube.com/watch?v=cG4ny87w5Do,Hickz - Topic,2023-07-07 06:09:34,2023-07-06 10:01:28
I Will Find You,https://www.youtube.com/watch?v=qQrBpFsdF4k,Rvrs - Topic,2023-07-07 06:15:53,2023-07-06 10:01:06
Earsquaker - Hypnotize,https://www.youtube.com/watch?v=kj6TlGstrtc,Earsquaker,2023-07-05 09:31:38,2023-06-29 22:00:09
Atmozfears - The Soul | Q-dance Records,https://www.youtube.com/watch?v=yJ6eiLQRm9I,Q-dance Music,2023-07-08 08:12:59,2023-07-07 09:00:11
RAYZEN - Fall Back Down | Q-dance presents NEXT,https://www.youtube.com/watch?v=_vNL1O611HQ,Q-dance Music,2023-07-08 21:55:37,2023-06-19 09:00:32
Warface & Adjuzt ft. Iris Goes - LEVITATE (Official Video),https://www.youtube.com/watch?v=-6RViK2BldM,WARFACE,2023-07-09 11:47:37,2023-05-11 17:00:10
So Bad,https://www.youtube.com/watch?v=1rJS5UZmpMU,Heartless - Topic,2023-07-09 16:31:34,2023-02-16 10:01:53
Broke With You,https://www.youtube.com/watch?v=vrPjAKO5I_U,Chris Niers - Topic,2023-07-09 16:36:23,2023-02-16 10:04:18
Heaven,https://www.youtube.com/watch?v=sq_j3omYcb0,Diverze - Topic,2023-07-09 16:37:57,2023-06-29 10:04:38
🧡 DEFQON.1 ANTHEM 🧡 HYSTA EDIT (SCRAP ATTACK - HEADHUNTERZ),https://www.youtube.com/watch?v=zkBKoXOoD7s,Hysta Official,2023-07-10 11:27:08,2023-07-03 16:59:28
LNY TNZ - Rainbow (Official Hardstyle Video),https://www.youtube.com/watch?v=GAxTFlec0Es,Dirty Workz,2023-07-10 18:37:32,2023-07-10 17:00:08
Come Inside - GPF x S3RL x DJ Gollum,https://www.youtube.com/watch?v=tqMqAtJW-ME,S3RL,2023-07-12 21:50:43,2023-06-08 23:15:12
One More - S3RL & Atef ft Hannah Fortune & lowstattic,https://www.youtube.com/watch?v=fcllKsaXwDY,S3RL,2023-07-12 21:53:24,2023-06-28 22:38:14
HARRIS & FORD x ALEX C. FEAT. YASS - DU HAST DEN SCHÖNSTEN ARSCH DER WELT (OFFICIAL VIDEO),https://www.youtube.com/watch?v=XAz37TYuGvM,Harris & Ford,2023-07-14 08:29:50,2023-07-13 21:56:49
Ran-D & E-Life - Code Of The Warrior | Q-dance Records,https://www.youtube.com/watch?v=z4eaJ0O9sQg,Q-dance Music,2023-07-14 13:10:45,2023-07-14 09:00:08
Zatox - The Castles In The Sky | Official Hardstyle Music Video,https://www.youtube.com/watch?v=dx_Hh3Jy6MI,Scantraxx,2023-07-14 18:05:24,2023-07-14 14:00:08
With Me Now,https://www.youtube.com/watch?v=nR7ycC7BpSY,Theiz - Topic,2023-07-15 07:07:40,2023-07-13 10:03:44
Tatsunoshin – Cold Inside,https://www.youtube.com/watch?v=ePTPNCor-n4,You Love Dance.TV,2023-07-15 07:13:53,2023-07-13 16:30:06
You Don't Know (UK Hardcore Mix),https://www.youtube.com/watch?v=KjN4xL_fNdI,Nick Unique - Topic,2023-07-15 08:10:20,2023-07-13 10:04:08
Neptunica x Lost Identity x Teknoclash - Gemini,https://www.youtube.com/watch?v=1dN-0TsZyWI,Kontor FM,2023-07-15 08:32:10,2023-07-14 08:28:04
"DRIIIFT, DJ POTXO - Back To You",https://www.youtube.com/watch?v=4oUavjpNc60,AUDIOSEAL,2023-07-15 08:51:37,2023-07-14 08:00:04
Nothing Without You,https://www.youtube.com/watch?v=duILOog8Jho,DJ Evo - Topic,2023-07-15 09:50:19,2023-07-13 10:01:26
Lost In Ecstasy,https://www.youtube.com/watch?v=QJUXF-5nvak,Captain Core - Topic,2023-07-15 09:58:16,2023-07-13 10:01:48
GridKiller & Angerfist - Lethal Assassins,https://www.youtube.com/watch?v=PqnnDxrlVY0,Neophyte Records,2023-07-15 10:49:35,2023-06-14 15:00:16
Do My Thing,https://www.youtube.com/watch?v=o6q-fKcqcQs,Various Artists - Topic,2023-07-15 12:21:05,2023-07-13 10:02:46
Envine & Hardstyle Pianist - Regenerate | Official Hardstyle Music Video,https://www.youtube.com/watch?v=0NLJ-OePzJY,Scantraxx,2023-07-15 12:35:24,2023-02-08 15:00:08
Retrospect - Believe In The Music | Hardstyle Video,https://www.youtube.com/watch?v=o5y_THHcRNU,Scantraxx,2023-07-15 12:35:52,2023-02-07 15:00:10
E-Force - Children Of The Dawn (Imperatorz Remix) | Official Hardstyle Video,https://www.youtube.com/watch?v=AWYuTQPeXxI,Scantraxx,2023-07-15 12:36:12,2023-02-02 15:00:07
Bright Visions - Power | Official Hardstyle Music Video,https://www.youtube.com/watch?v=xhiZJL-GIVk,Scantraxx,2023-07-15 13:10:16,2023-03-01 15:00:08
Eternate ft. Angel Cannon - Breaking Free | Official Hardstyle Music Video,https://www.youtube.com/watch?v=uveZYfVjxr8,Scantraxx,2023-07-15 13:30:41,2023-03-08 15:00:09
RAVE IN PARADISE (Official Free Festival 2023 Anthem),https://www.youtube.com/watch?v=UGHaz_f0zRw,Mish - Topic,2023-07-16 21:00:49,2023-05-31 10:00:28
Wanna Find,https://www.youtube.com/watch?v=-tVIjr51mP4,Unproven - Topic,2023-07-16 21:03:37,2023-05-24 10:03:48
Dimitri K - Where Have You Been,https://www.youtube.com/watch?v=4Z_H-HxqRD0,Dimitri K,2023-07-17 20:42:33,2023-07-05 18:00:03
Voidax - Game Of Hate (OUT NOW),https://www.youtube.com/watch?v=UNq9MNyloL4,Roughstate,2023-07-19 08:12:17,2023-07-18 22:00:13
Hypnotised,https://www.youtube.com/watch?v=-I7qfKk2NPU,Tenzin - Topic,2023-07-20 01:59:14,2023-07-16 10:03:57
Riot Shift - STITCH ME UP (Official Video),https://www.youtube.com/watch?v=8fnvEX7IlLE,Aggressive Records,2023-07-20 11:43:15,2023-07-20 08:00:04
Antergy - Taste It | Q-dance presents NEXT,https://www.youtube.com/watch?v=gm1R-wk6CpM,Q-dance Music,2023-07-20 11:59:29,2023-07-17 09:00:32
Solstice - My Heart On You (Official Hardstyle Video),https://www.youtube.com/watch?v=dRCK5QQUfQQ,Dirty Workz,2023-07-20 12:01:47,2023-06-21 17:00:11
Act of Rage - Grown Up (Scarra Remix) (Official Video),https://www.youtube.com/watch?v=kSpFCm0yh1M,Act of Rage,2023-07-20 12:39:58,2023-07-19 16:00:39
Miracle,https://www.youtube.com/watch?v=NI_BM5HG794,Bloodlust - Topic,2023-07-20 15:41:50,2023-07-19 10:02:54
Down To Earth,https://www.youtube.com/watch?v=ucpkLvohH68,Warface - Topic,2023-07-21 12:18:08,2023-07-20 10:04:33
Bass X Machina - God From The Machine | Official Hardstyle Music Video,https://www.youtube.com/watch?v=cn8hGeTimvY,Scantraxx,2023-07-21 14:11:15,2023-07-21 14:00:11
D-Sturb - Disruption (Playground 03 OST),https://www.youtube.com/watch?v=hqIaDSZgJlU,D-Sturb,2023-07-23 17:54:18,2023-06-08 08:00:10
Levenkhan & Juju Rush - U & I | Q-dance presents SPEQTRUM,https://www.youtube.com/watch?v=AkjJ8BH2C2M,Q-dance Music,2023-07-25 11:31:10,2023-07-25 10:00:16
The One (Extended Mix),https://www.youtube.com/watch?v=pqyGdahp6nk,Casaris - Topic,2023-07-25 13:58:35,2023-07-20 10:03:39
Nightfall,https://www.youtube.com/watch?v=iCABNxY6Yc4,Tamerax - Topic,2023-07-26 19:29:33,2023-07-23 10:04:50
Hidden In The Light (A.B & Cyrax Remix),https://www.youtube.com/watch?v=lzZQmSusTUM,Finnbarr - Topic,2023-07-26 19:32:50,2023-07-23 10:02:14
Ran-D & Villain ft. Xception - Never Going Home (OUT NOW),https://www.youtube.com/watch?v=J6ItOqkOMig,Roughstate,2023-07-27 08:12:53,2023-07-26 22:00:16
Audiotricz & Ecstatic - In Our Heads (feat. MERYLL) (Official Video),https://www.youtube.com/watch?v=o-OBZvDPavY,I AM HARDSTYLE,2023-07-28 11:10:09,2023-07-20 12:00:10
Bass Modulators ft. Ava Silver - Conquerors | Official Hardstyle Music Video,https://www.youtube.com/watch?v=AYjmBIzomgg,Scantraxx,2023-07-28 11:12:35,2023-07-07 14:00:10
The Prophet & Dr. Peacock - Killing No More | Official Hardstyle Music Video,https://www.youtube.com/watch?v=WcrqD_Yw668,Scantraxx,2023-07-28 14:06:21,2023-07-28 14:00:07
Sefa - 1527 (Official Video),https://www.youtube.com/watch?v=Y0BocI_eQaw,Q-dance Music,2023-07-28 18:05:48,2023-07-28 16:08:56
Atef feat. Nikolett - You & Me (DJ KS Remix),https://www.youtube.com/watch?v=HSduCdbtCUg,DJ KS,2023-07-30 14:53:09,2023-07-30 11:00:10
